order_id,customer_id,store_id,order_date,status
1,19,5,2023-04-29,canceled
2,359,10,2024-10-04,
3,472,13,2025-07-02,returned
4,401,7,2024-09-09,Shipped
5,65,18,2024-08-04,canceled
6,82,18,2024-06-13,SHIPPED
7,31,9,2025-11-05,complete
8,3,8,2025-12-28,canceled
9,367,5,2025-02-12,CANCELLED
10,399,4,2023-10-28,COMPLETED
11,67,15,2023-06-09,Shipped
12,326,15,2025-09-29,Pending
13,365,17,2025-12-19,Returned
14,287,4,2025-04-16,canceled
15,191,12,2024-09-13,pending
16,25,10,2024-08-03,Returned
17,35,14,2025-09-12,CANCELLED
18,369,5,2023-10-11,returned
19,373,20,2025-04-18,CANCELLED
20,456,9,2023-07-01,canceled
21,287,20,2023-04-19,Returned
22,99674,6,2023-02-08,returned
23,165,2,2025-10-03,SHIPPED
24,271,9,2023-07-06,Pending
25,394,10,2025-04-14,CANCELLED
26,153,11,2023-10-19,Shipped
27,27,20,2024-04-29,Shipped
28,163,14,2023-05-15,cancelled
29,99567,4,2024-05-19,pending
30,43,17,2024-02-21,Pending
31,217,18,2025-07-14,canceled
32,31,16,2024-07-13,Shipped
33,109,17,2024-07-30,COMPLETED
34,63,18,2024-07-26,CANCELLED
35,326,15,2024-07-13,CANCELLED
36,169,5,2023-01-05,
37,285,16,2025-03-15,COMPLETED
38,418,4,2024-12-23,shipped
39,416,1,2023-09-13,returned
40,389,12,2024-01-28,canceled
41,253,2,2024-07-28,PENDING
42,327,9,2025-10-21,Pending
43,34,19,2024-04-11,Cancelled
44,497,18,2024-06-01,completed
45,483,11,2025-06-04,complete
46,186,2,2024-04-04,returned
47,172,19,2023-02-21,SHIPPED
48,101,10,2023-05-09,Returned
49,409,11,2024-05-27,CANCELLED
50,267,3,2025-06-17,complete
51,18,3,2023-09-19,Completed
52,34,2,2023-04-17,complete
53,443,20,2023-01-22,SHIPPED
54,174,1,2025-07-18,complete
55,35,7,2023-09-16,SHIPPED
56,96,2,2023-05-04,shipped
57,398,16,2024-09-24,completed
58,75,17,2023-04-22,PENDING
59,36,16,2025-08-15,CANCELLED
60,84,2,2025-10-12,
61,320,16,2024-11-09,Shipped
62,186,945,2023-03-03,returned
63,392,1,2024-02-12,Cancelled
64,284,7,2023-02-14,complete
65,195,4,2024-11-24,cancelled
66,88,20,2025-06-07,pending
67,98,13,2025-02-05,cancelled
68,301,18,2024-08-25,Completed
69,65,19,2025-09-28,Returned
70,86,17,2025-02-05,CANCELLED
71,248,16,2025-08-28,Completed
72,232,13,2024-03-23,Pending
73,282,3,2024-08-27,Completed
74,219,14,2025-04-17,Cancelled
75,120,3,2025-01-05,COMPLETED
76,51,12,2023-03-20,CANCELLED
77,394,9,2024-01-26,Cancelled
78,422,13,2025-04-10,completed
79,390,13,2024-04-11,Returned
80,283,15,2024-11-28,PENDING
81,214,15,2023-03-03,pending
82,256,12,2024-11-26,Shipped
83,154,1,2023-03-07,CANCELLED
84,468,13,2025-02-19,Shipped
85,292,10,2023-07-10,Pending
86,251,7,2023-05-23,PENDING
87,36,12,2025-11-27,SHIPPED
88,67,16,2023-05-21,PENDING
89,222,16,2023-11-22,PENDING
90,142,5,2025-07-01,cancelled
91,451,15,2023-03-22,returned
92,406,20,2023-12-25,SHIPPED
93,94,4,2025-03-16,Pending
94,150,3,2024-03-20,complete
95,54,11,2025-04-19,Completed
96,356,15,2025-02-19,PENDING
97,99117,5,2024-10-31,returned
98,125,15,2023-10-15,Pending
99,99102,4,2025-12-30,completed
100,184,2,2025-12-26,complete
101,27,2,2025-02-11,shipped
102,9,1,2024-11-21,COMPLETED
103,409,6,2023-12-09,CANCELLED
104,320,18,2025-03-20,PENDING
105,8,11,2023-01-25,COMPLETED
106,320,3,2024-03-23,Returned
107,275,19,2023-12-18,CANCELLED
108,348,5,2024-11-11,CANCELLED
109,35,20,2025-07-08,cancelled
110,7,20,2023-09-12,cancelled
111,192,7,2023-11-07,cancelled
112,485,11,2023-10-02,Completed
113,332,1,2024-04-14,cancelled
114,470,8,2024-03-31,CANCELLED
115,34,3,2024-01-30,PENDING
116,282,7,2024-04-28,returned
117,126,20,2024-05-24,PENDING
118,41,12,2025-03-26,SHIPPED
119,390,16,2023-02-10,COMPLETED
120,305,18,2023-12-26,returned
121,247,5,2025-08-19,completed
122,372,13,2025-05-01,shipped
123,302,2,2023-09-12,PENDING
124,395,12,2025-11-09,shipped
125,475,8,2024-05-11,shipped
126,358,5,2024-06-19,pending
127,488,6,2023-01-26,Shipped
128,462,7,2025-05-16,canceled
129,454,10,2025-04-22,COMPLETED
130,409,5,2024-07-04,Shipped
131,99172,1,2023-07-18,SHIPPED
132,88,6,2023-10-03,complete
133,96,6,2024-01-28,SHIPPED
134,56,6,2023-06-13,Cancelled
135,121,4,2023-01-20,completed
136,22,17,2023-01-15,Cancelled
137,173,11,2025-01-29,CANCELLED
138,341,20,2023-04-28,complete
139,206,5,2023-02-22,Cancelled
140,128,20,2025-08-31,completed
141,417,12,2023-04-04,returned
142,379,3,2024-12-14,Returned
143,464,13,2024-08-24,Completed
144,155,18,2025-08-14,complete
145,125,3,2023-08-05,Pending
146,197,8,2024-06-11,complete
147,325,3,2024-11-12,COMPLETED
148,368,13,2025-06-13,complete
149,175,7,2023-08-26,CANCELLED
150,1,19,2024-01-24,CANCELLED
151,479,17,2024-03-30,
152,418,8,2025-10-20,canceled
153,411,2,2024-10-17,complete
154,294,7,2025-10-10,Completed
155,424,8,2023-04-18,Returned
156,418,6,2023-02-14,Returned
157,201,10,2024-08-01,Shipped
158,406,2,2024-09-14,pending
159,460,7,2024-02-05,
160,348,5,2025-02-10,Pending
161,499,2,2023-08-29,SHIPPED
162,207,4,2024-05-08,Pending
163,355,3,2025-08-07,Cancelled
164,6,3,2023-09-07,cancelled
165,294,4,2024-01-06,SHIPPED
166,167,18,2024-01-14,Shipped
167,416,3,2025-11-28,complete
168,338,6,2024-01-04,CANCELLED
169,106,3,2024-06-09,complete
170,279,1,2024-05-23,canceled
171,296,11,2025-12-06,PENDING
172,23,7,2023-10-18,pending
173,184,20,2025-05-14,Shipped
174,234,9,2025-05-21,PENDING
175,325,7,2025-02-01,Pending
176,404,1,2024-05-21,complete
177,169,12,2024-11-14,cancelled
178,497,4,2023-09-10,canceled
179,49,19,2024-07-31,Completed
180,200,18,2025-04-04,completed
181,337,13,2024-07-01,shipped
182,312,15,2024-01-10,returned
183,220,8,2024-09-17,canceled
184,47,3,2024-05-06,Completed
185,476,1,2025-05-18,pending
186,347,4,2025-04-10,completed
187,384,17,2023-03-28,cancelled
188,69,2,2025-05-15,complete
189,426,4,2024-08-17,PENDING
190,202,10,2025-11-21,returned
191,30,20,2025-07-31,completed
192,206,4,2025-06-01,pending
193,4,9,2024-04-08,shipped
194,416,15,2025-06-18,SHIPPED
195,364,7,2024-08-06,CANCELLED
196,102,9,2023-09-01,pending
197,452,13,2023-09-27,completed
198,7,8,2023-04-17,completed
199,236,14,2024-05-22,Pending
200,443,8,2025-05-28,complete
201,93,19,2023-11-01,Completed
202,75,20,2024-02-13,SHIPPED
203,119,14,2025-09-08,Completed
204,144,14,2024-05-20,Completed
170,109,9,2023-07-26,Returned
206,50,18,2023-09-24,shipped
207,310,9,2024-03-06,complete
208,62,7,2024-01-31,COMPLETED
209,155,7,2025-12-28,PENDING
210,457,18,2024-12-12,complete
211,199,17,2023-02-14,pending
212,32,7,2025-03-25,COMPLETED
213,197,13,2025-03-31,completed
214,357,965,2025-07-21,Cancelled
215,363,4,2023-12-17,canceled
216,453,5,2024-07-07,cancelled
217,60,944,2025-01-25,Cancelled
218,314,2,2023-01-22,Cancelled
219,276,19,2023-08-06,Cancelled
220,283,15,2024-03-27,Shipped
221,372,5,2025-09-08,Pending
222,292,6,2024-07-31,Pending
223,97,3,2025-05-23,Shipped
224,373,1,2023-07-24,completed
225,23,3,2024-07-02,completed
226,99810,11,2023-06-24,returned
227,246,2,2024-07-01,Completed
228,262,14,2099-10-18,cancelled
229,336,13,2023-08-19,cancelled
230,183,11,2023-08-31,COMPLETED
231,92,11,2024-01-07,canceled
232,449,16,2025-01-25,COMPLETED
233,77,5,2024-10-17,Returned
234,219,9,2023-10-24,Pending
235,254,14,2024-11-13,cancelled
236,276,18,2024-04-16,SHIPPED
237,416,3,2024-04-26,completed
238,69,2,2024-12-16,pending
239,437,14,2024-05-11,pending
240,74,1,2025-05-19,COMPLETED
241,81,12,2023-10-17,SHIPPED
242,381,17,2024-09-05,returned
243,147,2,2023-03-07,Pending
244,349,15,2024-06-12,cancelled
245,499,13,2023-09-14,Completed
246,382,20,2023-06-08,CANCELLED
247,195,12,2025-05-18,COMPLETED
248,172,10,2023-11-30,completed
249,283,2,2024-05-07,Completed
250,24,3,2024-09-24,canceled
251,162,12,2023-09-23,SHIPPED
252,258,5,2023-02-18,Completed
253,238,3,2024-04-19,pending
254,494,20,2025-12-07,pending
255,439,2,2025-03-04,COMPLETED
256,255,1,2023-10-20,COMPLETED
257,87,6,2023-05-20,COMPLETED
258,236,16,2024-06-08,pending
259,250,10,2025-04-01,pending
260,320,12,2023-06-20,Cancelled
261,22,2,2024-05-16,pending
262,82,3,2024-04-01,COMPLETED
263,274,15,2023-08-12,Shipped
264,169,11,2025-09-22,complete
265,80,5,2024-03-13,Shipped
266,405,16,2024-03-13,SHIPPED
267,43,9,2025-04-09,returned
268,343,6,2023-04-21,CANCELLED
269,102,14,2025-09-13,Pending
270,468,13,2023-01-21,PENDING
271,316,11,2023-01-30,pending
272,406,14,2024-06-22,
273,65,19,2023-07-19,PENDING
274,86,7,2024-12-13,completed
275,155,17,2023-09-13,returned
276,425,17,2024-11-18,SHIPPED
277,84,13,2024-08-06,SHIPPED
278,481,4,2023-06-29,completed
279,255,20,2023-07-24,Completed
280,109,15,2025-02-19,complete
281,238,13,2023-01-16,canceled
282,158,14,2099-05-09,Completed
283,192,17,2024-10-12,SHIPPED
284,99,13,2023-04-16,pending
285,373,11,2025-11-25,pending
286,402,9,2023-11-22,COMPLETED
287,99788,1,2023-06-11,pending
288,399,8,2024-03-30,cancelled
289,194,2,2024-07-17,completed
290,53,20,2023-09-09,Pending
291,186,7,2025-03-11,SHIPPED
292,40,14,2025-02-07,returned
293,6,19,2023-03-06,shipped
294,280,966,2024-06-05,completed
295,390,12,2023-08-24,pending
296,482,9,2025-09-13,canceled
297,224,13,2024-01-31,Cancelled
298,407,10,2023-12-06,Returned
299,306,11,2023-08-09,shipped
300,33,2,2025-11-13,shipped
301,415,6,2025-01-02,shipped
302,63,988,2023-01-23,CANCELLED
303,198,7,2025-12-15,COMPLETED
304,350,11,2024-10-17,Returned
305,216,15,2023-12-17,cancelled
306,330,19,2023-01-10,Shipped
307,271,1,2023-05-23,SHIPPED
308,386,3,2024-10-03,canceled
309,435,4,2025-02-04,cancelled
310,99107,14,2024-04-08,shipped
311,3,2,2024-06-15,Completed
312,169,13,2024-07-06,returned
313,76,14,2025-07-04,cancelled
314,500,16,2024-04-07,COMPLETED
315,125,7,2023-06-09,PENDING
316,420,16,2023-08-03,CANCELLED
317,233,17,2023-08-05,shipped
318,318,13,2024-01-20,canceled
319,53,4,2023-08-14,Pending
320,272,9,2023-08-31,SHIPPED
321,221,2,2025-06-22,Shipped
322,151,6,2024-07-19,SHIPPED
323,128,8,2023-08-24,Cancelled
324,142,20,2025-04-08,Cancelled
325,105,10,2024-08-12,Returned
326,353,11,2023-05-23,returned
327,99485,1,2023-12-30,Pending
328,305,16,2023-01-03,complete
329,99696,8,2025-12-11,complete
330,172,12,2024-06-11,returned
331,364,17,2025-09-18,completed
332,113,5,2025-01-01,SHIPPED
333,100,13,2023-08-10,returned
334,90,12,2024-11-09,Cancelled
335,267,20,2023-09-09,shipped
336,256,5,2025-08-13,canceled
337,156,3,2024-08-26,canceled
338,251,14,2024-12-22,
339,146,17,2023-11-14,pending
340,300,10,2024-03-24,cancelled
341,217,4,2024-06-19,Pending
342,166,5,2024-02-13,PENDING
343,291,15,2024-01-11,SHIPPED
344,356,12,2025-08-17,SHIPPED
345,14,14,2023-07-01,canceled
346,192,18,2024-08-23,pending
347,99826,17,2025-07-31,Cancelled
348,171,10,2025-09-13,complete
349,379,7,2025-11-23,Returned
350,328,10,2024-09-28,Returned
351,35,977,2023-09-05,complete
352,228,4,2024-09-06,cancelled
353,421,15,2023-09-10,Pending
354,124,18,2024-02-15,complete
355,335,13,2023-08-08,pending
356,289,19,2024-09-12,returned
357,493,15,2024-07-21,PENDING
358,200,6,2023-11-07,CANCELLED
359,72,10,2025-03-17,Returned
360,338,17,2025-12-12,shipped
361,35,6,2024-04-19,Returned
362,396,8,2023-08-04,Shipped
363,33,9,2023-08-23,returned
364,431,6,2024-10-19,pending
365,103,16,2025-06-15,Pending
366,405,19,2023-02-19,PENDING
367,3,14,2023-05-28,Returned
368,424,12,2024-12-31,pending
369,321,3,2023-06-10,complete
370,308,1,2024-04-03,Cancelled
371,447,10,2023-06-03,canceled
372,358,19,2025-08-22,completed
373,103,2,2023-10-13,CANCELLED
374,450,16,2023-05-30,Completed
375,214,20,2023-06-15,pending
376,19,8,2024-12-18,cancelled
377,397,7,2025-12-30,completed
378,393,5,2025-05-30,complete
379,463,7,2024-12-03,cancelled
380,99422,18,2023-04-04,
381,40,15,2024-01-05,cancelled
382,204,4,2023-06-07,PENDING
383,183,8,2025-06-27,canceled
384,458,18,2025-10-28,SHIPPED
385,144,5,2025-12-02,PENDING
386,404,8,2025-06-20,complete
387,139,13,2024-09-07,Cancelled
388,10,13,2025-06-28,Pending
389,339,18,2024-12-13,CANCELLED
390,415,7,2023-02-26,SHIPPED
391,476,2,2023-08-12,canceled
392,238,19,2025-11-28,returned
393,68,9,2024-07-15,canceled
394,316,9,2024-05-28,completed
395,165,6,2025-06-27,returned
396,327,7,2025-04-16,Cancelled
397,489,6,2024-06-12,Returned
398,76,2,2024-04-21,returned
399,368,9,2024-06-11,shipped
400,121,3,2025-11-04,cancelled
401,425,14,2023-05-27,pending
402,185,14,2025-02-06,completed
403,477,19,2023-02-22,CANCELLED
404,261,12,2024-03-16,pending
405,41,8,2025-10-28,SHIPPED
406,450,2,2025-08-25,CANCELLED
407,151,11,2024-05-12,cancelled
408,60,15,2025-04-19,COMPLETED
409,310,14,2024-04-15,pending
410,466,19,2023-10-10,CANCELLED
411,216,5,2025-10-09,Pending
412,99123,18,2025-08-20,Completed
413,86,5,2025-11-20,SHIPPED
414,286,10,2023-09-01,CANCELLED
415,370,12,2025-07-08,SHIPPED
416,69,19,2025-11-09,shipped
417,165,17,2024-07-26,canceled
418,266,19,2025-11-06,CANCELLED
419,489,7,2025-05-31,CANCELLED
420,61,16,2025-06-17,Cancelled
421,474,9,2023-10-16,Pending
422,492,18,2024-02-04,completed
423,486,15,2025-12-02,complete
424,62,14,2025-10-07,Cancelled
425,182,8,2023-06-02,Cancelled
426,345,11,2023-03-20,CANCELLED
427,429,2,2023-01-17,cancelled
428,78,6,2025-10-14,COMPLETED
429,384,14,2023-05-18,Pending
430,315,19,2024-04-25,Pending
431,449,16,2025-09-30,shipped
432,113,10,2025-05-09,SHIPPED
433,164,12,2025-03-26,Returned
434,308,8,2023-03-01,SHIPPED
435,134,14,2025-03-12,Cancelled
436,373,2,2024-09-23,Pending
437,57,20,2024-11-06,completed
438,361,12,2023-05-10,shipped
439,430,8,2024-08-17,CANCELLED
440,128,2,2023-02-11,Shipped
441,145,8,2024-05-21,Shipped
442,380,3,2023-06-06,SHIPPED
443,278,5,2023-07-15,PENDING
444,402,17,2023-02-17,complete
445,242,14,2023-07-10,Cancelled
446,274,13,2023-02-05,shipped
447,232,1,2025-03-24,Returned
448,171,3,2023-07-15,Returned
449,207,16,2025-12-07,cancelled
450,211,11,2023-11-05,SHIPPED
451,108,16,2025-10-20,CANCELLED
452,285,3,2023-08-04,pending
453,384,7,2025-06-15,SHIPPED
454,269,18,2025-05-06,SHIPPED
455,451,17,2024-10-22,Pending
456,105,12,2025-11-29,PENDING
457,369,5,2023-12-03,completed
458,241,1,2024-09-30,complete
459,32,20,2023-11-17,cancelled
460,99197,14,2024-09-18,Cancelled
461,104,5,2023-07-30,Cancelled
462,268,13,2024-11-07,Cancelled
463,316,16,2024-03-04,PENDING
464,76,16,2023-01-01,Completed
465,218,11,2024-09-11,Shipped
466,243,17,2024-10-11,PENDING
467,427,5,2025-06-14,Cancelled
468,223,6,2023-02-21,shipped
469,287,7,2025-02-22,completed
470,100,939,2024-11-03,Cancelled
471,99279,9,2025-09-07,Cancelled
472,293,16,2025-07-19,complete
473,458,6,2023-09-27,complete
474,32,18,2024-07-22,completed
475,461,6,2025-01-20,Shipped
476,32,17,2023-10-30,returned
477,353,6,2023-01-07,complete
478,357,15,2023-06-30,COMPLETED
479,495,6,2023-01-22,COMPLETED
480,158,7,2023-09-29,canceled
481,162,7,2024-07-12,canceled
482,48,19,2025-01-14,returned
483,88,19,2025-02-28,SHIPPED
484,408,11,2025-10-28,Cancelled
485,133,9,2023-03-06,Pending
486,166,13,2023-03-11,shipped
487,99431,11,2023-07-25,Pending
488,12,20,2025-07-23,Shipped
489,371,11,2025-09-15,cancelled
490,260,14,2024-07-05,completed
491,154,17,2024-02-11,pending
492,492,3,2024-09-25,shipped
493,1,7,2023-12-19,cancelled
494,371,18,2099-02-05,complete
495,358,16,2025-02-09,complete
496,479,11,2024-08-02,SHIPPED
497,178,19,2023-02-25,cancelled
498,422,976,2025-03-26,pending
499,155,11,2025-02-25,canceled
500,247,14,2024-01-03,complete
501,352,13,2023-01-26,Shipped
502,99669,13,2025-05-15,Cancelled
503,414,15,2025-10-25,CANCELLED
504,58,14,2025-12-24,COMPLETED
505,479,9,2024-02-09,returned
506,21,16,2025-07-31,shipped
507,152,1,2024-07-01,completed
508,19,12,2023-03-16,Pending
509,373,16,2025-06-01,returned
510,423,17,2025-07-27,Completed
511,327,4,2025-02-21,CANCELLED
512,217,6,2024-06-10,COMPLETED
513,60,19,2024-06-18,cancelled
514,294,14,2024-07-16,Cancelled
515,205,10,2024-07-12,SHIPPED
516,237,11,2023-07-18,
517,148,20,2025-08-01,CANCELLED
518,286,11,2024-10-16,returned
519,273,13,2024-06-07,COMPLETED
520,177,17,2025-01-26,returned
521,320,20,2024-12-21,completed
522,381,8,2025-02-07,complete
523,57,6,2023-11-22,Shipped
524,112,20,2024-07-25,complete
525,325,11,2025-10-25,Shipped
526,423,6,2023-12-30,
527,336,4,2025-02-24,SHIPPED
528,317,20,2025-10-27,SHIPPED
529,128,16,2023-07-06,Shipped
530,436,15,2025-01-25,Returned
531,166,3,2023-03-05,cancelled
532,124,15,2025-10-21,CANCELLED
533,126,3,2023-01-15,SHIPPED
534,442,14,2024-06-16,completed
535,31,13,2023-03-23,returned
536,75,19,2023-08-17,CANCELLED
537,248,4,2024-11-06,Returned
538,176,15,2024-11-08,Cancelled
539,76,1,2024-03-28,canceled
540,291,16,2025-06-19,pending
541,197,8,2023-02-27,pending
542,370,17,2025-04-11,shipped
543,257,12,2025-02-13,Pending
544,248,1,2023-05-13,cancelled
545,374,7,2024-12-31,completed
546,401,8,2024-02-19,complete
547,139,18,2023-06-12,cancelled
548,94,8,2024-04-12,Completed
549,143,7,2023-05-11,canceled
550,300,16,2025-08-08,Completed
551,101,15,2023-06-20,PENDING
552,5,4,2025-06-25,returned
553,209,16,2023-12-28,canceled
554,445,11,2024-07-17,returned
555,94,11,2025-11-09,COMPLETED
556,49,15,2024-12-02,Pending
557,119,17,2024-09-17,complete
558,108,5,2024-10-25,Pending
559,81,17,2025-08-28,Cancelled
560,479,10,2025-01-29,shipped
561,158,13,2025-05-04,Completed
562,413,15,2024-07-15,PENDING
563,427,11,2025-05-25,PENDING
564,226,4,2023-06-02,Returned
565,488,2,2025-03-09,Returned
566,301,4,2023-04-25,shipped
567,242,3,2024-10-26,pending
568,294,3,2025-06-16,Cancelled
569,354,3,2024-10-04,returned
570,165,15,2025-01-11,Cancelled
571,12,14,2025-05-25,Completed
572,263,19,2025-06-14,CANCELLED
573,295,3,2023-06-04,complete
574,434,19,2025-08-17,COMPLETED
575,142,5,2024-11-07,CANCELLED
576,379,14,2023-02-13,Shipped
577,219,8,2024-10-30,PENDING
578,182,19,2023-11-09,canceled
579,309,2,2023-09-18,CANCELLED
580,337,10,2023-12-01,PENDING
581,450,15,2023-09-10,returned
582,107,15,2025-06-17,Shipped
583,497,19,2025-11-23,complete
584,184,11,2025-04-30,shipped
585,484,1,2025-02-17,complete
586,429,10,2024-04-14,Shipped
587,99987,11,2023-04-03,completed
588,356,2,2023-05-06,canceled
589,81,6,2025-11-28,Pending
590,403,16,2024-02-22,Cancelled
591,14,16,2023-03-12,SHIPPED
592,307,6,2023-11-20,cancelled
593,58,15,2025-04-30,pending
594,1,16,2024-06-10,shipped
595,50,19,2024-02-06,pending
596,49,10,2023-08-04,canceled
597,343,17,2024-06-30,SHIPPED
598,378,2,2025-02-27,Pending
599,428,6,2025-03-23,Returned
600,446,19,2025-04-10,Cancelled
601,144,17,2024-11-21,Cancelled
602,396,4,2024-12-02,shipped
603,279,8,2025-07-25,canceled
604,232,3,2025-10-30,PENDING
605,398,12,2025-12-12,Completed
606,118,17,2023-12-08,Pending
607,116,5,2025-05-18,Shipped
608,498,16,2025-08-16,canceled
259,343,20,2023-05-17,pending
610,498,8,2025-03-12,Shipped
611,180,9,2023-10-15,pending
612,142,1,2023-08-29,Returned
613,421,20,2025-07-19,CANCELLED
614,21,9,2023-08-20,Pending
615,407,10,2024-04-05,shipped
616,254,14,2025-05-13,Cancelled
617,464,17,2024-11-04,shipped
618,413,19,2025-10-10,Cancelled
619,363,20,2025-02-08,Shipped
620,430,4,2023-07-14,shipped
621,310,13,2023-03-23,returned
622,482,14,2023-02-22,CANCELLED
623,411,15,2024-06-03,shipped
624,229,11,2025-07-27,Pending
625,281,13,2024-12-14,Returned
626,316,8,2024-10-10,COMPLETED
627,255,13,2024-02-19,shipped
628,186,6,2024-10-23,canceled
629,287,18,2023-12-31,PENDING
630,469,13,2024-06-23,shipped
631,54,10,2023-06-18,Completed
632,141,8,2024-03-24,PENDING
633,494,20,2025-09-16,PENDING
634,298,19,2025-03-03,shipped
635,190,8,2024-10-17,pending
636,360,18,2023-09-21,Returned
637,424,12,2024-04-03,Completed
638,303,6,2023-02-15,Completed
639,362,12,2023-05-14,Cancelled
640,366,14,2023-10-01,returned
641,156,19,2025-11-06,CANCELLED
642,28,12,2023-09-03,COMPLETED
643,376,20,2024-01-03,Returned
644,49,19,2025-03-04,Returned
645,50,6,2025-05-31,Pending
646,180,3,2024-11-26,Cancelled
647,286,12,2023-07-15,completed
648,15,19,2025-02-06,PENDING
649,275,12,2023-07-18,shipped
650,362,6,2025-11-05,completed
651,455,4,2024-09-30,Pending
652,52,20,2023-11-14,returned
653,200,4,2023-05-15,cancelled
654,407,12,2023-05-01,complete
655,336,17,2025-12-25,PENDING
656,391,14,2025-04-07,completed
657,248,10,2025-10-16,Completed
658,485,19,2023-12-22,completed
659,97,18,2023-04-18,SHIPPED
660,92,2,2024-03-15,cancelled
661,105,19,2023-02-01,complete
662,99246,11,2023-12-29,shipped
663,80,8,2024-06-12,canceled
664,378,14,2023-01-21,Cancelled
665,399,20,2023-01-22,returned
666,37,4,2023-11-22,Pending
667,379,13,2024-08-06,Cancelled
668,422,7,2023-06-27,pending
669,246,8,2023-03-19,COMPLETED
670,225,15,2023-03-26,PENDING
671,23,5,2024-11-30,Pending
672,330,13,2023-11-10,cancelled
673,337,1,2025-06-21,canceled
674,494,4,2023-05-14,Pending
675,20,4,2024-04-23,
676,291,8,2023-03-14,Returned
677,145,13,2025-07-09,Returned
678,326,5,2025-07-19,pending
679,494,9,2023-11-25,canceled
680,364,8,2025-04-03,PENDING
681,214,15,2025-06-28,CANCELLED
682,371,8,2024-03-20,shipped
683,392,12,2024-09-20,complete
684,464,20,2025-04-24,Pending
685,222,15,2023-02-18,Pending
686,289,13,2024-02-10,cancelled
687,477,20,2025-12-22,complete
688,5,2,2024-11-09,shipped
689,110,3,2025-01-13,returned
690,149,18,2023-11-24,SHIPPED
691,210,18,2025-08-19,cancelled
692,76,4,2023-03-22,Shipped
693,301,12,2025-06-22,completed
694,291,11,2023-06-24,pending
695,470,7,2024-10-18,COMPLETED
696,254,19,2025-05-05,Cancelled
697,267,1,2025-09-29,cancelled
698,222,9,2025-07-27,Completed
699,320,19,2023-02-09,Returned
700,345,13,2024-11-18,SHIPPED
701,483,9,2024-01-31,returned
702,335,17,2023-08-21,complete
703,34,8,2023-06-28,
704,446,3,2023-11-16,returned
705,341,4,2023-04-26,COMPLETED
706,47,987,2024-04-22,Shipped
707,244,16,2024-01-17,Completed
708,41,7,2024-06-23,PENDING
709,39,11,2024-04-11,canceled
710,147,9,2024-12-07,Cancelled
711,32,12,2023-05-04,COMPLETED
712,229,3,2024-10-14,shipped
713,492,9,2024-10-15,Returned
714,251,7,2024-04-12,shipped
715,167,13,2025-08-07,pending
716,199,5,2024-10-10,pending
717,99810,6,2023-11-06,complete
718,139,1,2025-10-15,Cancelled
719,371,14,2023-11-24,shipped
720,166,20,2024-08-15,Returned
721,7,6,2024-11-24,SHIPPED
722,272,12,2023-09-20,COMPLETED
723,127,11,2024-04-23,Returned
724,296,7,2023-09-18,cancelled
725,417,16,2025-08-20,complete
726,165,16,2025-08-05,Cancelled
727,99,9,2023-10-21,Returned
728,168,20,2025-09-15,CANCELLED
729,453,7,2023-09-04,PENDING
730,128,14,2023-01-23,canceled
731,391,12,2025-08-10,returned
732,305,11,2023-08-09,PENDING
733,84,11,2023-02-04,Returned
734,369,1,2025-06-08,CANCELLED
735,330,19,2023-03-22,pending
736,72,17,2023-12-01,shipped
737,212,3,2025-10-05,SHIPPED
738,80,3,2024-02-29,Cancelled
739,350,2,2024-04-06,cancelled
740,71,11,2025-03-04,completed
741,13,14,2023-05-20,PENDING
742,179,19,2025-01-23,Shipped
743,469,20,2024-07-30,Shipped
744,312,7,2024-10-31,canceled
745,496,17,2025-04-10,Shipped
746,448,19,2024-09-03,canceled
747,321,9,2024-03-20,PENDING
748,106,13,2024-11-01,Pending
749,306,8,2023-06-09,completed
750,485,1,2024-09-13,Pending
751,331,14,2025-02-02,completed
752,62,9,2025-07-24,PENDING
753,488,1,2025-09-02,cancelled
754,356,9,2023-02-16,pending
755,194,16,2025-06-04,completed
756,33,9,2024-07-30,Cancelled
757,447,15,2023-01-04,SHIPPED
758,406,2,2024-08-09,returned
759,192,12,2023-10-26,SHIPPED
760,240,10,2023-10-30,Returned
761,493,20,2024-06-02,shipped
762,277,6,2023-03-29,pending
763,426,19,2023-10-13,Shipped
764,58,18,2023-03-27,Cancelled
765,85,11,2025-09-28,shipped
766,337,8,2024-12-20,complete
767,80,7,2023-01-02,complete
768,356,8,2025-04-11,complete
769,9,4,2024-02-29,COMPLETED
770,61,12,2025-04-05,CANCELLED
771,220,16,2023-03-27,Returned
772,359,13,2023-07-20,shipped
773,14,16,2023-06-27,COMPLETED
774,324,15,2025-02-16,Returned
775,398,15,2024-03-19,pending
776,15,15,2023-05-22,Shipped
777,371,19,2023-08-29,returned
778,149,14,2023-08-13,COMPLETED
779,3,6,2025-02-10,CANCELLED
780,253,15,2023-08-26,completed
781,358,17,2025-01-24,Returned
782,360,3,2023-06-28,shipped
783,125,5,2023-09-05,Pending
784,280,9,2025-09-05,Pending
785,21,5,2024-09-07,completed
786,7,9,2025-12-22,pending
787,246,7,2025-08-30,Pending
788,278,3,2023-10-27,pending
789,263,3,2023-12-04,shipped
790,209,14,2023-03-29,completed
791,192,20,2024-04-05,SHIPPED
792,81,17,2024-08-12,completed
793,361,5,2023-03-23,returned
794,175,18,2024-10-31,Returned
795,447,19,2023-10-09,Returned
796,316,9,2024-07-03,cancelled
797,465,7,2024-12-14,CANCELLED
798,136,7,2023-10-13,PENDING
799,278,7,2025-08-05,canceled
800,405,11,2024-01-10,shipped
801,139,15,2024-11-30,Cancelled
802,282,1,2023-05-17,Returned
803,299,17,2025-05-11,SHIPPED
804,56,13,2024-10-03,shipped
805,22,9,2023-08-09,complete
806,105,19,2023-05-03,Cancelled
807,113,19,2024-06-30,cancelled
808,163,6,2025-02-23,Pending
809,499,16,2023-09-13,cancelled
810,457,8,2024-07-26,canceled
811,435,7,2024-04-20,returned
812,197,13,2023-02-17,Returned
813,176,16,2025-11-05,PENDING
814,308,13,2023-12-11,CANCELLED
815,367,8,2025-02-16,completed
816,331,15,2023-02-14,Shipped
817,229,3,2025-06-14,shipped
818,81,19,2025-11-25,Completed
819,390,6,2023-07-09,Cancelled
820,232,5,2025-06-11,cancelled
821,35,3,2023-04-17,Pending
822,217,8,2023-02-05,COMPLETED
823,419,18,2023-09-12,shipped
824,478,1,2024-10-28,completed
825,202,2,2025-08-18,shipped
826,126,4,2024-05-23,Completed
827,1,17,2025-09-30,Shipped
828,332,12,2025-04-09,SHIPPED
829,65,7,2023-05-31,canceled
830,196,12,2023-02-18,completed
831,385,19,2023-10-14,cancelled
832,463,16,2025-03-28,PENDING
833,27,5,2023-07-27,returned
834,447,20,2024-08-25,Returned
835,434,12,2024-11-09,Pending
836,382,9,2023-05-03,shipped
837,409,12,2024-10-30,complete
838,222,2,2025-11-02,Shipped
839,375,9,2023-10-22,COMPLETED
840,113,10,2023-01-25,PENDING
841,78,19,2024-06-06,COMPLETED
842,373,3,2024-03-24,Returned
843,416,20,2025-02-01,Cancelled
844,462,11,2024-10-30,Cancelled
845,126,1,2025-06-07,canceled
846,208,19,2024-09-07,pending
847,113,8,2025-08-08,shipped
848,291,3,2024-05-11,COMPLETED
849,30,14,2023-11-12,CANCELLED
850,121,16,2025-03-22,cancelled
851,85,20,2024-10-31,complete
852,5,14,2025-10-05,pending
853,99181,10,2025-01-21,shipped
854,85,11,2023-07-24,Completed
855,99,13,2025-10-01,COMPLETED
856,34,9,2023-11-19,complete
857,146,11,2023-11-30,shipped
858,335,13,2025-05-06,canceled
859,237,5,2023-03-17,complete
860,65,3,2024-08-01,cancelled
861,63,18,2024-09-11,Returned
862,201,3,2023-04-11,Cancelled
863,238,13,2024-10-24,SHIPPED
864,385,6,2023-01-16,Cancelled
865,172,5,2024-05-06,Cancelled
866,214,1,2025-01-08,shipped
867,396,17,2024-02-18,Cancelled
868,303,20,2024-02-07,Completed
869,281,15,2023-04-02,
870,33,14,2025-08-07,cancelled
871,115,10,2023-03-21,Cancelled
872,99234,15,2024-05-04,COMPLETED
873,417,14,2023-02-03,canceled
874,255,7,2025-12-29,complete
875,200,11,2023-12-29,SHIPPED
876,485,4,2023-09-23,Pending
877,213,14,2024-02-22,canceled
878,281,3,2023-11-15,completed
879,395,9,2024-01-02,complete
880,274,4,2025-09-12,COMPLETED
881,91,7,2024-05-27,COMPLETED
882,176,18,2024-02-02,shipped
883,406,4,2025-11-15,Pending
884,397,3,2024-04-09,Returned
885,165,7,2023-03-27,shipped
886,191,14,2023-01-16,COMPLETED
887,267,4,2023-10-06,CANCELLED
888,403,11,2024-05-18,canceled
889,481,5,2024-06-12,Cancelled
890,39,12,2023-06-03,SHIPPED
891,168,3,2023-10-09,complete
892,136,11,2023-09-11,COMPLETED
893,431,18,2023-06-13,canceled
894,52,2,2024-09-30,CANCELLED
895,36,19,2023-01-09,Returned
896,55,19,2024-05-22,complete
897,99223,5,2023-12-13,cancelled
898,99535,19,2024-01-20,SHIPPED
899,99,10,2024-12-06,SHIPPED
900,128,4,2025-05-10,completed
901,98,5,2024-01-13,cancelled
902,128,3,2025-03-19,complete
903,368,1,2025-04-26,pending
904,64,11,2025-04-21,Cancelled
905,326,13,2024-12-24,cancelled
906,224,1,2025-06-06,Completed
907,105,10,2023-10-16,completed
908,34,12,2024-09-12,Cancelled
909,139,8,2025-06-16,
910,113,18,2025-11-09,Cancelled
911,354,17,2024-09-27,complete
912,415,18,2025-12-21,completed
913,99786,18,2025-05-09,
914,157,14,2024-05-29,PENDING
915,492,19,2024-12-31,PENDING
916,440,16,2024-05-08,SHIPPED
917,99078,5,2024-04-18,returned
918,38,18,2025-06-22,PENDING
919,132,19,2025-04-17,returned
920,473,4,2023-07-11,cancelled
921,278,1,2025-09-29,SHIPPED
922,258,19,2099-07-22,shipped
923,85,4,2023-02-13,Pending
924,92,7,2024-02-09,returned
925,61,7,2025-01-20,canceled
926,353,6,2025-08-28,Completed
927,458,3,2023-11-19,complete
928,86,17,2025-12-23,CANCELLED
929,305,19,2024-03-17,returned
930,110,1,2024-02-06,returned
931,60,5,2023-04-21,complete
932,333,5,2023-04-19,cancelled
933,26,20,2023-06-01,CANCELLED
934,134,5,2024-01-01,PENDING
935,358,17,2023-10-30,COMPLETED
936,85,11,2023-03-03,
937,13,1,2023-06-21,COMPLETED
938,488,15,2025-01-30,completed
939,161,4,2025-10-29,Cancelled
940,76,19,2025-09-03,COMPLETED
941,148,2,2024-10-05,SHIPPED
942,26,933,2024-05-18,COMPLETED
943,272,13,2023-09-09,Cancelled
944,190,12,2024-09-27,Shipped
945,21,2,2025-04-12,returned
946,9,17,2024-01-14,Completed
947,130,4,2025-12-19,Cancelled
948,281,16,2024-05-24,PENDING
949,138,3,2023-10-17,canceled
950,331,10,2025-04-14,SHIPPED
951,370,17,2025-06-01,Cancelled
952,421,13,2023-11-17,canceled
953,207,12,2024-11-27,PENDING
954,12,16,2025-02-11,canceled
955,272,1,2024-04-07,Pending
956,372,15,2023-05-07,canceled
957,437,7,2024-03-18,shipped
958,301,4,2025-03-19,complete
959,233,4,2023-04-09,COMPLETED
960,111,11,2024-04-07,Completed
961,471,17,2025-10-14,Shipped
962,440,18,2025-12-10,
963,416,4,2024-11-16,pending
964,7,13,2024-11-14,Cancelled
965,306,14,2023-01-07,Shipped
966,69,3,2024-09-29,canceled
967,119,16,2024-12-03,SHIPPED
968,81,20,2025-11-01,Cancelled
969,48,2,2024-08-25,Completed
970,399,8,2025-10-05,Completed
971,383,1,2023-03-28,Completed
972,200,20,2023-07-01,Shipped
973,165,7,2023-07-24,Cancelled
974,419,18,2024-01-11,Returned
975,463,7,2025-12-10,Completed
976,284,967,2025-07-05,cancelled
977,282,17,2023-10-07,shipped
978,53,15,2023-02-06,shipped
979,34,10,2024-01-08,returned
980,85,20,2025-05-11,Shipped
981,426,20,2025-07-23,pending
982,197,19,2024-05-23,canceled
983,159,7,2023-12-25,cancelled
984,497,19,2023-04-23,Returned
985,235,1,2025-06-24,cancelled
986,344,12,2024-05-14,completed
987,424,944,2025-04-14,pending
988,223,18,2023-10-29,pending
989,402,19,2025-02-13,PENDING
990,219,5,2024-01-25,CANCELLED
991,129,9,2025-03-27,canceled
992,461,1,2023-12-03,completed
993,308,13,2023-05-09,Shipped
994,343,20,2024-11-16,completed
995,271,9,2023-06-14,CANCELLED
996,91,17,2024-02-06,SHIPPED
997,189,9,2024-07-07,returned
998,30,15,2023-10-14,SHIPPED
999,177,3,2025-10-04,Shipped
1000,290,20,2023-05-17,Shipped
1001,135,7,2024-02-11,pending
1002,367,7,2024-12-07,returned
1003,6,6,2023-07-28,Shipped
1004,122,11,2023-09-29,shipped
1005,230,18,2024-08-30,Pending
1006,73,10,2025-11-11,SHIPPED
1007,122,9,2023-07-28,pending
1008,256,6,2024-01-18,COMPLETED
1009,302,6,2023-07-29,SHIPPED
1010,377,20,2025-06-15,cancelled
1011,449,17,2023-12-29,SHIPPED
1012,385,1,2025-10-06,SHIPPED
1013,61,2,2025-04-04,Shipped
1014,441,12,2023-01-05,Pending
1015,168,3,2025-03-16,completed
1016,230,9,2025-04-09,Pending
1017,168,15,2023-03-22,Cancelled
1018,278,18,2023-02-03,Completed
1019,488,8,2025-06-06,Cancelled
1020,67,20,2024-11-22,COMPLETED
1021,232,17,2025-07-26,Completed
1022,183,8,2025-04-02,Pending
1023,141,3,2023-05-11,returned
1024,197,20,2025-06-12,pending
1025,265,16,2023-03-20,completed
1026,321,12,2023-04-17,shipped
1027,373,15,2023-03-20,Cancelled
1028,383,12,2024-07-03,Shipped
1029,72,20,2024-08-25,pending
1030,434,13,2024-03-31,complete
1031,41,11,2024-01-18,Returned
1032,200,19,2023-12-18,cancelled
1033,352,8,2025-10-30,shipped
1034,251,13,2024-10-26,Returned
1035,134,7,2024-09-19,COMPLETED
1036,247,6,2023-04-07,CANCELLED
1037,20,12,2024-03-06,canceled
1038,168,7,2023-12-22,SHIPPED
1039,269,14,2025-07-05,Cancelled
1040,443,4,2024-08-03,Completed
1041,197,4,2025-12-08,pending
1042,99369,17,2025-12-14,Shipped
1043,170,14,2025-05-02,SHIPPED
1044,227,6,2023-10-11,CANCELLED
1045,144,11,2025-05-14,CANCELLED
1046,148,5,2024-09-15,COMPLETED
1047,171,1,2023-03-22,shipped
1048,450,8,2023-09-26,complete
1049,36,11,2024-11-27,SHIPPED
1050,52,10,2025-11-30,Returned
1051,354,8,2025-05-16,returned
1052,212,1,2023-09-23,Pending
1053,487,17,2024-03-23,complete
1054,33,20,2023-10-21,canceled
1055,379,911,2025-11-30,Pending
1056,177,6,2025-08-23,returned
1057,180,11,2024-06-17,Cancelled
1058,442,2,2024-10-28,returned
1059,124,13,2023-04-19,returned
1060,90,7,2024-02-11,PENDING
1061,495,1,2024-10-29,PENDING
1062,490,14,2024-10-31,canceled
1063,122,11,2025-01-14,PENDING
1064,137,16,2025-08-06,cancelled
1065,127,19,2024-11-12,Returned
1066,93,20,2099-06-17,returned
1067,127,20,2025-08-17,complete
1068,419,19,2025-11-28,complete
1069,374,2,2024-01-21,Cancelled
1070,416,15,2025-11-28,returned
1071,379,12,2025-11-19,Shipped
1072,473,2,2024-02-18,cancelled
1073,418,19,2024-10-18,Pending
1074,293,3,2023-02-16,Pending
1075,301,1,2023-07-09,PENDING
1076,467,953,2025-08-20,Returned
1077,75,5,2023-11-07,returned
1078,72,20,2023-07-02,complete
1079,62,2,2025-07-03,returned
1080,319,7,2023-03-17,Shipped
1081,339,10,2025-12-02,canceled
1082,12,13,2025-12-10,completed
1083,69,10,2025-02-08,PENDING
1084,496,13,2023-05-16,completed
1085,335,12,2023-09-20,completed
1086,233,9,2024-01-26,CANCELLED
1087,391,7,2023-02-25,pending
1088,477,4,2025-01-11,Returned
1089,318,3,2025-06-02,SHIPPED
1090,145,4,2024-12-02,Pending
1091,329,989,2024-08-07,completed
1092,208,19,2025-07-13,canceled
1093,303,12,2025-01-31,cancelled
1094,71,9,2025-08-03,Completed
1095,264,7,2023-02-24,SHIPPED
1096,205,3,2025-09-28,completed
1097,344,4,2023-10-31,complete
1098,238,17,2023-03-28,Completed
1099,41,10,2025-01-09,Returned
1100,90,7,2023-02-20,shipped
1101,182,14,2024-06-03,completed
1102,412,7,2025-04-04,returned
1103,456,5,2023-06-11,cancelled
1104,244,2,2024-06-28,canceled
1105,13,4,2023-04-14,returned
1106,11,9,2024-04-28,COMPLETED
1107,359,9,2023-01-07,COMPLETED
1108,131,17,2023-03-19,Returned
1109,311,16,2024-04-03,returned
1110,196,10,2023-07-29,complete
1111,488,16,2024-06-29,CANCELLED
1112,353,19,2024-08-15,returned
1113,422,6,2025-06-01,pending
1114,264,18,2023-12-18,Pending
1115,323,9,2023-07-14,COMPLETED
1116,385,17,2025-10-30,returned
1117,43,1,2025-10-28,completed
1118,497,13,2024-06-16,complete
1119,183,8,2025-06-20,completed
1120,14,2,2025-05-07,COMPLETED
1121,97,3,2024-09-05,COMPLETED
1122,256,19,2024-07-07,SHIPPED
1123,238,13,2025-09-04,Completed
1124,61,3,2025-05-17,Returned
1125,91,18,2024-04-04,complete
1126,409,13,2024-01-08,SHIPPED
1127,313,18,2024-05-24,SHIPPED
1128,160,15,2023-01-24,Shipped
1129,183,8,2025-04-12,completed
1130,405,9,2025-12-30,cancelled
1131,71,13,2025-09-09,returned
1132,12,3,2023-07-02,complete
1133,372,20,2023-12-01,SHIPPED
1134,369,1,2024-11-30,Cancelled
1135,206,1,2023-12-06,canceled
1136,316,11,2023-03-06,Cancelled
1137,206,16,2025-09-18,COMPLETED
1138,133,19,2023-03-27,completed
1139,283,9,2023-06-13,complete
1140,319,13,2025-02-10,cancelled
1141,357,15,2024-09-30,canceled
1142,168,9,2024-10-04,complete
1143,348,16,2025-01-09,Completed
1144,41,2,2024-04-10,Shipped
1145,211,5,2023-07-24,shipped
1146,4,20,2024-09-08,Cancelled
1147,193,9,2025-06-09,CANCELLED
1148,8,10,2024-10-06,returned
1149,293,10,2024-10-15,completed
1150,401,13,2025-02-19,Pending
1151,149,13,2024-11-15,Completed
1152,218,6,2023-08-31,returned
1153,356,10,2025-04-01,COMPLETED
1154,91,4,2023-07-09,Cancelled
1155,199,1,2023-01-31,Shipped
1156,287,3,2023-12-21,shipped
1157,7,9,2025-07-02,Cancelled
1158,218,4,2023-12-04,cancelled
1159,176,12,2025-03-01,returned
1160,326,9,2025-11-18,cancelled
1161,186,9,2023-04-07,Cancelled
1162,334,5,2024-02-08,pending
1163,366,10,2025-10-03,COMPLETED
1164,204,8,2024-08-24,Pending
1165,445,18,2025-02-16,Returned
1166,99555,3,2025-03-03,Cancelled
1167,17,8,2024-10-27,pending
1168,170,10,2023-01-25,complete
1169,203,17,2024-08-09,SHIPPED
1170,131,12,2024-06-19,PENDING
1171,353,20,2024-03-21,complete
1172,387,11,2024-05-08,returned
1173,131,13,2025-05-21,pending
1174,307,11,2025-09-12,Returned
1175,349,13,2024-04-21,Shipped
1176,68,18,2024-04-08,cancelled
1177,78,18,2025-10-20,Pending
1178,89,17,2023-04-12,PENDING
1179,418,6,2024-04-16,
1180,237,4,2023-04-03,Returned
1181,281,10,2024-01-23,canceled
1182,460,11,2024-05-14,Completed
1183,401,18,2023-10-11,CANCELLED
1184,18,993,2023-02-04,Pending
1185,143,19,2025-02-15,completed
1186,222,13,2025-05-14,Shipped
1187,45,8,2099-07-31,CANCELLED
1188,473,9,2025-08-19,shipped
1189,221,7,2024-08-25,Shipped
1190,402,8,2025-06-06,complete
1191,339,20,2023-05-29,SHIPPED
1192,40,13,2023-02-17,completed
1193,452,12,2025-07-19,Pending
1194,41,1,2025-01-24,returned
1195,498,15,2025-09-23,pending
1196,95,4,2023-10-24,Shipped
1197,91,20,2025-09-04,returned
1198,468,12,2024-06-29,shipped
1199,427,11,2025-06-10,pending
1200,255,19,2023-02-06,Shipped
1201,176,2,2025-07-29,Cancelled
1202,91,18,2024-11-02,Cancelled
1203,267,17,2024-01-10,returned
1204,199,18,2025-02-03,shipped
1205,386,3,2023-08-26,Pending
1206,56,3,2024-10-07,Completed
1207,419,15,2023-04-20,Completed
1208,221,1,2023-01-10,COMPLETED
1209,160,11,2024-08-23,returned
1210,110,14,2024-12-06,Returned
1211,376,20,2025-11-20,PENDING
1212,43,3,2023-03-14,shipped
1213,207,6,2023-05-21,shipped
1214,452,11,2023-11-07,Cancelled
1215,382,7,2024-03-24,canceled
1216,281,6,2024-10-13,canceled
1217,25,2,2025-07-01,Completed
1218,172,12,2025-03-24,completed
1219,171,11,2023-08-08,canceled
1220,308,8,2023-07-24,returned
1221,49,1,2023-10-19,returned
1222,360,1,2025-04-11,cancelled
1223,138,3,2023-12-29,pending
1224,402,19,2025-01-01,Pending
1225,359,3,2024-10-16,Pending
1226,409,19,2024-06-15,CANCELLED
1227,490,4,2025-06-26,returned
1228,182,19,2025-01-19,COMPLETED
1229,148,20,2024-03-18,completed
1230,61,944,2023-09-16,SHIPPED
1231,498,3,2023-05-28,complete
1232,173,20,2023-12-23,cancelled
1233,175,12,2025-03-05,Returned
1234,330,19,2025-05-27,Completed
1235,225,2,2024-05-09,pending
1236,340,10,2024-09-20,shipped
1237,202,13,2023-11-18,
1238,6,7,2025-02-16,Shipped
1239,276,19,2023-05-06,pending
1240,170,3,2023-02-01,Completed
1241,430,12,2024-05-15,SHIPPED
1242,78,4,2023-07-01,pending
1243,99917,15,2024-11-15,returned
1244,96,19,2025-05-17,cancelled
1245,344,6,2023-01-18,shipped
1246,131,15,2023-02-20,returned
1247,432,18,2023-01-13,Pending
1248,372,3,2024-12-23,complete
1249,371,946,2023-07-13,SHIPPED
1250,282,19,2024-10-02,Returned
1251,196,2,2023-04-14,cancelled
1252,359,7,2023-05-18,pending
1253,461,17,2024-07-19,Completed
1254,71,16,2099-11-29,PENDING
1255,321,8,2023-10-05,Cancelled
1256,143,5,2025-12-10,shipped
1257,359,5,2023-01-27,Completed
1258,77,5,2023-09-25,pending
1259,191,2,2023-09-25,Completed
1260,2,2,2024-12-06,returned
1261,463,20,2024-04-04,completed
1262,46,3,2025-08-19,Completed
1263,384,7,2023-09-02,cancelled
1264,421,20,2025-03-03,COMPLETED
1265,61,1,2025-10-23,shipped
1266,497,15,2023-03-25,pending
1267,202,2,2024-09-12,Cancelled
1268,495,7,2024-09-19,cancelled
1269,155,13,2023-12-09,Pending
1270,428,10,2023-10-28,pending
1271,482,11,2024-06-29,Completed
1272,305,20,2023-07-20,pending
1273,465,3,2025-02-17,CANCELLED
1274,369,10,2025-08-01,shipped
1275,121,9,2024-02-19,cancelled
1276,188,17,2025-10-19,Cancelled
1277,373,19,2024-07-04,Shipped
1278,409,11,2024-02-13,shipped
1279,139,20,2025-10-26,SHIPPED
1280,41,10,2025-01-27,completed
1281,480,10,2025-11-06,Shipped
1282,482,13,2025-03-24,complete
1283,233,9,2023-10-07,complete
1284,478,2,2024-06-26,cancelled
1285,213,10,2024-10-10,Completed
1286,337,8,2023-08-02,completed
1287,375,17,2024-12-30,complete
1288,229,18,2024-07-29,Cancelled
1289,456,15,2024-06-15,Returned
1290,330,1,2025-12-19,pending
1291,232,14,2025-03-30,PENDING
1292,467,2,2025-01-01,COMPLETED
1293,167,2,2023-03-16,Pending
1294,96,7,2023-09-03,cancelled
1295,64,7,2025-03-26,COMPLETED
1296,18,7,2025-02-13,pending
1297,465,20,2024-01-17,Returned
1298,369,20,2024-12-22,PENDING
1299,78,15,2024-04-09,Pending
1300,243,8,2024-12-26,SHIPPED
1301,18,3,2023-04-11,Pending
1302,492,17,2023-11-21,Completed
1303,80,12,2024-03-31,Pending
1304,253,14,2024-06-20,Shipped
1305,386,5,2024-03-05,pending
1306,365,4,2024-08-21,pending
1307,351,6,2024-01-01,Completed
1308,317,11,2024-03-08,Shipped
1309,405,8,2023-05-17,Completed
1310,252,8,2023-01-13,canceled
1311,166,3,2024-03-26,Completed
1312,205,16,2025-01-18,Cancelled
1313,164,3,2023-12-23,shipped
1314,138,19,2024-12-01,COMPLETED
1315,109,15,2025-10-14,Returned
1316,10,14,2023-11-21,Returned
1317,46,3,2024-02-18,SHIPPED
1318,237,15,2025-04-11,Returned
1319,252,8,2023-06-13,Pending
1320,346,15,2024-11-25,Returned
1321,122,7,2024-09-24,Shipped
1322,489,19,2024-11-16,Completed
1323,181,12,2025-09-22,canceled
1324,472,1,2099-04-13,returned
1325,341,16,2025-04-01,returned
1326,46,7,2025-02-28,Completed
1327,12,12,2024-10-06,Completed
1328,140,20,2024-01-17,complete
1329,184,13,2024-04-01,shipped
1330,92,4,2023-11-27,PENDING
1331,41,20,2024-08-16,CANCELLED
1332,145,14,2024-05-22,Cancelled
1333,150,10,2024-06-11,canceled
1334,476,8,2024-05-11,Cancelled
1335,116,9,2025-04-19,Pending
1336,169,5,2025-09-03,Cancelled
1337,496,997,2025-07-01,complete
1338,246,17,2024-12-13,SHIPPED
1339,300,5,2023-03-18,Cancelled
1340,196,5,2024-04-02,pending
1341,55,4,2024-02-22,Shipped
1342,305,11,2024-11-21,completed
1343,413,19,2024-03-23,shipped
1344,357,13,2024-03-29,shipped
1345,456,14,2023-11-19,Completed
1346,235,9,2025-04-12,canceled
1347,297,13,2023-02-27,CANCELLED
1348,292,13,2023-04-13,COMPLETED
1349,225,3,2025-08-11,canceled
1350,80,12,2023-04-07,Cancelled
1351,230,6,2024-02-12,pending
1352,70,11,2025-04-01,PENDING
1353,113,14,2025-08-17,complete
1354,234,1,2025-06-15,Returned
1355,417,2,2023-12-22,Completed
1356,467,19,2024-06-13,completed
1357,487,2,2023-09-18,completed
1358,491,5,2024-08-22,returned
1359,470,18,2025-08-05,Returned
1360,165,14,2023-08-05,Pending
1361,185,8,2025-06-21,pending
1362,33,11,2023-03-24,CANCELLED
1363,145,17,2023-10-29,PENDING
1364,40,4,2023-09-24,complete
1365,22,12,2025-05-01,Completed
1366,461,2,2025-09-19,cancelled
1367,301,20,2024-05-30,CANCELLED
1368,57,6,2023-12-26,Shipped
1369,286,6,2023-02-13,pending
1370,348,9,2025-02-22,PENDING
1371,99552,7,2024-08-16,completed
1372,256,19,2024-11-08,Pending
1373,350,17,2024-12-16,CANCELLED
1374,255,6,2025-03-24,Pending
1375,163,9,2024-01-14,CANCELLED
1376,184,1,2025-05-06,COMPLETED
1377,15,19,2023-11-19,COMPLETED
1378,476,7,2023-03-28,Shipped
1379,343,5,2025-04-16,canceled
1380,22,3,2024-11-17,completed
1381,50,4,2024-04-01,Completed
1382,437,6,2023-05-12,pending
1383,401,10,2025-11-13,shipped
1384,279,16,2025-04-02,
1385,168,18,2023-04-30,pending
1386,22,6,2025-10-26,Returned
1387,168,13,2025-04-02,canceled
1388,223,7,2024-08-29,pending
1389,75,7,2024-01-10,Completed
1390,273,4,2024-07-30,complete
1391,229,14,2024-07-22,Pending
1392,377,2,2024-03-25,completed
1393,362,900,2024-12-13,CANCELLED
1394,447,11,2023-04-06,cancelled
1395,282,12,2023-11-28,Pending
1396,314,15,2025-03-26,returned
1397,440,18,2024-02-28,Shipped
1398,105,16,2025-04-14,CANCELLED
1399,494,13,2023-12-29,SHIPPED
1400,56,909,2024-01-24,Pending
1401,312,18,2025-11-06,Pending
1402,439,16,2024-10-28,completed
1403,253,2,2025-05-15,Pending
1404,276,9,2024-05-21,returned
1405,60,17,2023-08-15,cancelled
1406,339,1,2023-11-05,Shipped
1407,314,19,2023-07-12,canceled
1408,457,11,2024-10-29,SHIPPED
1409,99455,5,2023-02-16,pending
1410,303,10,2023-05-09,Shipped
1411,284,15,2024-09-20,shipped
1412,146,3,2025-11-08,canceled
1413,148,17,2024-12-04,complete
1414,300,9,2024-08-16,Pending
1415,202,11,2023-12-17,Completed
1416,235,13,2024-08-16,completed
1417,274,12,2025-12-01,PENDING
1418,169,18,2024-04-30,Cancelled
1419,55,14,2024-04-29,returned
1420,25,905,2024-12-07,Shipped
1421,399,7,2023-02-05,Shipped
1422,393,15,2024-08-25,Returned
1423,335,16,2023-11-28,Completed
1424,105,4,2023-04-08,canceled
1425,308,2,2025-03-16,SHIPPED
1426,420,6,2024-09-08,pending
1427,313,16,2023-10-08,Pending
1428,64,11,2024-04-28,canceled
1429,256,13,2024-09-13,CANCELLED
1430,224,4,2024-04-19,Returned
1431,148,12,2024-03-22,Completed
1432,66,3,2023-05-20,cancelled
1433,325,16,2023-11-18,cancelled
1434,365,18,2024-10-27,canceled
1435,72,11,2023-07-27,CANCELLED
1436,230,11,2023-04-17,shipped
1437,230,9,2025-08-23,PENDING
1438,225,10,2023-08-18,complete
1439,413,15,2024-02-13,PENDING
1440,262,8,2024-02-04,COMPLETED
1441,103,17,2024-01-09,Returned
1442,416,3,2024-12-23,Returned
1443,285,11,2023-05-09,canceled
1444,109,8,2025-09-15,Completed
1445,55,16,2024-01-21,Returned
1446,381,6,2025-03-25,canceled
1447,70,19,2024-06-10,SHIPPED
1448,27,19,2023-03-01,CANCELLED
1449,273,11,2023-12-02,SHIPPED
1450,148,10,2025-03-09,canceled
1451,430,15,2025-01-29,shipped
1452,169,19,2024-12-14,complete
1453,74,19,2025-08-05,COMPLETED
1454,277,20,2025-07-14,CANCELLED
1455,469,11,2023-07-22,PENDING
1456,82,13,2025-12-07,PENDING
1457,258,14,2023-08-22,Returned
1458,484,19,2023-01-24,Pending
1459,296,11,2023-10-30,SHIPPED
1460,405,11,2025-10-30,returned
1461,99856,7,2023-09-17,
1462,124,3,2023-01-22,pending
1463,158,11,2024-12-16,Completed
1464,168,4,2025-10-25,CANCELLED
1465,109,7,2025-03-31,Returned
1466,72,3,2024-03-20,Shipped
1467,124,2,2023-01-15,SHIPPED
1468,150,8,2023-06-26,Shipped
1469,96,4,2023-07-27,Completed
1470,467,16,2024-01-08,SHIPPED
1471,210,931,2024-08-27,Cancelled
1472,350,2,2023-08-03,CANCELLED
1473,275,10,2025-04-18,shipped
1474,343,1,2023-10-05,Cancelled
1475,217,17,2023-07-29,Cancelled
1476,297,11,2024-03-08,Completed
1477,356,20,2023-01-08,Cancelled
1478,392,11,2024-12-19,CANCELLED
1479,70,4,2025-07-17,SHIPPED
1480,62,13,2024-07-08,Completed
1481,303,17,2023-05-14,Returned
1482,493,8,2024-03-15,returned
1483,120,20,2023-01-26,shipped
1484,448,1,2024-01-17,shipped
1485,21,3,2023-12-15,COMPLETED
1486,183,5,2023-01-15,completed
1487,354,9,2023-07-24,shipped
1488,283,2,2025-09-15,pending
1489,488,19,2025-08-30,Cancelled
1490,105,12,2023-06-10,pending
1491,99852,7,2023-12-20,Completed
1492,270,13,2024-03-16,
1493,335,5,2023-03-13,cancelled
1494,370,19,2025-01-08,completed
1495,310,2,2023-07-16,completed
1496,316,7,2023-03-12,COMPLETED
1497,195,17,2025-08-25,Returned
1498,412,11,2024-07-26,Returned
1499,414,3,2025-08-28,canceled
1500,75,10,2024-08-23,pending
1501,332,5,2024-12-02,Cancelled
1502,376,1,2024-07-10,Returned
1503,12,6,2025-05-11,complete
1504,210,15,2024-09-06,pending
1505,355,18,2024-12-19,complete
1506,164,18,2023-07-06,Shipped
1507,376,18,2025-04-27,SHIPPED
1508,31,17,2025-12-12,completed
1509,421,3,2023-08-13,pending
1510,26,17,2024-02-17,pending
1511,118,9,2025-11-10,Completed
1512,294,14,2024-10-14,completed
1513,103,16,2023-10-31,CANCELLED
1514,112,902,2023-02-07,canceled
1515,233,4,2099-01-10,COMPLETED
1516,409,974,2023-07-09,pending
1517,254,15,2025-12-25,returned
1518,199,993,2024-11-20,COMPLETED
1519,281,9,2025-03-06,Cancelled
1520,61,8,2025-07-01,COMPLETED
1521,285,9,2024-11-06,canceled
1522,99651,1,2023-05-21,cancelled
1523,229,19,2024-05-27,Cancelled
1524,76,4,2023-04-30,completed
1525,277,17,2023-11-08,returned
1526,496,950,2023-10-16,COMPLETED
1527,464,8,2025-01-04,canceled
1528,177,1,2023-01-18,complete
1529,72,11,2023-08-08,COMPLETED
1530,499,19,2023-02-06,Shipped
1531,238,8,2023-04-24,Completed
1532,268,3,2023-03-02,Pending
1533,291,14,2023-05-21,Cancelled
1534,6,14,2025-06-10,Cancelled
1535,497,6,2023-10-23,cancelled
1536,423,4,2023-06-30,
1537,321,10,2025-10-04,shipped
1538,252,18,2023-12-13,complete
1539,235,6,2025-03-18,
1540,415,12,2025-03-30,Cancelled
1541,319,14,2025-06-24,canceled
1542,340,2,2024-03-01,complete
1543,290,10,2023-10-26,Cancelled
1544,158,13,2023-11-09,CANCELLED
1545,130,12,2023-12-02,Pending
1546,354,10,2023-06-30,Returned
1547,42,15,2099-05-25,cancelled
1548,301,17,2025-10-26,Cancelled
1549,12,13,2024-06-15,
1550,23,6,2025-01-29,Cancelled
1551,127,4,2025-04-02,SHIPPED
1552,255,17,2025-02-27,Pending
1553,54,18,2023-04-12,Completed
1554,471,4,2024-05-07,complete
1555,334,2,2023-08-03,pending
1556,351,2,2025-11-05,canceled
1557,421,12,2023-01-20,returned
1558,85,1,2025-08-25,returned
1559,99140,20,2023-04-26,SHIPPED
1560,354,20,2025-08-20,PENDING
1561,302,13,2024-05-29,PENDING
1562,21,14,2023-08-06,
1563,345,18,2025-01-20,Completed
1564,343,7,2023-10-04,Pending
1565,201,13,2025-02-22,Cancelled
1566,200,12,2023-05-16,cancelled
1567,477,5,2023-07-03,SHIPPED
1568,199,16,2023-01-20,Cancelled
1569,435,4,2024-03-30,canceled
1570,6,4,2025-05-20,completed
1571,76,3,2025-02-11,Shipped
1572,407,20,2024-11-06,COMPLETED
1573,99121,9,2025-10-18,pending
1574,300,4,2024-10-17,CANCELLED
1575,57,3,2025-07-08,complete
1576,392,17,2023-07-21,Shipped
1577,391,20,2025-08-03,completed
1578,223,12,2024-07-27,pending
1579,53,7,2023-05-06,shipped
1580,334,8,2025-09-12,complete
1581,117,6,2025-06-24,canceled
1582,236,13,2023-04-13,Cancelled
1583,271,5,2025-07-12,canceled
1584,220,1,2025-07-01,PENDING
1585,441,7,2024-11-23,Shipped
1586,184,7,2025-12-19,Returned
1587,344,9,2025-11-24,Shipped
1588,30,12,2024-04-26,completed
1589,310,16,2024-02-14,CANCELLED
1590,488,1,2024-10-05,CANCELLED
1591,243,15,2025-10-20,Pending
1592,361,8,2025-12-15,Returned
1593,429,7,2024-01-05,pending
1594,39,12,2025-09-30,Returned
1595,400,20,2025-01-31,Shipped
1596,192,4,2025-05-20,
1597,96,6,2025-04-26,completed
1598,137,13,2024-07-04,SHIPPED
1599,231,1,2024-03-18,PENDING
1600,455,1,2023-03-09,Pending
1601,130,13,2024-04-03,returned
1602,228,8,2023-01-11,Completed
1603,167,6,2024-12-17,CANCELLED
1604,378,5,2025-08-04,Returned
1605,82,4,2025-03-04,canceled
1606,220,14,2025-05-09,Pending
1607,330,7,2025-09-28,shipped
1608,259,14,2024-09-09,Returned
1609,434,6,2023-04-02,complete
1610,88,6,2024-01-17,canceled
1611,17,18,2023-03-12,Pending
1612,106,6,2024-05-16,shipped
1613,177,2,2023-08-21,CANCELLED
1614,350,8,2025-04-09,canceled
1615,100,8,2024-01-30,cancelled
1616,219,18,2023-02-24,cancelled
1617,404,9,2023-07-05,returned
1618,202,20,2023-10-02,cancelled
1619,39,10,2025-01-31,completed
1620,444,3,2024-02-21,complete
1621,229,8,2023-07-24,Shipped
1622,487,11,2023-11-06,Shipped
1623,464,1,2025-05-21,cancelled
1624,82,18,2024-07-04,Completed
1625,33,8,2024-11-10,Cancelled
1626,52,4,2024-09-05,returned
1627,327,15,2023-09-17,pending
1628,280,9,2024-10-20,complete
1629,497,998,2025-09-16,Shipped
1630,107,6,2025-05-30,Completed
1631,278,14,2024-07-17,shipped
1632,425,6,2024-10-18,Returned
1633,10,9,2025-03-25,Pending
1634,442,11,2025-02-03,Pending
1635,446,4,2025-12-28,Shipped
1636,154,18,2025-04-22,Pending
1637,485,6,2024-05-18,Pending
1638,311,14,2025-03-18,Completed
1639,135,11,2023-04-18,PENDING
1640,146,1,2024-04-19,COMPLETED
1641,391,20,2023-12-30,returned
1642,114,1,2023-04-06,pending
1643,165,13,2023-08-16,Completed
1644,67,7,2025-12-12,completed
1645,89,14,2023-07-04,pending
1646,106,7,2025-04-20,Cancelled
1647,223,7,2023-07-23,canceled
1648,236,16,2025-03-06,SHIPPED
1649,217,7,2024-05-29,Completed
1650,415,11,2024-11-27,completed
1651,254,19,2024-01-22,Completed
1652,113,9,2024-07-01,cancelled
1653,172,17,2025-03-07,completed
1654,396,8,2025-02-14,Completed
1655,102,9,2023-05-10,completed
1656,448,11,2025-09-13,COMPLETED
1657,165,20,2023-02-02,cancelled
1658,345,10,2025-09-27,complete
1659,490,9,2024-07-18,Shipped
1660,432,12,2025-05-01,returned
1661,387,18,2023-05-18,COMPLETED
1662,383,2,2023-05-03,Pending
1663,398,11,2023-03-25,Shipped
1664,187,14,2023-03-10,cancelled
1665,304,7,2023-02-25,PENDING
1666,359,4,2023-10-05,SHIPPED
1667,295,3,2023-02-03,SHIPPED
1668,169,2,2025-03-04,SHIPPED
1669,87,20,2025-10-28,completed
1670,327,1,2024-09-11,complete
1671,332,14,2023-06-09,returned
1672,96,3,2025-04-03,completed
1673,298,17,2023-06-14,Pending
1674,199,7,2024-04-22,completed
1675,158,6,2025-04-09,PENDING
1676,352,8,2023-06-28,CANCELLED
1677,308,4,2024-08-01,SHIPPED
1678,307,20,2024-11-27,completed
1679,272,9,2024-04-20,Cancelled
1680,28,3,2025-08-12,Returned
1681,198,9,2024-03-30,Completed
1682,130,19,2023-10-18,COMPLETED
1683,230,4,2025-09-01,pending
1684,229,7,2023-03-05,COMPLETED
1685,271,14,2023-12-23,canceled
1686,485,1,2025-07-26,CANCELLED
1687,332,9,2023-07-01,SHIPPED
1688,369,13,2023-08-14,Shipped
1689,272,1,2024-05-06,Pending
1690,345,9,2024-07-28,Shipped
1691,130,17,2025-09-19,completed
1692,339,5,2024-09-02,PENDING
1693,99092,5,2024-04-01,Pending
1694,232,2,2024-05-26,returned
1547,193,10,2023-03-28,SHIPPED
1696,359,15,2025-01-22,completed
1697,424,17,2023-10-28,returned
1698,190,13,2025-04-21,pending
1699,207,20,2025-12-19,pending
1700,419,6,2023-10-04,Pending
1701,85,19,2023-09-21,COMPLETED
1702,292,6,2024-01-23,pending
1703,406,18,2024-05-22,Returned
1704,264,16,2025-07-12,SHIPPED
1705,131,2,2025-12-07,cancelled
1706,271,20,2023-06-23,completed
1707,149,15,2025-03-27,COMPLETED
1708,334,2,2024-08-05,PENDING
1709,99528,16,2024-10-20,Returned
1710,277,11,2025-02-24,pending
1711,99635,5,2023-04-24,cancelled
1712,219,4,2024-06-18,pending
1713,424,2,2025-01-27,completed
1714,126,1,2025-07-07,SHIPPED
1715,79,10,2023-01-14,canceled
1716,84,3,2024-02-02,Shipped
1717,251,6,2023-05-31,Completed
1718,295,6,2023-04-03,COMPLETED
1719,100,2,2024-01-24,canceled
1720,434,18,2023-01-01,completed
1721,213,8,2024-10-07,completed
1722,165,20,2023-05-27,shipped
1723,493,18,2024-12-11,PENDING
1724,417,12,2099-11-08,COMPLETED
1725,165,15,2024-06-17,Shipped
1726,335,13,2023-04-07,completed
1727,99251,1,2024-09-29,Cancelled
1728,128,18,2023-11-03,completed
1729,202,2,2024-05-03,Shipped
1730,498,1,2025-06-29,
1731,358,13,2024-08-01,PENDING
1732,176,5,2024-02-14,returned
1733,258,2,2025-06-03,Returned
1734,87,4,2023-07-09,canceled
1735,103,5,2025-03-09,Cancelled
1736,176,13,2024-05-08,Shipped
1737,409,6,2023-10-28,Returned
1738,488,9,2024-08-29,Completed
1739,348,7,2023-06-13,Shipped
1740,294,8,2024-07-11,Shipped
1741,209,11,2025-02-08,completed
1742,379,1,2023-09-23,returned
1743,265,11,2023-04-17,Shipped
1744,190,17,2023-06-29,completed
1745,6,19,2023-03-31,Completed
1746,15,5,2023-02-17,PENDING
1747,190,20,2025-01-20,Pending
1748,320,14,2023-03-30,shipped
1749,479,11,2024-06-11,pending
1750,286,10,2024-08-07,COMPLETED
1751,99574,18,2025-03-08,PENDING
1752,145,13,2025-04-11,shipped
1753,254,14,2025-02-17,SHIPPED
1754,72,14,2023-03-04,pending
1755,208,7,2024-12-24,shipped
1756,102,3,2025-06-22,COMPLETED
1757,162,12,2025-12-14,pending
1758,108,11,2024-09-21,Shipped
1759,188,11,2025-08-15,returned
1760,41,17,2025-12-24,canceled
1761,110,13,2023-09-10,CANCELLED
1762,322,15,2025-03-21,
1763,96,16,2025-08-28,Cancelled
1764,99657,6,2023-12-02,Returned
1765,419,20,2025-09-08,PENDING
1766,149,6,2023-10-01,Shipped
1767,236,19,2024-01-18,cancelled
1768,115,11,2023-10-16,Pending
1769,353,3,2025-05-16,Pending
1770,109,16,2023-05-25,completed
1771,420,3,2024-11-03,pending
1772,475,14,2023-05-23,complete
1773,202,8,2024-03-13,SHIPPED
1774,78,16,2025-07-09,COMPLETED
1775,359,13,2025-04-02,completed
1776,107,2,2024-05-02,CANCELLED
1777,156,10,2023-06-23,Returned
1778,28,16,2024-07-07,SHIPPED
1779,260,15,2025-05-10,completed
1780,82,2,2024-05-16,shipped
1781,484,9,2025-04-23,returned
1782,331,4,2025-12-06,Returned
1783,363,20,2023-06-08,SHIPPED
1784,456,11,2023-01-30,PENDING
1785,447,7,2023-09-19,Cancelled
1786,52,18,2025-12-28,complete
1787,478,9,2099-02-03,returned
1788,471,5,2024-01-31,canceled
1789,424,6,2024-11-29,Returned
1790,257,5,2024-02-24,Returned
1791,498,3,2025-03-05,COMPLETED
1792,371,12,2025-03-31,Cancelled
1793,167,15,2024-07-05,PENDING
1794,498,979,2025-06-29,complete
1795,294,14,2023-06-21,complete
1796,164,17,2025-04-12,Shipped
1797,184,12,2023-07-24,Returned
1798,99053,15,2024-11-22,pending
1799,37,12,2024-06-06,Cancelled
1800,395,20,2025-08-25,
1801,104,18,2025-05-22,CANCELLED
1802,374,1,2024-05-17,canceled
1803,470,14,2023-05-05,CANCELLED
1804,377,1,2024-07-23,completed
1805,34,16,2025-09-19,Returned
1806,79,4,2024-03-05,completed
1807,238,13,2025-10-04,completed
1808,328,19,2024-05-29,Completed
1809,1,20,2024-05-28,Completed
1810,182,20,2023-10-14,completed
1811,79,4,2025-06-20,SHIPPED
1812,490,10,2023-05-17,Cancelled
1813,370,1,2025-10-22,CANCELLED
1814,203,9,2023-08-06,cancelled
1815,16,12,2025-02-10,Pending
1816,150,7,2023-07-22,completed
1817,303,3,2025-01-30,COMPLETED
1818,151,13,2025-01-10,SHIPPED
1819,12,5,2024-04-27,cancelled
1820,320,19,2023-02-25,cancelled
1821,29,14,2024-10-09,returned
1822,144,15,2024-10-23,returned
1823,104,3,2023-03-23,returned
1824,34,20,2023-04-29,Shipped
1825,108,18,2025-11-14,completed
1826,351,3,2023-11-06,complete
1827,403,1,2024-11-14,complete
1828,405,13,2023-07-21,completed
1829,469,20,2023-03-17,pending
1830,302,13,2024-04-18,SHIPPED
1831,233,8,2024-10-09,returned
1832,266,8,2024-01-27,completed
1833,379,6,2024-03-22,Completed
1834,226,2,2025-01-02,Returned
1835,379,9,2024-07-27,PENDING
1836,33,16,2023-04-16,pending
1837,407,2,2024-02-11,complete
1838,420,18,2023-06-02,returned
1839,229,5,2024-04-20,Cancelled
1840,135,16,2024-08-23,cancelled
1841,439,10,2023-02-14,pending
1842,389,7,2023-09-01,shipped
1843,308,5,2025-06-18,PENDING
1844,425,18,2025-01-24,Pending
1845,90,13,2025-02-02,Cancelled
1846,409,15,2024-02-29,Returned
1847,373,19,2024-12-31,Returned
1848,476,14,2023-05-11,Pending
1849,341,19,2023-05-28,complete
1850,429,16,2025-03-02,Cancelled
1851,250,10,2023-02-22,pending
1852,327,7,2023-02-28,shipped
1853,295,19,2025-02-26,PENDING
1854,64,13,2025-04-30,completed
1855,202,9,2023-12-23,pending
1856,69,8,2024-07-04,COMPLETED
1857,225,18,2024-03-28,completed
1858,315,5,2024-09-15,Cancelled
1859,109,12,2023-05-09,shipped
1860,445,2,2023-08-14,pending
1861,300,12,2025-02-20,shipped
1862,94,15,2025-02-08,COMPLETED
1863,111,18,2099-10-24,CANCELLED
1864,107,9,2024-08-13,Shipped
1865,467,19,2023-01-02,cancelled
1866,142,3,2025-02-04,PENDING
1867,134,19,2025-07-26,CANCELLED
1868,353,901,2024-10-21,SHIPPED
1869,27,12,2025-10-25,Returned
1870,106,11,2023-07-08,SHIPPED
1871,324,1,2025-09-22,returned
1872,208,11,2025-05-16,returned
1873,281,1,2023-10-20,PENDING
1874,37,9,2024-01-03,Shipped
1875,28,17,2025-06-03,CANCELLED
1876,99334,5,2023-12-11,canceled
1877,210,4,2024-10-07,pending
1878,206,8,2024-02-26,pending
1879,20,11,2024-04-20,Pending
1880,194,1,2023-07-15,Completed
1881,107,10,2024-03-04,cancelled
1882,265,4,2024-03-15,Cancelled
1883,348,5,2024-03-19,canceled
1884,227,1,2023-12-21,SHIPPED
1885,28,19,2024-12-31,Returned
1886,125,19,2025-01-08,cancelled
1887,48,6,2025-02-24,CANCELLED
1888,250,13,2023-11-19,Completed
1889,154,16,2025-01-26,shipped
1890,399,9,2025-03-17,cancelled
1891,358,14,2023-09-18,CANCELLED
1892,104,13,2025-10-08,complete
1893,329,14,2024-02-07,cancelled
1894,338,18,2024-11-03,completed
1895,375,10,2025-08-21,COMPLETED
1896,115,17,2023-06-20,PENDING
1897,126,7,2025-08-28,Pending
1898,483,18,2025-05-17,completed
1899,375,7,2023-08-30,canceled
1900,394,15,2025-03-23,pending
1901,325,10,2024-12-06,PENDING
1902,384,19,2024-09-07,Cancelled
1903,335,14,2025-02-23,COMPLETED
1904,345,18,2024-04-04,complete
1905,56,19,2023-02-26,cancelled
1906,300,3,2024-02-03,Cancelled
1907,199,7,2024-07-14,Completed
1908,354,2,2023-05-26,PENDING
1909,466,4,2025-03-31,COMPLETED
1910,160,6,2023-03-21,SHIPPED
1911,207,2,2023-05-29,cancelled
1912,433,9,2025-10-24,canceled
1913,31,7,2023-06-02,complete
1914,303,18,2025-02-21,Returned
1915,45,4,2024-02-21,complete
1916,434,5,2024-09-13,completed
1917,285,3,2024-08-15,returned
1918,70,3,2024-03-12,shipped
1919,220,3,2024-05-04,Completed
1920,315,13,2023-09-08,Pending
1921,179,2,2023-06-05,CANCELLED
1922,306,6,2025-03-06,shipped
1923,90,16,2024-09-30,
1924,369,15,2024-07-19,shipped
1925,260,20,2024-03-28,complete
1926,375,15,2024-12-13,PENDING
1927,152,6,2025-07-07,pending
1928,335,12,2023-02-23,Returned
1929,151,9,2023-08-16,
1930,490,6,2024-06-17,returned
1931,3,981,2025-04-23,Cancelled
1932,52,18,2023-10-16,PENDING
1933,180,6,2023-10-14,Pending
1934,7,16,2024-10-31,shipped
1935,153,9,2023-07-08,Cancelled
1936,117,4,2023-08-25,completed
1937,161,15,2023-10-26,pending
1938,99951,4,2025-01-06,Completed
1939,124,18,2023-02-05,canceled
1940,444,11,2024-05-11,pending
1941,465,9,2024-08-12,returned
1942,66,6,2023-06-24,cancelled
1943,177,18,2023-02-21,complete
1944,422,15,2024-05-28,Shipped
1945,99833,11,2024-12-06,canceled
1946,389,19,2023-01-02,SHIPPED
1947,153,5,2025-11-30,completed
1948,199,15,2024-05-07,shipped
1949,205,15,2025-04-28,COMPLETED
1950,30,8,2023-02-11,Shipped
1951,314,10,2024-07-05,Returned
1952,411,1,2025-12-24,pending
1953,155,2,2024-07-14,canceled
1954,127,13,2023-08-10,returned
1955,476,6,2025-10-18,Pending
1956,32,7,2024-03-29,CANCELLED
1957,93,3,2024-10-21,pending
1958,144,5,2025-06-10,COMPLETED
1959,152,20,2023-10-12,COMPLETED
1960,394,4,2025-01-05,Shipped
1961,440,1,2025-03-22,shipped
1962,63,19,2023-11-18,shipped
1963,199,19,2023-04-10,cancelled
1964,251,3,2099-05-07,Pending
1965,221,5,2024-01-13,Cancelled
1966,379,20,2099-09-25,pending
1967,400,7,2023-10-07,Shipped
1968,470,3,2024-08-06,canceled
1969,401,20,2024-08-28,complete
1970,499,14,2025-05-26,Returned
1971,35,19,2023-11-24,CANCELLED
1972,340,20,2023-05-03,complete
1973,349,1,2025-03-02,SHIPPED
1974,78,16,2023-09-10,COMPLETED
1975,326,10,2025-11-15,Returned
1976,78,7,2023-02-14,cancelled
1977,466,18,2023-11-01,COMPLETED
1978,177,17,2025-02-17,Returned
1979,133,18,2024-02-18,CANCELLED
1980,175,17,2023-10-13,Cancelled
1981,199,6,2025-05-26,returned
1982,447,3,2023-10-23,CANCELLED
1983,414,16,2025-01-18,Shipped
1984,134,17,2024-08-24,Cancelled
1985,363,4,2023-02-14,CANCELLED
1986,67,14,2024-10-31,complete
1987,444,5,2025-07-05,Pending
1988,164,20,2025-06-21,Cancelled
1989,295,14,2025-01-30,PENDING
1990,282,1,2024-08-10,returned
1991,60,10,2023-04-17,pending
1992,349,5,2024-05-12,pending
1993,358,11,2023-05-12,Shipped
1994,203,8,2023-10-15,SHIPPED
1995,71,5,2023-02-25,canceled
1996,199,18,2024-02-21,SHIPPED
1997,196,17,2023-12-07,Shipped
1998,44,13,2023-01-18,Cancelled
1999,223,20,2023-09-30,SHIPPED
2000,27,7,2023-10-26,COMPLETED
2001,192,1,2023-06-08,Shipped
2002,461,2,2023-04-10,Completed
2003,32,9,2024-05-10,CANCELLED
2004,170,4,2024-07-16,canceled
2005,26,20,2023-01-25,CANCELLED
2006,250,15,2024-06-21,Completed
2007,467,13,2025-12-15,PENDING
2008,48,17,2025-03-08,SHIPPED
2009,241,13,2025-06-17,PENDING
2010,34,2,2024-10-19,PENDING
2011,330,19,2024-12-13,pending
2012,488,8,2025-11-08,Shipped
2013,464,16,2024-11-17,CANCELLED
2014,218,16,2099-03-02,PENDING
2015,175,15,2024-01-02,cancelled
2016,190,2,2023-12-04,shipped
2017,496,18,2025-08-14,completed
2018,242,1,2025-07-24,Pending
2019,241,4,2023-09-05,pending
2020,247,13,2099-02-11,completed
2021,38,5,2024-07-24,canceled
2022,494,16,2025-07-04,SHIPPED
2023,299,4,2025-02-09,shipped
2024,234,2,2025-02-12,canceled
2025,99629,5,2023-11-27,pending
2026,365,15,2024-02-15,COMPLETED
2027,125,1,2025-07-28,Returned
2028,391,16,2023-08-23,Completed
2029,36,5,2025-05-08,pending
2030,368,9,2025-08-17,PENDING
2031,257,12,2025-10-04,complete
2032,292,9,2025-02-26,SHIPPED
2033,146,8,2023-11-16,Returned
2034,209,5,2025-11-27,CANCELLED
2035,462,16,2023-09-21,Completed
2036,337,18,2025-03-12,Shipped
2037,302,11,2024-07-27,complete
2038,374,7,2024-04-25,PENDING
2039,427,1,2023-07-03,Completed
2040,305,3,2025-06-27,canceled
2041,23,8,2024-11-18,CANCELLED
2042,388,2,2024-04-16,cancelled
2043,46,14,2025-03-17,completed
2044,72,14,2025-11-30,canceled
2045,132,1,2024-12-12,COMPLETED
2046,281,8,2023-01-18,PENDING
2047,149,4,2023-09-13,SHIPPED
2048,209,12,2023-02-28,Returned
2049,51,16,2025-03-26,PENDING
2050,279,12,2023-02-20,Pending
2051,304,14,2025-06-04,completed
2052,230,3,2025-03-20,Pending
2053,347,18,2023-01-02,cancelled
2054,55,11,2025-09-03,CANCELLED
2055,195,18,2024-01-20,completed
2056,471,10,2023-09-13,Shipped
2057,97,5,2024-12-22,COMPLETED
2058,332,10,2025-12-12,shipped
2059,99617,9,2024-01-06,Returned
2060,26,1,2023-10-17,
2061,175,3,2025-11-04,Returned
2062,497,20,2024-12-06,cancelled
2063,108,18,2023-02-02,completed
2064,101,5,2024-06-19,SHIPPED
2065,294,8,2025-08-19,canceled
2066,168,3,2024-07-21,shipped
2067,466,2,2025-02-18,PENDING
2068,482,9,2024-11-07,SHIPPED
2069,340,12,2025-11-18,Cancelled
2070,288,8,2024-12-24,Pending
2071,111,13,2024-09-05,completed
2072,243,16,2023-01-10,canceled
2073,334,20,2024-03-23,canceled
2074,221,11,2023-03-06,canceled
2075,370,6,2025-12-25,completed
2076,89,20,2024-02-06,returned
2077,465,19,2024-10-06,shipped
2078,3,1,2023-05-10,shipped
2079,68,1,2024-09-06,Pending
2080,108,3,2023-10-13,cancelled
2081,318,11,2024-01-21,complete
2082,181,9,2023-12-08,returned
2083,223,13,2024-01-11,Completed
2084,271,12,2024-12-14,Cancelled
2085,21,3,2024-04-20,canceled
2086,387,15,2023-03-06,Returned
2087,213,8,2025-06-24,pending
2088,426,14,2023-12-08,complete
2089,264,4,2025-11-12,Shipped
2090,478,19,2024-04-24,cancelled
2091,473,11,2023-06-01,Completed
2092,169,19,2023-10-20,SHIPPED
2093,52,7,2024-07-28,Completed
2094,480,10,2023-11-08,cancelled
2095,440,18,2023-12-26,cancelled
2096,393,13,2025-08-13,complete
2097,13,9,2024-02-02,PENDING
2098,453,8,2023-06-23,Pending
2099,248,4,2024-10-18,complete
2100,310,11,2023-05-12,Pending
2101,73,3,2023-04-20,pending
2102,127,3,2024-10-21,SHIPPED
2103,14,19,2025-11-18,returned
2104,305,3,2025-02-03,Cancelled
2105,99181,999,2025-02-11,Returned
2106,110,10,2024-12-10,CANCELLED
2107,204,2,2024-07-11,PENDING
2108,236,10,2023-05-21,cancelled
2109,50,8,2023-09-28,CANCELLED
2110,193,18,2024-09-27,
2111,87,8,2023-12-22,PENDING
2112,386,17,2023-09-06,cancelled
2113,99550,3,2025-09-07,completed
2114,362,16,2025-05-27,completed
2115,358,2,2025-08-28,SHIPPED
2116,447,18,2024-10-18,completed
2117,57,19,2023-06-14,canceled
2118,216,5,2025-03-20,complete
2119,256,15,2025-07-02,SHIPPED
2120,124,13,2023-08-07,Shipped
2121,113,12,2025-01-14,PENDING
2122,245,2,2023-12-06,canceled
2123,155,13,2025-02-19,PENDING
454,235,4,2024-09-02,shipped
2125,58,18,2025-05-13,Cancelled
2126,199,18,2025-03-04,completed
2127,400,1,2023-02-27,cancelled
2128,432,12,2024-01-06,complete
2129,479,11,2024-04-01,Cancelled
2130,352,4,2023-06-17,Pending
2131,99,18,2023-08-22,Shipped
2132,246,15,2025-12-12,Cancelled
2133,146,15,2023-04-27,pending
2134,143,14,2024-11-18,complete
2135,53,1,2025-06-05,CANCELLED
2136,209,4,2023-12-11,shipped
2137,92,14,2023-07-31,SHIPPED
2138,260,19,2024-03-08,Completed
2139,86,4,2024-02-29,
2140,179,6,2023-08-24,PENDING
2141,429,16,2025-12-15,Completed
2142,29,6,2025-01-01,CANCELLED
2143,216,8,2023-09-11,PENDING
2144,467,11,2023-08-05,Pending
2145,35,9,2025-10-07,complete
2146,362,2,2023-09-06,Cancelled
2147,107,18,2024-05-30,Shipped
2148,125,998,2025-08-21,CANCELLED
2149,334,10,2025-01-12,returned
2150,374,20,2023-12-27,PENDING
2151,474,13,2025-11-06,PENDING
2152,479,1,2025-09-06,cancelled
2153,362,10,2023-09-29,Cancelled
2154,451,8,2023-05-06,Pending
2155,158,4,2023-07-24,Cancelled
2156,284,9,2023-11-15,Pending
2157,429,1,2024-09-22,COMPLETED
2158,219,11,2025-05-03,
2159,159,7,2023-05-14,CANCELLED
2160,154,3,2023-04-25,Shipped
2161,421,1,2024-02-13,Cancelled
2162,90,6,2024-05-10,SHIPPED
2163,217,6,2024-12-11,COMPLETED
2164,34,18,2024-01-28,
2165,407,9,2023-11-01,Pending
2166,210,10,2025-11-25,cancelled
2167,53,17,2025-02-19,Completed
2168,186,6,2024-08-05,Shipped
2169,284,1,2025-07-10,completed
2170,499,18,2025-12-07,Cancelled
2171,432,1,2024-05-24,SHIPPED
2172,308,16,2025-04-09,complete
2173,3,19,2024-11-27,returned
2174,146,20,2025-04-03,SHIPPED
2175,313,15,2023-02-03,completed
2176,222,3,2024-06-18,COMPLETED
2177,409,15,2023-07-30,shipped
2178,1,3,2025-10-31,complete
2179,134,6,2024-02-23,shipped
2180,223,11,2023-02-08,Cancelled
2181,331,14,2025-04-16,cancelled
2182,70,9,2023-12-31,Returned
2183,86,15,2023-09-12,pending
2184,350,18,2024-10-24,SHIPPED
2185,448,17,2023-05-27,cancelled
2186,126,14,2023-04-17,shipped
2187,44,3,2023-10-17,CANCELLED
2188,333,10,2025-10-28,Returned
2189,389,7,2025-03-04,PENDING
2190,156,7,2024-06-12,Shipped
2191,120,3,2023-11-05,SHIPPED
2192,381,15,2024-03-26,canceled
2193,237,6,2025-04-26,Shipped
2194,22,18,2025-09-27,Returned
2195,314,10,2024-05-05,CANCELLED
2196,98,15,2024-06-03,cancelled
2197,286,1,2024-06-27,Returned
2198,158,12,2024-02-14,Returned
2199,107,19,2023-04-30,Completed
2200,18,12,2025-03-26,cancelled
2201,176,11,2025-05-15,Pending
2202,67,14,2023-03-07,completed
2203,239,19,2023-06-11,canceled
2204,186,3,2023-06-11,Shipped
2205,45,11,2025-10-25,Cancelled
2206,374,15,2025-05-20,SHIPPED
2207,144,19,2025-04-22,Shipped
2208,315,12,2023-09-30,shipped
2209,35,6,2024-04-21,
2210,255,10,2023-02-05,cancelled
2211,469,9,2023-04-23,COMPLETED
2212,158,15,2024-05-13,COMPLETED
2213,257,9,2025-07-21,pending
2214,135,1,2023-12-07,Returned
2215,43,14,2025-04-27,Returned
2216,47,12,2023-06-06,pending
2217,137,14,2024-10-13,PENDING
2218,398,6,2023-09-01,CANCELLED
2219,30,17,2024-09-13,COMPLETED
2220,284,11,2025-01-09,complete
2221,318,18,2024-02-25,cancelled
2222,293,2,2023-04-24,COMPLETED
2223,97,20,2023-12-21,shipped
2224,124,2,2023-07-28,pending
2225,47,10,2025-04-02,CANCELLED
2226,101,3,2024-10-18,canceled
2227,273,4,2023-04-08,SHIPPED
2228,340,11,2025-07-24,SHIPPED
2229,167,10,2023-09-03,Pending
2230,209,20,2024-06-30,canceled
2231,470,4,2023-02-16,Shipped
2232,316,2,2025-12-14,Cancelled
2233,208,14,2025-10-28,COMPLETED
2234,476,6,2025-02-19,Shipped
2235,100,16,2023-06-26,
2236,410,12,2025-10-05,returned
2237,75,15,2024-07-01,pending
2238,238,5,2024-12-17,Completed
2239,453,1,2023-10-29,Shipped
2240,148,6,2024-01-08,shipped
2241,135,13,2024-11-29,Cancelled
2242,498,17,2024-11-07,Cancelled
2243,200,12,2025-06-02,Returned
2244,227,13,2024-12-12,cancelled
2245,491,5,2023-10-10,COMPLETED
2246,445,13,2023-01-19,Cancelled
2247,452,19,2023-02-01,
2248,374,17,2024-10-22,canceled
2249,386,15,2023-04-08,returned
2250,184,14,2025-08-29,CANCELLED
2251,374,1,2024-06-07,Shipped
2252,395,11,2025-02-17,Pending
2253,340,6,2023-11-22,completed
2254,112,12,2024-03-05,CANCELLED
2255,349,14,2025-09-20,completed
2256,166,8,2025-09-09,CANCELLED
2257,76,12,2024-02-15,shipped
2258,308,17,2025-09-27,Cancelled
2259,362,17,2025-03-01,Pending
2260,62,4,2025-10-06,Cancelled
2261,163,12,2025-06-11,Shipped
2262,122,1,2023-04-13,Pending
2263,402,2,2023-06-25,Returned
2264,473,5,2025-12-09,PENDING
2265,86,14,2023-04-10,Cancelled
2266,489,17,2023-03-10,PENDING
2267,37,11,2024-03-24,Shipped
2268,54,11,2024-06-18,shipped
2269,202,14,2025-09-19,Shipped
2270,70,11,2024-02-27,canceled
2271,307,17,2024-12-15,pending
2272,22,3,2025-01-01,PENDING
2273,345,11,2024-10-17,Pending
2274,112,12,2025-03-25,canceled
2275,99574,1,2025-09-11,complete
2276,248,3,2023-11-10,canceled
2277,400,7,2023-07-25,Pending
2278,126,11,2025-09-01,shipped
2279,460,1,2025-01-10,Cancelled
2280,327,8,2025-06-03,complete
2281,289,5,2023-01-06,Completed
2282,356,4,2024-12-09,returned
2283,25,11,2024-05-31,canceled
2284,340,9,2025-09-17,shipped
2285,206,8,2024-12-02,Returned
2286,169,12,2025-08-15,pending
2287,188,12,2023-02-06,shipped
2288,427,17,2023-07-20,pending
2289,396,4,2024-02-01,canceled
2290,239,13,2025-06-29,Returned
2291,415,8,2024-08-18,CANCELLED
2292,266,16,2024-08-03,Completed
2293,312,4,2023-02-09,completed
2294,54,2,2025-02-23,Cancelled
2295,222,6,2025-12-19,Shipped
2296,384,19,2024-04-29,SHIPPED
2297,181,14,2025-09-23,shipped
2298,24,15,2023-09-20,Cancelled
2299,119,4,2024-02-02,PENDING
2300,439,16,2024-09-26,Shipped
2301,161,19,2025-04-27,COMPLETED
2302,494,1,2023-04-16,cancelled
2303,224,18,2023-11-11,Pending
2304,486,14,2024-04-30,Cancelled
2305,73,17,2025-03-10,COMPLETED
2306,490,6,2023-06-04,CANCELLED
2307,43,19,2025-09-28,pending
2308,443,11,2025-07-13,Cancelled
2309,110,11,2024-07-27,complete
2310,341,11,2023-06-24,PENDING
2311,99346,7,2023-07-25,SHIPPED
2312,275,9,2025-10-14,pending
2313,134,8,2024-02-11,Completed
2314,227,7,2025-03-08,
2315,472,16,2023-04-05,
2316,223,18,2024-04-30,shipped
2317,248,3,2025-05-02,pending
2318,433,18,2023-04-12,Shipped
2319,116,6,2025-03-03,Shipped
2320,153,20,2023-06-20,cancelled
2321,402,19,2023-03-09,Returned
2322,67,4,2025-07-11,COMPLETED
2323,294,13,2023-10-19,completed
2324,492,8,2023-05-18,Shipped
2325,175,13,2023-01-08,completed
2326,188,17,2023-01-22,cancelled
2327,280,17,2024-09-02,COMPLETED
2328,123,11,2023-06-22,Cancelled
2329,354,4,2023-02-23,canceled
2330,46,18,2024-05-15,shipped
2331,362,19,2023-01-25,returned
2332,42,1,2024-01-29,returned
2333,156,9,2099-02-21,Shipped
2334,390,18,2024-10-18,Cancelled
2335,392,15,2025-08-09,Completed
2336,159,19,2025-07-20,cancelled
2337,242,2,2024-04-11,SHIPPED
2338,232,16,2024-06-24,completed
2339,274,19,2024-09-13,PENDING
2340,177,11,2024-08-15,shipped
2341,154,14,2023-08-29,Returned
2342,186,12,2025-05-06,returned
2343,296,17,2024-11-22,completed
2344,312,13,2025-12-18,completed
2345,303,6,2025-04-15,SHIPPED
2346,320,15,2025-06-21,shipped
2347,106,14,2023-10-23,Pending
2348,473,3,2023-04-23,shipped
2349,199,2,2025-04-13,Pending
2350,99,8,2023-04-17,cancelled
2351,404,1,2025-02-12,cancelled
2352,99626,5,2024-01-26,Shipped
2353,157,17,2024-12-04,Completed
2354,482,17,2024-11-19,CANCELLED
2355,297,17,2023-01-21,canceled
2356,4,15,2025-04-20,pending
2357,246,14,2025-12-21,Shipped
2358,118,5,2023-12-12,Returned
2359,319,11,2025-04-01,pending
2360,269,6,2025-11-29,COMPLETED
2361,159,14,2023-12-22,Shipped
2362,5,6,2025-11-03,
2363,92,10,2024-11-24,completed
2364,361,1,2023-06-18,canceled
2365,204,16,2023-10-09,Completed
2366,213,15,2024-10-16,
2367,349,15,2024-06-01,cancelled
2368,247,11,2024-08-21,PENDING
2369,191,16,2023-10-18,PENDING
2370,6,3,2024-06-15,pending
2371,39,18,2024-12-01,returned
2372,370,14,2025-10-13,Returned
2373,67,19,2023-09-25,pending
2374,65,5,2025-07-10,PENDING
2375,259,4,2024-12-04,shipped
2376,40,7,2025-06-27,completed
2377,426,10,2023-08-15,Pending
2378,424,14,2023-11-21,COMPLETED
2379,355,10,2025-08-20,SHIPPED
2380,88,9,2024-08-31,CANCELLED
2381,237,6,2025-02-09,Shipped
2382,115,2,2023-11-17,cancelled
2383,10,5,2024-08-23,Completed
2384,291,20,2023-05-15,cancelled
2385,451,13,2023-10-11,pending
2386,401,2,2023-06-23,Completed
2387,76,4,2023-08-21,Pending
2388,133,11,2025-05-12,completed
2389,65,8,2024-03-21,Cancelled
2390,81,8,2024-10-23,Returned
2391,43,8,2023-02-10,Pending
2392,400,11,2023-01-22,completed
2393,326,10,2025-07-17,canceled
2394,251,11,2024-10-13,canceled
2395,206,20,2023-10-22,SHIPPED
2396,442,19,2024-04-05,cancelled
2397,10,7,2024-01-11,Pending
2398,114,7,2024-05-23,complete
2399,479,9,2024-11-28,PENDING
2400,217,6,2023-11-09,Cancelled
2401,192,15,2023-11-19,Completed
2402,25,5,2024-10-30,COMPLETED
2403,274,2,2024-06-30,Cancelled
2404,419,10,2024-11-29,Pending
2405,45,8,2025-11-11,Returned
2406,47,12,2023-02-13,canceled
2407,391,20,2025-08-21,CANCELLED
2408,458,14,2024-04-17,pending
2409,9,14,2023-09-04,COMPLETED
2410,337,14,2024-05-01,
2411,482,2,2024-08-15,Shipped
2412,334,15,2025-08-01,PENDING
2413,468,2,2023-03-19,canceled
2414,50,7,2023-11-01,complete
2415,144,13,2023-08-23,complete
2416,363,12,2023-07-01,SHIPPED
2417,180,19,2025-02-20,Pending
2418,18,5,2025-09-26,
2419,345,10,2025-07-05,PENDING
2420,239,1,2025-12-28,returned
2421,307,19,2025-01-30,canceled
2422,237,9,2025-03-04,SHIPPED
2423,214,3,2024-11-22,COMPLETED
2424,24,20,2025-01-18,canceled
2425,258,15,2024-03-05,Completed
2426,493,11,2024-03-14,Returned
2427,347,13,2025-10-11,Pending
2428,145,5,2023-01-26,Completed
2429,419,11,2023-02-18,canceled
2430,382,19,2024-03-03,returned
2431,70,4,2025-03-13,canceled
2432,344,1,2023-06-12,canceled
2433,10,9,2023-08-06,SHIPPED
2434,387,17,2025-10-13,Shipped
2435,232,13,2099-04-25,Completed
2436,147,13,2025-08-16,complete
2437,189,2,2024-06-21,Pending
2438,466,3,2025-04-25,complete
2439,66,18,2024-08-24,Completed
2440,100,11,2023-10-15,canceled
2441,75,9,2023-11-02,Shipped
2442,445,15,2023-06-07,COMPLETED
2443,468,5,2025-02-17,complete
2444,310,19,2025-04-17,Cancelled
2445,48,19,2023-09-12,pending
2446,194,20,2023-10-20,SHIPPED
2447,109,2,2024-03-27,PENDING
2448,57,18,2023-08-01,CANCELLED
2449,119,4,2025-06-30,canceled
2450,185,19,2024-07-16,Shipped
2451,419,17,2024-03-11,Cancelled
2452,467,11,2025-08-28,returned
2453,308,2,2025-07-20,PENDING
2454,136,19,2025-12-11,cancelled
2455,118,20,2024-08-14,Shipped
2456,427,8,2023-12-10,shipped
2457,331,12,2025-09-28,COMPLETED
2458,14,20,2025-04-11,complete
2459,20,10,2023-02-13,Shipped
2460,288,19,2025-11-28,COMPLETED
2461,127,4,2023-02-21,returned
2462,99073,8,2025-09-11,PENDING
2463,479,17,2023-07-31,returned
2464,217,2,2024-07-23,COMPLETED
2465,484,12,2024-11-15,Cancelled
2466,339,19,2025-04-13,shipped
2467,56,1,2024-03-08,completed
2468,160,19,2024-01-04,shipped
2469,58,20,2025-09-05,complete
2470,291,14,2023-11-13,pending
2471,383,12,2025-12-13,cancelled
2472,246,13,2025-07-17,COMPLETED
2473,141,4,2025-09-13,Completed
2474,287,16,2024-04-13,pending
2475,199,1,2025-03-16,PENDING
2476,135,13,2024-03-03,returned
2477,340,11,2025-01-08,cancelled
2478,339,4,2025-03-20,pending
2479,427,2,2024-11-05,Shipped
2480,99682,4,2023-04-24,COMPLETED
2481,236,9,2024-05-31,COMPLETED
2482,119,986,2025-11-14,canceled
2483,294,18,2025-04-09,PENDING
2484,135,16,2025-08-12,SHIPPED
2485,497,14,2023-05-24,COMPLETED
2486,70,1,2025-04-21,Shipped
2487,197,8,2023-03-01,complete
2488,123,7,2024-10-10,COMPLETED
2489,141,8,2023-10-29,COMPLETED
2490,338,11,2023-10-14,Shipped
2491,90,20,2024-05-07,CANCELLED
2492,96,20,2025-04-28,Cancelled
2493,472,14,2025-06-09,complete
2494,114,14,2024-06-11,completed
2495,44,11,2024-12-13,Completed
2496,358,16,2025-12-22,Pending
2497,353,9,2025-03-10,complete
2498,495,1,2024-03-19,canceled
2499,90,12,2025-09-29,returned
2500,101,12,2025-09-28,shipped
2501,418,15,2024-07-05,Returned
2502,494,1,2024-03-23,shipped
2503,442,4,2023-11-25,Pending
2504,8,12,2025-03-25,pending
2505,130,18,2023-10-13,Pending
2506,242,17,2025-12-10,returned
2507,181,10,2024-12-15,
2508,230,18,2024-08-27,COMPLETED
2509,251,14,2024-03-04,Pending
2510,181,1,2023-02-07,Completed
2511,353,9,2023-09-21,PENDING
2512,99428,15,2023-10-03,pending
2513,2,7,2024-07-10,Cancelled
2514,414,4,2025-06-09,completed
2515,213,8,2023-09-11,SHIPPED
2516,242,10,2023-01-19,Cancelled
2517,33,13,2023-07-23,returned
2518,148,11,2023-02-26,complete
2519,298,6,2099-11-22,complete
2520,99837,20,2025-04-15,SHIPPED
2521,100,6,2024-11-09,Pending
2522,283,11,2025-10-27,returned
2523,121,9,2023-04-28,canceled
2524,481,7,2025-01-15,complete
2525,419,17,2025-06-10,Pending
2526,228,19,2023-02-08,
2527,463,17,2023-01-15,complete
2528,410,10,2023-09-26,cancelled
2529,492,10,2025-01-16,CANCELLED
2530,209,15,2025-10-12,COMPLETED
2531,230,18,2024-04-02,CANCELLED
2532,227,11,2023-08-02,shipped
2533,467,4,2024-12-14,Pending
2534,195,20,2025-02-08,PENDING
2535,384,17,2025-11-23,completed
2536,144,4,2023-08-28,Returned
2537,305,4,2024-11-03,cancelled
2538,384,17,2024-12-23,shipped
2539,288,17,2025-03-23,Cancelled
2540,240,8,2023-04-15,completed
2541,255,20,2024-08-31,Cancelled
2542,57,2,2025-07-14,Pending
2543,328,11,2024-08-06,returned
2544,56,1,2024-06-14,PENDING
2545,489,19,2023-04-21,SHIPPED
2546,231,8,2025-10-14,COMPLETED
2547,422,10,2023-03-21,PENDING
2548,344,15,2025-08-11,PENDING
2549,321,965,2025-12-30,pending
2550,257,1,2024-04-28,CANCELLED
2551,350,6,2024-04-04,pending
2552,202,6,2025-07-28,CANCELLED
2553,231,20,2023-04-20,cancelled
2554,150,20,2024-11-06,shipped
2555,232,2,2023-11-01,Returned
2556,499,12,2024-07-15,complete
2557,289,20,2023-07-10,completed
2558,225,4,2023-11-12,cancelled
2559,187,10,2025-05-08,completed
2560,166,11,2024-11-12,PENDING
2561,256,18,2024-09-30,pending
2562,99,20,2023-05-07,Completed
2563,380,13,2025-02-11,pending
2564,476,6,2024-01-12,shipped
2565,206,20,2023-03-18,returned
2566,490,4,2023-12-20,PENDING
2567,235,16,2023-12-02,COMPLETED
2568,122,8,2023-05-29,Shipped
2569,58,943,2024-04-04,Pending
2570,29,5,2023-10-25,returned
2571,400,10,2024-10-25,returned
2572,478,13,2024-02-01,completed
2573,86,19,2023-04-19,SHIPPED
2574,71,9,2025-10-02,SHIPPED
2575,332,9,2025-06-20,CANCELLED
2576,232,9,2025-08-19,Cancelled
2577,99713,9,2025-05-03,Completed
2578,464,17,2025-07-18,canceled
2579,408,17,2023-10-28,COMPLETED
2580,132,1,2023-01-03,COMPLETED
2581,18,13,2025-11-21,Shipped
2582,497,12,2023-05-12,PENDING
2583,390,9,2023-10-01,shipped
2584,430,1,2023-06-23,Cancelled
2585,2,4,2099-08-23,Shipped
2586,188,16,2025-08-15,Completed
2587,146,14,2025-02-02,returned
2588,151,2,2024-11-01,completed
2589,418,18,2025-01-11,shipped
2590,148,6,2024-04-15,Completed
2591,89,16,2025-01-16,Returned
2592,355,11,2024-04-16,returned
2593,390,5,2025-02-24,Cancelled
2594,145,10,2023-08-20,returned
2595,403,12,2023-07-10,cancelled
2596,314,15,2025-05-17,returned
2597,347,1,2025-12-21,COMPLETED
2598,307,12,2025-12-02,COMPLETED
2599,18,7,2024-11-22,Completed
2600,136,19,2025-06-13,cancelled
2601,378,4,2023-08-27,shipped
2602,493,14,2025-05-18,CANCELLED
2603,40,19,2025-04-23,Completed
2604,356,9,2025-12-25,pending
2605,136,20,2025-10-11,CANCELLED
2606,424,19,2025-11-24,complete
2607,33,10,2025-08-21,Cancelled
2608,151,8,2025-07-22,Cancelled
2609,451,9,2025-05-30,CANCELLED
2610,177,20,2024-01-06,SHIPPED
2611,333,19,2025-12-10,canceled
2612,453,10,2023-05-22,
2613,70,19,2024-03-12,completed
2614,223,15,2024-11-12,PENDING
2615,265,4,2023-11-10,canceled
2616,125,12,2025-04-13,shipped
2617,70,8,2023-05-08,completed
2618,130,11,2024-04-20,pending
2619,124,7,2025-06-20,Returned
2620,333,10,2025-07-24,PENDING
2621,54,3,2024-03-05,
2622,463,2,2025-03-20,canceled
2623,170,13,2024-04-19,canceled
2624,85,18,2025-12-05,Pending
2625,277,19,2023-03-26,Cancelled
2626,311,10,2023-12-26,canceled
2627,79,3,2024-03-27,returned
2628,443,6,2023-02-04,Shipped
2629,65,16,2025-03-08,CANCELLED
2630,237,1,2024-05-13,Returned
2631,138,3,2023-01-15,cancelled
2632,325,12,2025-09-10,Pending
2633,440,15,2025-10-20,Completed
2634,272,19,2025-08-20,returned
2635,423,18,2024-12-06,completed
2636,131,5,2024-11-09,SHIPPED
2637,359,19,2025-07-10,Completed
2638,245,18,2023-05-22,canceled
2639,120,11,2025-02-17,Cancelled
2640,136,14,2025-10-19,Pending
2641,354,18,2024-11-07,returned
2642,217,8,2024-06-20,Cancelled
2643,17,1,2024-10-23,Completed
2644,295,4,2024-05-09,COMPLETED
2645,279,12,2025-05-18,COMPLETED
2646,485,7,2024-02-28,PENDING
2647,67,15,2025-10-02,COMPLETED
2648,188,20,2025-01-23,canceled
2649,291,19,2025-01-29,CANCELLED
2650,353,5,2023-06-19,shipped
2651,147,18,2024-04-04,CANCELLED
2652,460,2,2025-07-17,Pending
2653,333,3,2024-01-14,shipped
2654,164,7,2023-03-24,Returned
2655,452,7,2023-02-22,pending
2656,422,8,2023-12-19,Pending
2657,147,989,2023-12-21,SHIPPED
2658,407,19,2024-05-28,COMPLETED
2659,186,6,2024-12-25,Completed
2660,419,9,2023-07-01,cancelled
2661,209,970,2023-06-28,PENDING
2662,374,9,2025-10-25,PENDING
2663,320,6,2025-08-03,Pending
2664,66,4,2023-11-05,COMPLETED
2665,258,8,2023-03-22,canceled
2666,270,2,2025-12-17,SHIPPED
2667,97,19,2023-08-09,Completed
2668,112,13,2024-02-28,cancelled
2669,321,2,2024-09-07,COMPLETED
2670,440,18,2023-07-08,Returned
2671,444,8,2024-02-26,cancelled
2672,304,1,2025-10-06,Returned
2673,424,15,2024-12-11,returned
2674,194,7,2023-08-29,Returned
2675,40,2,2024-10-08,returned
2676,489,19,2025-02-15,SHIPPED
2677,7,20,2024-07-29,Shipped
2678,441,8,2024-03-22,Returned
2679,268,1,2025-10-11,Completed
2680,94,7,2023-03-04,Returned
2681,278,18,2024-01-30,cancelled
2682,3,16,2024-01-17,CANCELLED
2683,73,18,2024-11-22,complete
2684,458,14,2023-02-19,Pending
2685,254,7,2025-09-28,PENDING
2686,9,8,2025-04-22,canceled
2687,141,16,2024-06-28,COMPLETED
2688,55,12,2023-12-12,Completed
2689,155,913,2023-08-16,COMPLETED
2690,58,7,2025-02-15,Shipped
2691,470,7,2025-02-07,Pending
2692,401,11,2024-07-06,Cancelled
2693,497,17,2024-06-07,cancelled
2694,137,7,2024-08-17,CANCELLED
2695,291,14,2025-05-18,completed
2696,490,5,2023-11-08,cancelled
2697,301,9,2023-09-15,returned
2698,200,8,2025-12-31,Completed
2699,348,1,2024-02-01,COMPLETED
2700,185,4,2023-05-23,Cancelled
2701,485,9,2025-12-16,PENDING
2702,417,1,2025-05-10,CANCELLED
2703,449,10,2024-01-07,canceled
2704,295,5,2023-06-23,Returned
2705,182,5,2025-08-30,completed
2706,381,3,2025-07-04,canceled
2707,95,4,2025-04-18,Pending
2708,264,3,2023-04-05,returned
2709,65,20,2024-08-04,Shipped
2710,123,9,2024-09-09,canceled
2711,327,8,2024-10-03,PENDING
2712,346,16,2025-01-05,complete
2713,71,11,2025-02-13,Returned
2714,266,3,2025-12-10,Completed
2715,305,1,2025-09-25,SHIPPED
2716,206,13,2023-06-17,cancelled
2717,186,6,2024-09-10,CANCELLED
2718,255,16,2024-08-21,Returned
2719,287,4,2023-10-29,complete
2720,373,1,2023-12-01,Completed
2721,211,5,2025-05-31,PENDING
2722,293,12,2025-07-29,pending
2723,1,7,2025-08-25,completed
2724,250,2,2025-12-16,SHIPPED
2725,223,19,2024-04-05,Completed
2726,264,17,2024-07-09,SHIPPED
2727,226,6,2025-04-19,canceled
2728,175,15,2023-09-30,Cancelled
2729,83,15,2024-07-09,completed
2730,100,5,2023-11-02,Pending
2731,116,5,2025-03-07,shipped
2732,488,8,2023-01-21,Completed
2733,397,2,2025-02-19,CANCELLED
2734,239,16,2025-01-23,PENDING
2735,304,2,2025-01-03,Shipped
2736,308,7,2023-10-06,Cancelled
2737,182,6,2025-11-30,cancelled
2738,173,7,2023-07-28,Returned
2739,366,1,2024-10-01,Completed
2740,137,8,2024-02-07,PENDING
2741,325,3,2023-09-19,completed
2742,52,12,2023-08-21,Shipped
2743,335,10,2025-01-26,canceled
2744,50,18,2024-03-31,SHIPPED
2745,366,15,2024-02-10,SHIPPED
2746,105,5,2025-12-13,Completed
2747,467,17,2024-03-21,shipped
2748,305,19,2025-05-11,COMPLETED
2749,66,13,2025-06-11,Shipped
2750,207,8,2024-09-01,canceled
2751,273,5,2025-01-03,completed
2752,159,16,2025-02-19,shipped
2753,465,10,2024-02-26,cancelled
2754,173,10,2023-01-15,CANCELLED
2755,186,12,2024-02-11,Returned
2756,379,1,2023-10-27,PENDING
2757,350,6,2024-12-19,returned
2758,96,7,2024-08-06,PENDING
2759,335,4,2023-09-11,
2760,369,1,2025-06-24,pending
2761,387,18,2024-02-09,shipped
2762,248,2,2023-02-17,SHIPPED
2763,363,12,2023-08-09,Returned
2764,199,19,2024-09-06,PENDING
2765,277,18,2023-04-27,CANCELLED
2766,16,13,2025-06-13,PENDING
2767,156,15,2023-07-05,cancelled
2768,418,2,2025-04-05,Completed
2769,30,2,2025-11-13,Shipped
2770,488,9,2024-03-31,shipped
2771,169,4,2024-01-18,Shipped
2772,232,17,2023-04-03,SHIPPED
2773,1,19,2023-05-01,returned
2774,468,3,2025-05-22,CANCELLED
2775,373,13,2024-10-03,SHIPPED
2776,360,19,2023-04-01,complete
2777,111,5,2025-05-01,completed
2778,161,1,2023-02-23,Returned
2779,55,1,2023-05-21,shipped
2780,278,12,2023-04-23,COMPLETED
2781,395,7,2025-04-01,Completed
2782,295,19,2024-03-31,returned
2783,339,16,2023-01-16,pending
2784,84,18,2025-01-18,complete
2785,493,7,2023-10-15,shipped
2786,289,9,2023-03-26,PENDING
2787,480,16,2025-01-13,pending
2788,4,4,2023-05-20,Pending
2789,380,2,2024-04-15,shipped
2790,252,6,2023-08-14,COMPLETED
2791,335,8,2024-03-29,shipped
2792,394,5,2023-05-02,complete
2793,175,18,2025-10-31,complete
2794,361,4,2025-04-08,canceled
2795,46,2,2024-03-20,
2796,398,18,2023-01-28,SHIPPED
2797,360,20,2025-10-20,cancelled
2798,135,12,2023-03-03,
2799,171,17,2023-03-13,returned
2800,305,20,2024-12-14,Cancelled
2801,41,20,2023-02-02,returned
2802,435,18,2024-08-12,COMPLETED
2803,100,13,2024-08-08,Shipped
2804,345,17,2024-10-17,
2805,199,15,2025-03-05,Shipped
2806,205,7,2024-09-23,Shipped
2807,324,14,2025-09-16,shipped
2808,382,10,2023-04-02,Returned
2809,368,11,2023-10-31,CANCELLED
2810,200,1,2025-12-03,canceled
2811,232,12,2023-04-26,shipped
2812,170,3,2024-01-21,shipped
2813,99627,20,2024-04-15,pending
2814,64,910,2023-10-28,Cancelled
2815,56,9,2023-06-03,Returned
2816,465,7,2025-08-11,pending
2817,388,4,2025-05-24,COMPLETED
2818,290,17,2023-06-15,Completed
2819,78,6,2025-04-16,SHIPPED
2820,186,15,2024-08-01,pending
2821,154,18,2023-10-22,Returned
2822,160,6,2023-09-20,complete
2823,270,6,2023-02-21,Cancelled
2824,377,17,2025-08-24,returned
2825,469,2,2025-12-26,Returned
2826,424,3,2023-09-22,PENDING
2827,111,13,2025-01-07,pending
2828,336,10,2023-06-18,cancelled
2829,8,3,2024-07-22,Shipped
2830,237,7,2024-03-13,Returned
2831,436,8,2024-05-12,returned
2832,316,3,2023-02-21,canceled
2833,308,18,2024-12-29,COMPLETED
2834,48,16,2025-11-14,pending
2835,79,9,2024-03-21,cancelled
2836,148,2,2024-03-07,Pending
2837,136,15,2023-01-29,complete
2838,450,17,2024-03-23,canceled
2839,255,15,2023-02-06,shipped
2840,99990,5,2023-11-28,pending
2841,404,18,2023-09-18,PENDING
2842,443,6,2025-09-11,returned
2843,405,7,2024-02-09,shipped
2844,221,2,2025-04-03,Completed
2845,119,7,2024-05-31,CANCELLED
2846,297,18,2023-07-07,canceled
2847,180,9,2024-01-07,cancelled
2848,243,1,2024-09-20,cancelled
2849,487,3,2025-04-21,shipped
2850,413,12,2024-06-12,Returned
2851,54,14,2024-02-01,Returned
2852,219,16,2025-09-26,SHIPPED
2853,159,9,2023-05-30,completed
2854,410,14,2025-10-03,completed
2855,208,1,2023-03-09,complete
2856,1,6,2024-02-12,Pending
2857,300,3,2023-01-06,Shipped
2858,398,9,2025-07-31,
2859,338,3,2024-12-02,completed
2860,294,8,2025-03-03,Shipped
2861,390,6,2025-06-04,Completed
2862,291,6,2024-06-30,Returned
2863,331,15,2024-02-05,returned
2864,172,20,2023-07-16,Returned
2865,374,14,2023-01-10,CANCELLED
2866,275,18,2025-05-10,CANCELLED
2867,483,13,2025-09-07,canceled
2868,469,14,2024-07-14,Pending
2869,203,14,2024-12-19,Cancelled
2870,336,13,2024-06-15,returned
2871,432,8,2024-07-17,CANCELLED
2872,67,12,2024-05-09,completed
2873,426,20,2025-03-26,Cancelled
2874,226,12,2024-07-26,Returned
2875,273,18,2025-01-31,Pending
2876,209,10,2025-12-10,completed
2877,29,9,2023-06-28,Shipped
2878,362,1,2024-10-05,pending
2879,446,19,2025-06-03,Shipped
2880,137,13,2025-06-03,pending
2881,402,16,2024-06-25,Completed
2882,146,3,2023-04-20,Returned
2883,274,20,2024-11-02,Cancelled
2884,290,7,2025-11-27,completed
2885,111,15,2025-01-30,PENDING
2886,414,6,2025-04-19,completed
2887,241,16,2023-05-04,complete
2888,123,13,2023-07-14,pending
2889,187,19,2025-12-02,complete
2890,466,16,2025-04-22,CANCELLED
2891,6,3,2023-04-02,shipped
2892,219,16,2023-03-15,canceled
2893,263,1,2024-04-11,shipped
2894,444,10,2023-01-15,pending
2895,315,915,2025-07-14,cancelled
2896,412,8,2023-06-19,CANCELLED
2897,137,9,2023-03-27,CANCELLED
2898,13,6,2023-03-10,SHIPPED
2899,176,20,2023-04-21,PENDING
2900,461,20,2025-04-03,Pending
2901,494,9,2023-01-07,complete
2902,407,6,2025-08-06,complete
2903,312,3,2099-10-30,PENDING
2904,72,13,2025-11-25,canceled
2905,355,8,2023-04-25,canceled
2906,265,16,2025-07-04,pending
2907,327,8,2025-12-13,COMPLETED
2908,441,17,2023-10-10,pending
2909,51,6,2025-01-12,SHIPPED
2910,339,11,2024-11-24,complete
2911,437,11,2024-09-13,Shipped
2912,8,10,2025-11-15,complete
2913,378,19,2023-10-06,canceled
2914,14,14,2025-01-09,PENDING
2915,262,2,2025-11-05,pending
2916,154,15,2025-10-14,Pending
2917,61,17,2025-07-05,cancelled
2918,20,2,2024-08-06,canceled
2919,353,15,2024-06-27,complete
2920,348,14,2025-09-27,cancelled
2921,87,14,2025-07-03,completed
2922,80,5,2025-10-02,shipped
2923,145,4,2024-02-18,Completed
2924,187,8,2024-08-16,CANCELLED
2925,223,4,2025-05-18,PENDING
2926,476,14,2025-04-29,shipped
2927,412,3,2023-03-03,Completed
2928,46,11,2025-08-23,COMPLETED
2929,299,13,2025-02-24,cancelled
2930,216,19,2025-11-26,completed
2931,191,18,2024-02-08,shipped
2932,83,2,2023-03-09,cancelled
2933,222,19,2023-03-29,
2934,287,17,2023-12-14,COMPLETED
2935,271,15,2025-11-30,returned
2936,452,5,2023-01-17,COMPLETED
2937,393,10,2025-09-11,SHIPPED
2938,132,18,2024-02-02,Returned
2939,123,11,2025-11-27,Returned
2940,140,6,2024-09-29,COMPLETED
2941,197,7,2024-11-16,CANCELLED
2942,335,20,2024-07-25,Shipped
2943,6,19,2025-02-07,Shipped
2944,414,4,2024-01-08,pending
2945,323,5,2024-06-29,Pending
2946,107,18,2024-07-06,COMPLETED
2947,471,17,2024-10-31,Cancelled
2948,198,11,2025-07-09,shipped
2949,198,1,2023-04-21,pending
2950,246,9,2024-06-07,SHIPPED
2951,19,4,2024-06-06,Cancelled
2952,32,3,2025-11-10,complete
2953,128,19,2023-07-09,completed
2954,322,8,2024-10-10,Completed
2955,97,6,2025-10-22,SHIPPED
2956,96,19,2023-04-08,PENDING
2957,99041,17,2023-06-08,Completed
2958,42,12,2025-07-29,canceled
2959,186,1,2024-11-14,Pending
2960,49,10,2024-03-17,PENDING
2961,4,16,2025-01-20,COMPLETED
2962,460,5,2023-08-11,canceled
2963,422,10,2025-07-04,Completed
2964,65,8,2023-06-28,shipped
2965,114,3,2025-04-27,completed
2966,233,11,2023-11-03,Completed
2967,457,2,2023-10-22,completed
2968,463,14,2025-09-25,CANCELLED
2969,37,3,2025-12-06,PENDING
2970,187,7,2024-04-15,completed
2971,272,19,2024-10-16,SHIPPED
2972,459,10,2024-01-21,cancelled
2973,203,14,2025-12-18,CANCELLED
2974,74,10,2023-05-21,COMPLETED
2975,259,11,2023-07-21,canceled
2976,127,14,2024-02-20,
2977,359,15,2099-04-19,canceled
2978,135,15,2023-03-09,returned
2979,139,4,2024-01-12,Pending
2980,413,7,2025-08-21,shipped
2981,194,12,2023-03-17,cancelled
2982,123,3,2023-04-28,COMPLETED
2983,281,3,2025-09-26,Shipped
2984,266,9,2024-09-06,canceled
2985,424,11,2024-02-19,completed
2986,196,1,2024-06-18,Returned
2987,218,6,2025-07-10,Pending
2988,478,13,2023-05-13,completed
2989,311,8,2025-06-11,COMPLETED
2990,2,3,2025-08-15,pending
2991,87,12,2025-12-08,Returned
2992,344,5,2025-02-28,complete
2993,332,20,2025-04-01,Returned
2994,493,13,2023-08-18,pending
2995,462,7,2025-01-24,returned
2996,401,6,2024-12-21,complete
2997,451,17,2025-05-02,complete
2998,251,9,2025-11-09,Returned
2999,443,20,2024-11-13,cancelled
3000,303,4,2023-12-30,COMPLETED
3001,195,14,2023-09-10,complete
3002,493,7,2024-03-07,PENDING
3003,285,7,2023-03-23,pending
3004,401,8,2024-04-27,SHIPPED
3005,307,18,2025-10-02,complete
3006,303,19,2024-02-08,returned
3007,410,19,2024-03-28,SHIPPED
3008,407,9,2025-06-18,Completed
3009,355,16,2023-06-11,pending
3010,329,12,2024-05-22,COMPLETED
3011,17,5,2025-07-29,Completed
3012,303,12,2025-07-12,Pending
3013,103,14,2025-02-12,completed
3014,167,19,2024-07-11,Cancelled
3015,403,1,2024-09-06,Returned
3016,143,5,2023-08-23,
3017,259,20,2025-05-01,complete
3018,434,19,2024-05-17,CANCELLED
3019,258,3,2023-07-26,Completed
3020,190,3,2025-04-23,Pending
3021,482,11,2024-08-04,Pending
3022,175,13,2023-12-14,canceled
3023,43,8,2024-08-27,Completed
3024,475,9,2025-08-25,Completed
3025,128,17,2023-06-07,shipped
3026,69,3,2099-12-30,canceled
3027,205,17,2023-03-27,Cancelled
3028,375,11,2024-07-06,PENDING
3029,412,17,2024-11-28,COMPLETED
3030,389,18,2023-08-27,shipped
3031,290,11,2023-12-30,Pending
3032,442,4,2024-08-02,Cancelled
3033,146,910,2024-03-19,Shipped
3034,298,6,2025-04-24,
3035,364,15,2024-09-10,canceled
3036,258,17,2025-03-11,COMPLETED
3037,96,20,2023-09-13,CANCELLED
3038,468,9,2023-09-11,PENDING
3039,287,4,2023-07-21,pending
3040,425,6,2024-04-27,completed
3041,372,9,2025-03-19,COMPLETED
3042,81,5,2024-10-03,Cancelled
3043,226,15,2025-08-28,pending
3044,334,19,2025-10-07,SHIPPED
3045,155,18,2025-10-19,Completed
3046,407,2,2023-02-11,Completed
3047,38,20,2025-10-06,returned
3048,142,12,2024-08-15,PENDING
3049,433,8,2024-10-15,complete
3050,476,7,2025-02-19,Pending
3051,334,1,2025-09-06,Completed
3052,119,15,2024-04-18,shipped
3053,42,19,2024-01-19,CANCELLED
3054,369,1,2025-08-19,completed
3055,371,10,2024-08-01,Shipped
3056,194,14,2023-09-14,completed
3057,184,9,2024-07-26,Pending
3058,171,7,2024-01-22,COMPLETED
3059,212,12,2023-08-13,complete
3060,159,8,2025-05-28,completed
3061,16,16,2024-05-01,pending
3062,199,16,2025-10-25,Completed
3063,490,6,2024-03-19,pending
3064,455,17,2024-04-16,returned
3065,164,4,2023-05-25,CANCELLED
3066,388,7,2023-05-25,PENDING
3067,460,18,2025-10-28,Completed
3068,172,19,2024-06-15,cancelled
3069,261,8,2025-05-05,COMPLETED
3070,67,5,2024-09-15,COMPLETED
3071,135,3,2025-05-19,returned
3072,95,10,2025-09-06,PENDING
3073,144,10,2025-10-11,canceled
3074,211,2,2023-02-12,COMPLETED
3075,103,11,2025-01-20,canceled
3076,390,5,2023-09-19,shipped
3077,355,3,2025-09-28,Returned
3078,422,14,2025-09-02,COMPLETED
3079,337,7,2023-06-22,returned
3080,22,16,2024-04-05,Cancelled
3081,210,3,2025-07-23,complete
3082,16,19,2025-04-04,Completed
3083,55,16,2024-10-15,complete
3084,167,13,2023-10-15,canceled
3085,299,3,2024-10-09,cancelled
3086,459,5,2023-04-22,COMPLETED
3087,287,6,2023-04-23,shipped
3088,345,10,2023-03-15,SHIPPED
3089,258,18,2023-12-04,pending
3090,391,2,2025-07-21,completed
3091,388,16,2023-05-20,canceled
3092,188,18,2023-02-01,completed
3093,283,16,2023-06-17,Cancelled
3094,395,16,2023-05-02,SHIPPED
3095,9,17,2025-08-06,
3096,398,10,2024-08-24,returned
3097,193,17,2025-09-15,Completed
3098,30,8,2025-11-17,returned
3099,257,19,2023-10-20,Pending
3100,438,4,2024-01-28,canceled
3101,417,12,2025-02-15,complete
3102,42,16,2023-04-27,returned
3103,80,13,2025-08-18,CANCELLED
3104,47,5,2024-02-25,Cancelled
3105,304,1,2023-10-09,
3106,333,2,2023-03-09,COMPLETED
3107,84,14,2025-06-15,shipped
3108,343,14,2023-09-03,CANCELLED
3109,367,9,2023-10-18,Cancelled
3110,108,11,2023-11-12,shipped
3111,436,10,2023-03-06,PENDING
3112,118,17,2023-04-25,CANCELLED
3113,266,1,2025-10-12,COMPLETED
3114,323,7,2025-01-08,canceled
3115,144,16,2025-10-05,Cancelled
3116,301,10,2025-05-24,SHIPPED
3117,448,5,2025-03-10,returned
3118,107,19,2024-04-11,shipped
3119,335,1,2023-07-26,Cancelled
3120,185,12,2024-02-10,SHIPPED
3121,315,8,2023-10-17,returned
3122,204,12,2023-08-02,complete
3123,112,2,2024-04-18,canceled
3124,261,9,2024-07-01,shipped
3125,219,16,2024-06-25,CANCELLED
3126,358,12,2024-12-26,complete
3127,372,10,2023-10-22,cancelled
3128,350,1,2023-11-27,Shipped
3129,244,15,2025-04-16,completed
3130,21,13,2024-11-19,Pending
3131,41,1,2024-12-18,pending
3132,20,10,2024-11-24,pending
3133,216,9,2024-01-09,Cancelled
3134,420,15,2024-02-01,returned
3135,199,19,2024-01-19,complete
3136,1,6,2023-05-19,Cancelled
3137,198,19,2025-02-22,CANCELLED
3138,185,16,2024-05-24,Pending
3139,100,15,2024-03-30,shipped
3140,431,15,2024-04-11,Returned
3141,141,10,2025-11-25,Pending
3142,468,20,2023-02-24,completed
242,89,16,2023-06-24,complete
3144,500,6,2024-05-17,CANCELLED
3145,68,3,2024-11-02,returned
3146,185,20,2023-03-02,Completed
3147,454,3,2025-08-10,Cancelled
3148,13,17,2025-05-16,Returned
3149,174,1,2024-11-24,CANCELLED
3150,466,8,2025-03-11,Shipped
3151,220,4,2023-09-13,Completed
3152,116,9,2024-10-25,Cancelled
3153,250,9,2024-02-01,PENDING
3154,55,13,2025-07-08,SHIPPED
3155,443,12,2025-12-27,COMPLETED
3156,203,14,2025-07-26,canceled
3157,320,19,2025-07-10,PENDING
3158,496,19,2024-03-11,Cancelled
3159,268,9,2024-05-20,completed
3160,99040,19,2024-02-16,returned
3161,92,19,2023-10-13,cancelled
3162,82,7,2024-12-02,shipped
3163,95,5,2099-05-25,CANCELLED
3164,295,19,2023-08-24,canceled
3165,195,19,2023-01-02,Returned
3166,335,7,2023-03-05,COMPLETED
3167,421,11,2024-01-23,SHIPPED
3168,316,20,2025-06-27,completed
3169,219,16,2024-07-11,Cancelled
3170,228,2,2024-07-22,Returned
3171,146,18,2025-06-15,Shipped
3172,235,3,2025-01-02,canceled
3173,131,17,2025-06-14,canceled
3174,158,6,2025-09-28,COMPLETED
3175,310,16,2023-12-21,Pending
3176,105,19,2025-12-09,Pending
3177,13,4,2024-03-09,completed
3178,262,12,2025-05-09,COMPLETED
3179,137,15,2025-02-16,SHIPPED
3180,296,4,2025-04-03,shipped
3181,472,15,2025-03-29,SHIPPED
3182,247,2,2024-12-23,CANCELLED
3183,224,11,2024-01-14,canceled
3184,254,19,2025-10-23,shipped
3185,86,909,2025-01-10,Pending
3186,402,17,2025-06-03,Completed
3187,157,14,2024-02-19,COMPLETED
3188,46,7,2024-05-04,
3189,411,9,2023-02-13,CANCELLED
3190,191,10,2024-12-29,CANCELLED
3191,312,9,2024-12-10,PENDING
3192,491,18,2024-02-14,COMPLETED
3193,497,14,2025-06-03,PENDING
3194,413,18,2025-06-14,pending
3195,463,4,2023-08-16,SHIPPED
3196,479,16,2025-05-12,PENDING
3197,480,5,2025-06-02,complete
3198,98,19,2023-04-10,pending
3199,435,3,2023-04-30,CANCELLED
3200,443,1,2024-01-20,Pending
3201,398,12,2023-06-04,shipped
3202,424,9,2025-05-04,complete
3203,112,8,2024-03-10,pending
3204,197,8,2023-07-07,
3205,161,20,2025-12-15,Cancelled
3206,453,10,2024-01-24,Returned
3207,99977,7,2024-05-20,returned
3208,3,7,2023-06-26,returned
3209,90,11,2024-05-09,Returned
3210,251,11,2024-06-10,pending
3211,116,10,2023-08-07,Pending
3212,55,8,2024-03-20,pending
3213,363,5,2023-05-22,complete
3214,438,8,2023-04-14,CANCELLED
3215,416,7,2024-03-16,COMPLETED
3216,310,8,2025-07-10,complete
3217,307,12,2024-10-07,canceled
3218,379,6,2023-12-30,Shipped
3219,167,2,2023-01-08,PENDING
3220,201,9,2024-03-06,SHIPPED
3221,81,1,2023-04-26,returned
3222,164,17,2023-04-07,returned
3223,247,20,2024-03-23,PENDING
3224,23,14,2024-03-09,SHIPPED
3225,229,10,2025-04-04,Returned
3226,494,1,2024-05-09,PENDING
3227,420,14,2025-12-18,COMPLETED
3228,377,4,2025-08-11,COMPLETED
3229,56,16,2025-03-21,shipped
3230,405,2,2024-04-13,CANCELLED
3231,203,17,2024-06-08,Pending
3232,167,9,2024-11-24,shipped
3233,329,16,2025-03-23,canceled
3234,110,20,2025-08-24,Returned
3235,74,20,2024-02-15,canceled
3236,311,20,2025-01-26,canceled
3237,286,15,2025-06-04,CANCELLED
3238,280,7,2024-08-25,completed
3239,259,10,2025-03-28,canceled
3240,476,1,2024-09-25,Pending
3241,464,17,2024-10-31,SHIPPED
3242,95,19,2023-10-27,pending
3243,82,10,2025-04-25,Pending
3244,350,6,2024-01-30,Cancelled
3245,221,4,2023-04-05,canceled
3246,45,13,2025-11-17,Shipped
3247,357,16,2023-12-13,Cancelled
3248,349,20,2025-01-07,CANCELLED
3249,335,2,2024-04-11,complete
3250,63,7,2024-07-02,pending
3251,105,16,2024-05-22,completed
3252,81,1,2023-06-07,shipped
3253,99156,4,2025-01-15,PENDING
3254,327,7,2023-05-17,
3255,236,8,2023-09-08,Returned
3256,94,20,2023-02-07,complete
3257,326,19,2023-01-29,
3258,385,15,2025-02-09,PENDING
3259,151,17,2024-05-03,Returned
3260,161,16,2024-09-15,returned
3261,367,15,2023-01-23,Pending
3262,28,8,2025-11-30,PENDING
3263,329,7,2023-12-10,completed
3264,446,6,2024-06-27,pending
3265,96,13,2023-11-25,Completed
3266,58,15,2024-12-10,PENDING
3267,348,3,2025-04-01,SHIPPED
3268,425,14,2023-10-05,
3269,260,9,2023-12-13,completed
3270,294,16,2024-11-23,canceled
3271,99810,20,2025-12-04,CANCELLED
3272,164,933,2025-10-24,SHIPPED
3273,120,17,2024-05-28,Completed
3274,372,1,2025-07-09,Completed
3275,165,1,2023-06-22,Pending
3276,227,5,2024-01-19,cancelled
3277,47,3,2024-01-31,PENDING
3278,38,20,2023-03-22,Completed
3279,346,9,2025-08-30,returned
3280,277,15,2025-06-11,PENDING
3281,458,9,2023-04-25,completed
3282,351,8,2025-12-03,complete
3283,433,11,2025-04-13,returned
3284,300,5,2024-07-02,complete
3285,405,14,2024-09-19,Returned
3286,409,5,2024-02-26,shipped
3287,259,15,2025-07-31,PENDING
3288,470,19,2024-01-09,Returned
3289,258,15,2023-12-18,PENDING
3290,359,1,2023-12-01,cancelled
3291,217,20,2025-12-18,canceled
3292,128,8,2024-10-15,shipped
3293,40,18,2025-05-02,pending
3294,444,8,2024-09-30,Pending
3295,218,9,2023-05-02,pending
3296,101,11,2023-12-29,Shipped
3297,285,7,2024-02-04,Cancelled
3298,367,10,2024-02-21,pending
3299,174,19,2024-06-26,Returned
3300,417,18,2025-12-24,canceled
3301,461,6,2023-08-16,Cancelled
3302,89,13,2024-08-13,returned
3303,105,20,2025-12-17,complete
3304,32,4,2024-06-18,COMPLETED
3305,143,19,2023-12-30,Completed
3306,455,9,2024-10-26,completed
3307,129,10,2024-05-03,Shipped
3308,382,3,2024-07-04,
3309,200,1,2025-02-12,SHIPPED
3310,159,5,2023-05-11,Completed
3311,99079,9,2025-06-15,complete
3312,2,7,2023-06-16,
3313,467,6,2025-05-01,cancelled
3314,89,13,2023-06-13,canceled
3315,237,13,2025-07-16,Completed
3316,147,9,2023-10-07,
3317,87,18,2025-05-16,shipped
3318,432,20,2024-07-13,Returned
3319,386,20,2025-10-28,CANCELLED
3320,241,20,2025-12-30,returned
3321,369,2,2025-01-25,complete
3322,419,19,2023-04-25,SHIPPED
3323,272,18,2025-04-19,SHIPPED
3324,199,10,2025-08-16,Returned
3325,88,3,2025-10-21,pending
3326,147,17,2023-02-17,Cancelled
3327,257,20,2024-04-24,CANCELLED
3328,126,15,2024-11-08,SHIPPED
3329,397,15,2024-04-02,shipped
3330,170,6,2024-11-08,canceled
3331,433,3,2025-10-04,Pending
3332,325,20,2024-07-14,SHIPPED
3333,403,16,2024-06-05,Completed
3334,341,9,2023-03-19,Cancelled
3335,366,5,2024-08-02,CANCELLED
3336,429,11,2023-05-22,Returned
3337,83,14,2023-05-25,Pending
3338,182,13,2024-05-18,COMPLETED
3339,270,15,2023-10-22,shipped
3340,97,17,2023-03-26,COMPLETED
3341,413,8,2024-02-19,cancelled
3342,150,17,2024-09-09,SHIPPED
3343,9,7,2023-06-28,Completed
3344,35,8,2025-04-30,SHIPPED
3345,238,14,2024-12-01,canceled
3346,317,7,2024-05-27,CANCELLED
3347,104,4,2023-08-09,PENDING
3348,121,18,2023-10-05,COMPLETED
3349,36,17,2024-10-06,returned
3350,9,14,2023-01-30,complete
3351,383,10,2025-11-04,SHIPPED
3352,126,9,2023-10-06,returned
3353,145,19,2024-11-01,shipped
3354,118,12,2025-11-04,complete
3355,275,18,2023-06-23,canceled
3356,43,11,2023-05-18,Cancelled
3357,337,10,2025-06-04,cancelled
3358,99264,12,2023-12-14,Shipped
3359,131,1,2023-05-22,Returned
3360,24,10,2025-02-08,cancelled
3361,329,2,2023-09-20,Completed
3362,40,2,2025-10-11,SHIPPED
3363,212,10,2023-01-26,pending
3364,198,12,2025-09-12,shipped
3365,258,7,2023-09-15,Returned
3366,472,12,2023-04-17,COMPLETED
3367,57,12,2025-05-01,SHIPPED
3368,457,2,2024-05-05,Shipped
3369,175,12,2024-10-04,COMPLETED
3370,213,6,2023-09-27,COMPLETED
3371,311,19,2023-09-21,SHIPPED
3372,379,18,2025-03-05,Returned
3373,322,14,2024-02-10,cancelled
3374,322,7,2025-03-07,Pending
3375,289,14,2024-05-27,
3376,208,1,2023-08-15,complete
3377,423,14,2024-05-14,completed
3378,178,13,2023-01-10,PENDING
3379,214,12,2025-10-01,canceled
3380,159,1,2024-09-02,Completed
3381,241,7,2023-09-19,returned
3382,196,11,2023-09-18,CANCELLED
3383,286,5,2023-01-27,completed
3384,423,19,2024-11-05,pending
3385,103,3,2023-07-30,COMPLETED
3386,16,7,2025-03-12,Shipped
3387,156,17,2023-05-31,CANCELLED
3388,6,16,2023-04-11,Cancelled
3389,116,7,2024-12-07,complete
3390,129,5,2025-07-06,returned
3391,176,8,2023-04-22,Completed
3392,359,13,2024-11-06,canceled
3393,257,20,2025-10-31,Pending
3394,38,9,2025-08-14,COMPLETED
3395,210,15,2025-04-27,Pending
3396,413,4,2024-11-02,completed
3397,289,9,2024-08-30,Cancelled
3398,246,14,2025-03-20,SHIPPED
3399,398,2,2023-07-05,Shipped
3400,73,19,2025-01-16,PENDING
3401,99119,10,2023-06-28,SHIPPED
3402,168,14,2023-03-12,Completed
3403,1,1,2024-04-02,complete
3404,389,20,2025-05-24,cancelled
3405,103,8,2024-08-27,Shipped
3406,236,19,2023-01-06,CANCELLED
3407,442,19,2025-04-15,Cancelled
3408,308,13,2024-05-29,
3409,139,18,2025-12-26,Completed
3410,258,4,2023-04-30,complete
3411,91,14,2023-09-19,Completed
3412,265,1,2023-07-05,CANCELLED
3413,376,1,2023-05-25,Completed
3414,481,13,2025-06-22,canceled
3415,433,19,2024-04-20,Completed
3416,108,17,2024-10-13,COMPLETED
3417,103,12,2024-08-24,Cancelled
3418,184,4,2023-06-27,Completed
3419,154,1,2024-08-24,COMPLETED
3420,230,19,2023-03-16,pending
3421,230,15,2025-03-08,Shipped
3422,269,11,2023-05-26,canceled
3423,314,16,2024-03-22,PENDING
3424,101,6,2024-02-23,returned
3425,386,17,2023-12-08,shipped
3426,283,8,2024-04-02,Returned
3427,225,13,2025-07-15,pending
3428,31,17,2025-06-28,Completed
3429,465,1,2024-03-04,Returned
3430,447,9,2025-08-24,CANCELLED
3431,33,13,2024-07-31,Cancelled
3432,382,8,2025-07-15,returned
3433,153,17,2025-12-25,pending
3434,486,2,2023-08-19,complete
3435,58,14,2025-09-02,shipped
3436,147,16,2023-03-17,SHIPPED
3437,273,977,2024-02-19,COMPLETED
3438,223,2,2023-12-30,SHIPPED
3439,154,12,2025-02-10,PENDING
3440,126,12,2023-10-11,Completed
3441,451,16,2025-12-22,Shipped
3442,422,6,2024-07-05,pending
3443,341,13,2023-11-26,Shipped
3444,377,14,2024-01-04,Returned
3445,177,9,2025-08-19,Pending
3446,445,4,2023-11-14,Cancelled
3447,494,8,2023-10-13,Shipped
3448,297,4,2025-10-24,Cancelled
3449,85,17,2024-05-04,Completed
3450,116,6,2025-10-31,CANCELLED
3451,5,15,2025-02-17,SHIPPED
3452,76,12,2023-05-03,SHIPPED
3453,150,7,2024-09-02,Pending
3454,436,15,2023-12-29,canceled
3455,341,7,2023-06-09,canceled
3456,81,5,2025-11-18,PENDING
3457,312,10,2025-10-20,COMPLETED
3458,131,8,2023-03-12,complete
3459,193,5,2025-12-09,canceled
3460,274,15,2025-02-13,shipped
3461,325,939,2025-12-15,SHIPPED
3462,405,13,2023-01-13,complete
3463,172,20,2023-08-05,pending
3464,494,13,2025-10-03,Returned
3465,424,3,2025-05-31,Cancelled
3466,269,12,2024-06-28,completed
3467,329,15,2023-12-18,Pending
3468,178,1,2025-05-21,CANCELLED
3469,102,16,2023-06-15,CANCELLED
3470,34,18,2023-12-06,Pending
3471,93,18,2023-05-28,Completed
3472,349,4,2025-06-21,complete
3473,311,11,2023-04-04,Returned
3474,70,20,2023-05-10,cancelled
3475,353,12,2023-04-04,Cancelled
3476,404,18,2024-04-16,Completed
3477,499,8,2025-09-13,PENDING
3478,80,18,2024-12-30,
3479,211,4,2024-08-11,pending
3480,164,11,2023-04-28,Returned
3481,15,4,2023-09-14,Pending
3482,248,9,2025-08-21,complete
3483,236,1,2023-03-02,Shipped
3484,353,17,2025-03-22,PENDING
3485,307,13,2023-01-11,Shipped
3486,436,16,2024-06-23,
3487,99446,7,2025-10-23,pending
3488,300,1,2024-09-18,shipped
3489,99405,11,2025-09-16,SHIPPED
3490,287,7,2023-07-22,COMPLETED
3491,428,3,2024-05-23,Cancelled
3492,485,20,2024-03-26,shipped
3493,380,13,2023-03-27,shipped
3494,287,8,2024-08-17,COMPLETED
3495,251,10,2025-07-21,Returned
3496,231,2,2024-07-18,Completed
3497,274,10,2025-01-16,CANCELLED
3498,120,4,2023-03-06,Cancelled
3499,466,18,2023-07-17,completed
3500,346,11,2025-05-29,PENDING
3501,467,4,2025-10-26,returned
3502,218,19,2023-07-26,Pending
3503,391,2,2024-06-24,SHIPPED
3504,482,11,2025-09-04,COMPLETED
3505,395,4,2023-12-07,shipped
3506,296,19,2023-05-12,canceled
3507,347,11,2025-01-23,Completed
3508,234,7,2023-09-11,Shipped
3509,421,20,2024-06-07,complete
3510,3,9,2023-03-16,Completed
3511,63,14,2024-10-01,Returned
3512,380,18,2025-10-27,canceled
3513,381,19,2025-09-21,pending
3514,409,20,2025-09-10,SHIPPED
3515,142,12,2025-11-07,cancelled
3516,35,11,2024-01-20,pending
3517,29,16,2025-07-30,Shipped
3518,244,8,2023-02-11,Pending
3519,31,4,2024-02-16,Shipped
3520,76,1,2025-06-15,returned
3521,353,15,2025-05-30,completed
3522,152,15,2023-11-19,completed
3523,281,16,2025-04-13,Pending
3524,74,10,2024-05-19,cancelled
3525,159,9,2025-09-15,canceled
3526,457,2,2024-02-23,complete
3527,180,6,2025-03-15,completed
3528,242,5,2023-11-13,SHIPPED
3529,497,1,2024-10-26,Cancelled
3530,59,14,2024-07-22,Pending
3531,223,15,2023-01-25,cancelled
3532,489,8,2024-01-18,returned
3533,468,13,2024-08-30,pending
3534,16,12,2025-01-18,
3535,485,18,2025-03-27,Cancelled
3536,98,19,2025-06-07,CANCELLED
3537,448,11,2025-06-01,Pending
3538,188,19,2025-07-03,PENDING
3539,302,3,2023-12-20,Cancelled
3540,331,3,2025-10-05,PENDING
3541,46,13,2023-06-07,SHIPPED
3542,416,9,2025-07-09,complete
3543,99276,4,2023-12-10,Cancelled
3544,308,9,2024-05-19,canceled
3545,443,4,2023-10-06,Returned
3546,5,17,2023-02-07,completed
3547,261,4,2024-07-02,completed
3548,430,2,2024-11-25,cancelled
3549,369,14,2023-03-19,cancelled
3550,360,10,2025-05-06,COMPLETED
3551,149,15,2025-05-14,complete
3552,373,17,2024-01-25,returned
3553,261,9,2024-10-19,Shipped
3554,1,3,2024-06-15,shipped
3555,62,13,2024-12-26,complete
3556,295,2,2024-09-12,Shipped
3557,139,17,2025-02-28,CANCELLED
3558,394,8,2023-02-17,Cancelled
3559,283,13,2024-06-05,complete
3560,292,12,2025-09-30,complete
3561,99330,7,2024-05-17,cancelled
3562,474,5,2025-08-28,complete
3563,99626,13,2024-02-06,SHIPPED
3564,224,5,2024-05-06,Pending
3565,131,7,2024-12-06,Returned
3566,399,6,2023-10-02,
3567,348,14,2023-09-24,completed
3568,389,9,2025-07-20,PENDING
3569,430,8,2023-05-30,cancelled
3570,271,14,2025-08-17,SHIPPED
3571,382,16,2023-10-06,complete
3572,152,929,2025-11-09,Pending
3573,329,16,2025-09-01,cancelled
3574,478,5,2024-10-26,pending
3575,454,16,2025-07-12,Cancelled
3576,25,4,2025-12-03,COMPLETED
3577,270,2,2024-04-10,cancelled
3578,393,18,2025-11-01,completed
3579,147,19,2024-05-20,canceled
3580,451,8,2023-12-30,Completed
3581,163,3,2025-05-09,Returned
3582,383,15,2025-12-11,SHIPPED
3583,471,8,2024-10-28,CANCELLED
3584,361,4,2024-11-17,CANCELLED
3585,317,7,2025-10-09,Shipped
3586,401,12,2024-08-21,Returned
3587,363,5,2023-10-04,complete
3588,381,17,2025-04-15,Shipped
3589,251,11,2023-08-09,Completed
3590,51,1,2025-11-13,shipped
3591,94,6,2025-09-17,canceled
3592,302,14,2024-12-16,canceled
3593,23,12,2023-08-24,pending
3594,335,9,2024-02-26,cancelled
3595,346,16,2025-10-16,pending
3596,172,16,2024-10-22,completed
3597,225,9,2023-01-03,Pending
3598,404,19,2023-03-14,Shipped
3599,212,16,2024-07-13,COMPLETED
3600,88,8,2025-01-24,cancelled
3601,112,7,2025-03-03,shipped
3602,167,13,2025-09-29,Returned
3603,383,16,2023-12-27,canceled
3604,138,14,2023-05-28,Cancelled
3605,312,13,2024-04-29,Pending
3606,171,10,2024-06-07,Completed
3607,310,13,2025-04-01,
3608,75,4,2023-04-21,Cancelled
3609,446,2,2024-09-07,COMPLETED
3610,392,7,2025-09-02,cancelled
3611,82,6,2024-10-11,returned
3612,172,17,2023-03-17,Shipped
3613,50,18,2024-01-10,completed
3614,127,4,2024-03-10,PENDING
3615,11,8,2025-06-08,canceled
3616,43,20,2023-05-19,shipped
3617,408,3,2025-08-26,shipped
3618,80,12,2025-01-10,CANCELLED
3619,446,14,2024-02-04,pending
3620,91,8,2024-04-27,returned
3621,192,7,2024-12-19,SHIPPED
3622,211,10,2025-10-18,shipped
3623,78,8,2023-07-30,complete
3624,372,17,2023-04-11,Shipped
3625,483,1,2024-11-24,CANCELLED
3626,288,18,2025-05-11,Cancelled
3627,302,18,2025-05-24,canceled
3628,480,10,2025-06-28,SHIPPED
3629,246,5,2023-11-16,SHIPPED
3630,59,3,2099-12-07,canceled
3631,256,11,2023-04-13,canceled
3632,2,5,2025-05-03,SHIPPED
3633,182,16,2025-07-12,Shipped
3634,380,19,2023-08-24,canceled
3635,200,7,2025-06-22,returned
3636,305,12,2025-01-11,Cancelled
3637,406,13,2023-05-13,CANCELLED
3638,245,9,2024-04-30,pending
3639,234,13,2023-05-29,COMPLETED
3640,427,11,2025-02-03,cancelled
3641,305,1,2023-05-03,
3642,225,11,2025-01-16,COMPLETED
3643,474,14,2023-09-15,Returned
3644,313,2,2025-04-12,PENDING
3645,484,19,2023-02-11,Pending
3646,62,1,2025-12-11,CANCELLED
3647,441,16,2024-01-25,cancelled
3648,234,17,2024-05-21,SHIPPED
3649,292,17,2024-10-29,Completed
3650,187,15,2023-10-15,completed
3651,99452,6,2023-10-30,Pending
3652,9,10,2023-06-10,complete
3653,105,15,2023-12-04,COMPLETED
3654,434,15,2023-03-12,canceled
3655,162,18,2023-01-05,CANCELLED
3656,224,20,2025-01-29,completed
3657,437,20,2025-04-30,pending
3658,281,15,2023-02-27,CANCELLED
3659,417,5,2023-08-17,Pending
3660,53,1,2025-05-22,shipped
3661,287,17,2024-02-23,complete
3662,275,11,2025-04-27,Returned
3663,289,8,2024-10-31,CANCELLED
3664,343,16,2023-09-25,
3665,423,18,2025-10-25,CANCELLED
3666,78,16,2025-10-28,Returned
3667,11,4,2023-02-03,Completed
3668,480,19,2024-05-16,complete
3669,59,12,2025-02-22,canceled
3670,340,2,2023-03-28,CANCELLED
3671,329,5,2023-09-24,Completed
3672,311,20,2024-05-10,Completed
3673,336,18,2024-03-21,Pending
3674,262,4,2025-09-19,cancelled
3675,396,6,2024-06-17,SHIPPED
3676,312,2,2023-03-13,completed
3677,462,18,2025-05-04,CANCELLED
3678,99589,15,2023-04-15,returned
3679,8,17,2023-08-25,complete
3680,99878,10,2025-02-16,complete
3681,130,14,2025-02-27,cancelled
3682,113,5,2025-06-22,Shipped
3683,403,19,2024-12-27,canceled
3684,285,19,2025-11-01,returned
3685,46,16,2023-07-12,Cancelled
3686,424,9,2025-07-06,Completed
3687,54,14,2024-06-19,pending
3688,379,12,2024-06-10,complete
3689,419,2,2024-06-04,SHIPPED
3690,416,7,2025-06-28,CANCELLED
3691,89,14,2023-01-05,complete
3692,391,1,2023-12-15,shipped
3693,181,3,2024-02-09,pending
3694,131,12,2024-12-06,
3695,68,12,2023-10-17,shipped
3696,327,9,2025-12-12,returned
3697,201,10,2023-03-08,PENDING
3698,376,5,2025-04-12,cancelled
3699,230,14,2025-06-18,CANCELLED
3700,441,10,2025-02-27,returned
3701,78,10,2024-07-03,COMPLETED
3702,327,6,2025-04-05,completed
3703,208,15,2025-10-23,PENDING
3704,366,7,2023-08-08,CANCELLED
3705,107,18,2024-03-29,CANCELLED
3706,455,17,2023-02-02,completed
3707,276,4,2024-03-30,shipped
3708,182,8,2025-09-18,Returned
3709,441,3,2023-02-14,completed
3710,121,12,2023-05-03,pending
3711,90,10,2025-10-09,pending
3712,54,18,2023-10-27,complete
3713,173,14,2023-09-14,Completed
3714,433,19,2025-10-13,
3715,269,19,2025-09-05,SHIPPED
3716,192,18,2024-03-15,Shipped
3717,478,10,2023-03-27,PENDING
3718,233,9,2024-02-09,completed
3719,14,11,2025-03-12,Returned
3720,334,16,2024-08-07,returned
3721,432,6,2023-05-10,complete
3722,79,7,2023-12-21,Pending
3723,20,19,2024-05-24,canceled
3724,150,3,2025-11-02,shipped
3725,27,19,2023-12-22,SHIPPED
3726,307,8,2025-09-06,shipped
3727,471,8,2025-10-06,
3728,497,19,2023-04-22,pending
3729,407,12,2099-10-21,cancelled
3730,345,14,2024-06-25,canceled
3731,317,7,2024-10-31,SHIPPED
3732,498,19,2024-02-29,Cancelled
3733,429,8,2023-08-28,pending
3734,99486,15,2023-09-05,CANCELLED
3735,24,4,2025-01-11,completed
3736,417,15,2024-04-21,SHIPPED
3737,189,14,2024-05-03,cancelled
3738,361,17,2025-02-09,Shipped
3739,12,19,2023-12-10,returned
3740,341,2,2025-01-22,PENDING
3741,443,20,2025-10-07,shipped
3742,162,17,2025-12-09,Shipped
3743,128,4,2024-10-11,COMPLETED
3744,60,17,2024-09-30,SHIPPED
3745,345,15,2023-06-02,Cancelled
3746,1,13,2024-10-19,Completed
3747,417,932,2023-01-16,COMPLETED
3748,465,1,2025-03-03,Completed
3749,232,8,2023-07-05,COMPLETED
3750,126,16,2025-02-18,Cancelled
3751,33,11,2024-08-18,Completed
3752,284,5,2024-08-18,Cancelled
3753,89,3,2023-09-08,CANCELLED
3754,483,9,2025-12-17,Completed
3755,452,3,2023-06-12,Shipped
3756,487,12,2023-07-20,pending
3757,217,5,2023-05-13,SHIPPED
3758,474,14,2024-07-07,SHIPPED
3759,421,4,2024-03-12,complete
3760,149,8,2023-08-04,
3761,351,16,2025-05-27,CANCELLED
3762,58,17,2024-04-10,CANCELLED
3763,328,10,2025-10-17,cancelled
3764,335,16,2024-05-24,Completed
3765,396,12,2024-05-09,Returned
3766,131,19,2024-03-14,complete
3767,286,15,2024-07-04,shipped
3768,371,12,2023-03-08,pending
3769,229,13,2025-03-26,PENDING
3770,326,10,2023-06-07,COMPLETED
3771,19,13,2023-12-30,completed
3772,377,2,2025-03-17,complete
3773,61,19,2024-11-11,pending
3774,108,3,2024-01-15,pending
3775,363,17,2024-12-05,complete
3776,359,9,2023-07-08,Returned
3777,74,16,2024-04-21,Pending
3778,459,5,2023-01-25,returned
3779,134,17,2025-07-21,canceled
3780,441,19,2023-10-06,CANCELLED
3781,329,1,2025-01-15,Returned
3782,362,13,2024-08-27,PENDING
3783,77,4,2025-05-14,COMPLETED
3784,123,4,2023-05-31,complete
3785,191,2,2023-12-31,Cancelled
3786,417,4,2023-12-16,pending
3787,465,16,2024-05-25,Returned
3788,392,10,2024-02-29,cancelled
3789,500,15,2025-11-29,complete
3790,218,18,2024-01-16,completed
3791,108,12,2023-08-07,returned
3792,366,18,2024-05-19,Cancelled
3793,380,18,2023-09-10,returned
3794,137,10,2025-01-20,Returned
3795,99328,12,2024-10-21,pending
3796,283,4,2025-11-12,Pending
3797,265,2,2023-10-07,Returned
3798,392,11,2025-11-21,returned
3799,395,11,2024-04-25,completed
3800,457,13,2024-03-12,complete
3801,368,3,2023-08-02,CANCELLED
3802,126,4,2024-01-25,Returned
3803,239,927,2025-09-21,completed
3804,298,2,2023-01-30,pending
3805,50,9,2025-07-08,canceled
3806,245,12,2024-10-19,CANCELLED
3807,311,8,2025-02-26,complete
3808,82,2,2024-12-08,completed
3809,500,1,2023-07-22,SHIPPED
3810,479,9,2024-10-21,returned
3811,369,3,2025-07-04,Completed
3812,475,12,2023-06-23,CANCELLED
3813,144,922,2023-04-10,Returned
3814,306,2,2023-02-19,COMPLETED
3815,378,2,2025-03-04,
3816,403,14,2025-01-05,Completed
3817,20,14,2024-06-05,returned
3818,152,18,2025-06-21,completed
3819,298,10,2025-03-22,SHIPPED
3820,272,16,2024-11-09,complete
3821,406,12,2023-12-29,complete
3822,12,4,2024-11-23,COMPLETED
3823,324,9,2025-09-12,Shipped
3824,427,2,2024-04-13,cancelled
3825,242,12,2024-09-21,Cancelled
3826,304,12,2025-10-31,Cancelled
3827,341,6,2025-11-07,COMPLETED
3828,443,5,2024-07-10,Cancelled
3829,305,6,2025-07-26,COMPLETED
3830,428,17,2024-09-18,
3831,436,18,2024-06-06,pending
3832,380,17,2025-10-09,Returned
3833,335,16,2025-05-06,Returned
3834,24,9,2023-10-31,returned
3835,276,10,2025-06-23,SHIPPED
3836,30,3,2023-09-04,Pending
3837,176,20,2024-03-07,Returned
3838,272,14,2025-07-05,shipped
3839,403,19,2025-05-01,Cancelled
3840,247,4,2024-07-10,returned
3841,497,1,2023-06-25,Cancelled
3842,426,20,2024-10-18,shipped
3843,252,9,2024-07-05,Returned
3844,386,7,2024-05-10,Pending
3845,171,19,2024-11-30,returned
3846,241,5,2025-08-30,Returned
3847,298,6,2025-05-23,SHIPPED
3848,277,6,2025-08-09,Cancelled
3849,395,10,2024-02-07,Returned
3850,53,8,2025-09-06,Cancelled
3851,216,19,2023-05-13,SHIPPED
3852,429,6,2024-12-03,complete
3853,219,17,2023-05-07,PENDING
3854,11,7,2024-03-17,completed
3855,246,6,2025-06-04,Cancelled
3856,2,13,2024-12-22,complete
3857,434,9,2023-03-22,pending
3858,464,14,2025-01-01,COMPLETED
3859,97,19,2023-05-02,Shipped
3860,331,5,2024-03-20,PENDING
3861,247,10,2023-11-22,cancelled
3862,157,11,2023-04-20,
3863,230,5,2023-06-12,COMPLETED
3864,486,12,2024-02-10,pending
3865,325,17,2024-05-18,returned
3866,454,17,2025-12-14,COMPLETED
3867,496,6,2025-11-03,Shipped
3868,151,13,2023-12-05,Shipped
3869,145,11,2025-09-22,Completed
3870,136,1,2025-07-31,pending
3871,128,8,2025-07-23,SHIPPED
3872,52,13,2024-03-30,COMPLETED
3873,463,3,2023-03-04,canceled
3874,116,3,2024-03-24,COMPLETED
3875,141,3,2025-07-12,Returned
3876,99966,15,2024-03-12,Returned
3877,43,1,2023-07-20,Pending
3878,410,20,2023-11-20,Cancelled
3879,99079,13,2024-11-16,SHIPPED
3880,469,3,2024-07-08,Completed
3881,43,18,2023-03-05,canceled
3882,162,3,2023-08-19,SHIPPED
3883,247,7,2024-07-15,Returned
3884,214,11,2024-06-09,CANCELLED
3885,180,934,2023-12-13,Cancelled
3886,449,17,2025-04-29,Returned
3887,55,6,2025-10-18,complete
3888,404,2,2025-01-25,COMPLETED
3889,442,16,2023-03-28,Shipped
3890,24,10,2023-07-07,Cancelled
3891,474,5,2025-04-08,Completed
3892,34,4,2024-04-10,SHIPPED
3893,211,20,2025-06-28,COMPLETED
3894,259,5,2023-01-12,COMPLETED
3895,99439,9,2024-03-26,pending
3896,384,15,2025-03-12,Completed
3897,236,11,2023-03-19,completed
3898,235,4,2023-01-13,Returned
3899,146,12,2025-07-24,SHIPPED
3900,24,16,2023-09-26,Pending
3901,389,19,2023-08-29,
3902,57,15,2023-12-28,cancelled
3903,238,9,2023-04-22,complete
3904,177,9,2024-08-09,Shipped
3905,441,3,2023-12-28,Shipped
3906,111,1,2023-03-20,Completed
3907,448,2,2025-03-26,cancelled
3908,317,20,2023-08-05,Shipped
3909,212,19,2025-04-11,Shipped
3910,198,2,2023-09-29,Shipped
3911,74,20,2023-10-31,shipped
3912,484,13,2024-07-03,returned
3913,464,18,2025-10-16,PENDING
3914,61,2,2023-01-10,canceled
3915,496,19,2024-04-18,Cancelled
3916,416,14,2023-01-03,Returned
3917,290,8,2025-08-21,canceled
3918,27,11,2024-05-11,pending
3919,13,15,2025-05-21,PENDING
3920,25,2,2023-08-31,CANCELLED
3921,247,18,2025-11-06,Pending
3922,82,17,2024-10-28,shipped
3923,190,18,2025-01-08,Completed
3924,130,3,2025-06-15,shipped
3925,107,20,2023-09-04,COMPLETED
3926,48,4,2023-09-18,completed
3927,22,12,2023-05-19,PENDING
3928,243,20,2023-10-25,Cancelled
3929,429,2,2023-11-05,PENDING
3930,27,7,2025-04-22,pending
3931,64,7,2024-08-31,CANCELLED
3932,291,14,2025-03-08,SHIPPED
3933,180,7,2023-06-22,CANCELLED
3934,406,14,2023-08-29,CANCELLED
3935,196,4,2025-12-29,Returned
3936,123,2,2023-09-21,PENDING
3937,266,8,2023-08-01,pending
3938,366,16,2023-02-03,canceled
3939,470,13,2025-05-28,Returned
3940,378,11,2025-09-03,SHIPPED
3941,183,16,2024-02-01,pending
3942,23,1,2023-07-11,Pending
3943,324,12,2023-07-23,pending
3944,339,14,2024-01-21,Pending
3945,451,19,2025-03-04,Shipped
3946,465,6,2025-09-23,Pending
3947,137,17,2023-02-17,returned
3948,147,20,2025-07-23,PENDING
3949,272,18,2023-01-09,shipped
3950,466,15,2023-04-02,Cancelled
3951,99,11,2025-02-11,pending
3952,111,17,2023-03-02,SHIPPED
3953,328,19,2025-09-02,completed
3954,5,7,2025-06-30,CANCELLED
3955,225,14,2025-12-13,COMPLETED
3956,250,4,2024-04-26,COMPLETED
3957,497,16,2024-11-23,Returned
3958,370,7,2023-08-16,returned
3959,181,20,2025-09-05,canceled
3960,226,13,2024-06-02,CANCELLED
3961,497,4,2025-09-21,SHIPPED
3962,463,10,2023-11-03,SHIPPED
3963,92,2,2025-08-06,SHIPPED
3964,222,4,2024-10-05,cancelled
3965,474,18,2025-04-13,cancelled
3966,428,20,2025-12-10,Cancelled
3967,216,14,2025-06-01,shipped
3968,329,18,2024-10-01,COMPLETED
3969,297,5,2025-09-12,Shipped
3970,77,14,2024-08-07,Completed
3971,146,2,2023-06-21,SHIPPED
3972,304,10,2024-11-26,cancelled
3973,454,9,2025-03-30,Returned
3974,334,1,2024-10-06,CANCELLED
3975,260,15,2024-02-09,PENDING
3976,204,13,2023-08-06,Shipped
3977,61,3,2024-03-13,pending
3978,209,5,2025-07-27,Cancelled
3979,331,14,2024-11-24,shipped
3980,99,16,2024-06-23,completed
3981,294,7,2025-10-17,Returned
3982,379,9,2023-05-23,Pending
3983,378,6,2024-04-12,Shipped
3984,119,8,2023-10-02,Cancelled
3985,117,5,2024-09-25,SHIPPED
3986,355,10,2023-04-21,Returned
3987,326,13,2024-07-15,PENDING
3988,289,14,2025-07-11,COMPLETED
3989,227,10,2023-12-22,cancelled
3990,68,17,2023-09-17,Returned
3991,471,6,2024-08-05,CANCELLED
3992,294,12,2025-12-18,shipped
3993,60,8,2024-08-10,Completed
3994,14,1,2025-04-28,cancelled
3995,150,15,2024-07-05,Returned
3996,427,17,2023-12-01,COMPLETED
3997,78,17,2023-06-11,Returned
3998,112,15,2023-04-17,completed
3999,485,1,2025-04-03,PENDING
4000,478,7,2023-09-24,completed
4001,269,16,2023-03-24,cancelled
4002,256,11,2023-11-30,SHIPPED
4003,290,17,2024-09-07,cancelled
4004,232,19,2023-11-11,pending
4005,99429,12,2023-08-03,CANCELLED
4006,229,18,2025-10-08,CANCELLED
4007,105,15,2024-04-11,canceled
4008,197,20,2025-05-16,Shipped
4009,58,1,2023-03-30,canceled
4010,183,17,2025-08-08,
4011,167,2,2025-05-13,completed
4012,254,13,2024-03-02,Pending
4013,255,13,2024-01-19,Returned
4014,383,6,2024-06-16,Returned
4015,228,20,2024-01-30,canceled
4016,415,4,2025-02-08,Shipped
4017,104,1,2023-10-16,COMPLETED
4018,473,14,2025-12-17,Completed
4019,278,3,2023-08-31,COMPLETED
4020,67,16,2024-12-28,shipped
4021,40,13,2025-07-29,COMPLETED
4022,139,1,2099-06-16,shipped
4023,156,14,2025-03-19,PENDING
4024,245,10,2023-06-21,SHIPPED
4025,406,5,2024-05-09,canceled
4026,360,10,2025-09-20,complete
4027,172,15,2024-03-26,CANCELLED
4028,152,20,2023-01-01,COMPLETED
4029,77,2,2025-02-12,Returned
4030,222,13,2023-04-22,returned
4031,138,15,2025-08-19,PENDING
4032,146,2,2025-03-04,Cancelled
4033,442,20,2025-11-13,Returned
4034,241,19,2025-11-07,PENDING
4035,272,18,2025-06-01,Cancelled
4036,357,2,2025-06-20,Returned
4037,182,7,2024-03-18,COMPLETED
4038,229,17,2023-05-16,Pending
4039,208,20,2023-09-01,SHIPPED
4040,143,6,2024-03-19,SHIPPED
4041,276,8,2023-08-30,COMPLETED
4042,39,13,2023-02-17,Completed
4043,145,2,2024-12-11,CANCELLED
4044,316,5,2025-10-09,COMPLETED
4045,223,18,2023-04-22,SHIPPED
4046,217,17,2023-05-29,canceled
4047,328,13,2023-07-16,pending
4048,497,960,2023-04-13,shipped
4049,348,20,2025-09-09,CANCELLED
4050,4,2,2024-02-09,SHIPPED
4051,286,6,2023-11-08,returned
4052,52,19,2024-12-10,Pending
4053,294,1,2023-10-07,cancelled
4054,428,5,2025-06-26,Returned
4055,157,6,2025-05-15,shipped
4056,356,18,2024-01-08,completed
4057,440,13,2024-07-20,shipped
4058,319,12,2025-01-24,PENDING
4059,99776,16,2024-05-11,Pending
4060,368,9,2024-04-25,PENDING
4061,248,14,2024-10-29,completed
4062,192,14,2024-06-14,CANCELLED
4063,458,17,2023-12-16,Returned
4064,266,12,2024-12-12,PENDING
4065,12,6,2025-01-09,PENDING
4066,189,5,2023-10-06,COMPLETED
4067,192,3,2023-06-22,returned
4068,111,4,2024-08-07,CANCELLED
4069,279,14,2024-03-09,returned
4070,242,903,2024-11-12,COMPLETED
4071,336,8,2025-03-10,shipped
4072,250,13,2024-07-06,Pending
4073,80,5,2023-01-25,PENDING
4074,426,9,2023-09-27,Shipped
4075,230,13,2023-04-01,PENDING
4076,39,13,2025-12-19,pending
4077,299,13,2023-01-31,shipped
4078,55,8,2025-05-13,shipped
4079,489,14,2023-12-27,Shipped
4080,110,18,2025-12-18,completed
4081,456,17,2025-02-24,COMPLETED
4082,99101,6,2024-02-23,SHIPPED
4083,171,17,2024-08-09,PENDING
4084,400,7,2023-12-22,Returned
4085,109,8,2023-05-29,Completed
4086,457,8,2023-04-06,Returned
4087,263,9,2023-12-28,Completed
4088,383,15,2023-12-07,cancelled
4089,198,15,2024-09-25,pending
4090,37,4,2025-07-06,
4091,72,11,2025-12-13,COMPLETED
4092,86,7,2023-02-19,shipped
4093,449,18,2023-07-30,complete
4094,99920,15,2024-01-06,Shipped
4095,100,1,2023-06-03,Completed
4096,335,3,2099-09-30,Cancelled
4097,444,13,2023-03-15,Returned
4098,145,19,2023-01-15,PENDING
4099,180,7,2025-01-12,Pending
4100,35,19,2024-07-11,cancelled
4101,341,11,2023-07-25,completed
4102,29,19,2023-11-03,
4103,104,14,2025-04-29,Completed
4104,339,12,2025-09-11,complete
4105,10,1,2024-09-03,Shipped
4106,366,17,2024-05-08,shipped
4107,10,9,2025-01-28,canceled
4108,330,4,2025-10-25,completed
4109,49,12,2023-08-04,completed
4110,99608,16,2024-12-15,complete
4111,474,15,2025-08-27,Cancelled
4112,332,5,2025-11-21,PENDING
4113,178,18,2025-10-19,pending
4114,497,16,2023-06-14,Shipped
4115,146,10,2023-07-01,Returned
4116,480,10,2024-11-21,shipped
4117,491,2,2023-04-12,completed
4118,180,7,2024-10-07,pending
4119,304,14,2023-07-10,completed
4120,134,17,2023-08-27,canceled
4121,102,15,2024-08-28,SHIPPED
4122,87,7,2023-06-14,returned
4123,280,19,2024-12-10,shipped
4124,199,15,2023-03-16,Pending
4125,315,20,2025-04-11,completed
4126,456,6,2025-05-16,SHIPPED
4127,32,13,2024-08-06,Returned
4128,419,6,2024-11-08,shipped
4129,333,10,2024-05-22,pending
4130,451,6,2025-11-19,
4131,392,9,2024-05-03,CANCELLED
4132,127,18,2025-04-18,complete
4133,438,12,2024-01-16,Completed
4134,8,16,2024-03-25,cancelled
4135,462,1,2023-08-03,returned
4136,357,3,2023-09-09,Returned
4137,18,16,2024-08-23,shipped
4138,436,4,2024-09-25,SHIPPED
4139,157,11,2025-02-02,CANCELLED
4140,84,6,2025-04-17,PENDING
4141,117,2,2024-01-26,COMPLETED
4142,168,11,2023-08-12,cancelled
4143,230,8,2023-11-04,returned
4144,44,14,2023-03-10,COMPLETED
4145,4,9,2024-01-17,cancelled
4146,111,18,2023-04-03,Cancelled
4147,177,16,2023-09-02,pending
4148,380,15,2025-02-20,returned
4149,247,8,2024-12-05,CANCELLED
4150,214,15,2024-02-02,Shipped
4151,91,8,2025-08-27,
4152,455,8,2024-02-03,shipped
4153,456,12,2025-06-06,Completed
4154,136,17,2023-03-19,canceled
4155,367,17,2023-12-16,Cancelled
4156,481,15,2024-03-21,PENDING
4157,354,3,2024-01-25,pending
4158,382,10,2024-11-26,cancelled
4159,42,16,2025-04-24,Returned
4160,209,4,2024-02-21,Returned
4161,83,18,2023-07-31,PENDING
4162,353,8,2023-03-11,Shipped
4163,334,17,2024-09-28,returned
4164,253,1,2025-08-24,Cancelled
4165,174,8,2023-06-30,Pending
4166,228,8,2024-11-04,Completed
4167,495,6,2025-07-06,Cancelled
4168,304,14,2025-11-23,Pending
4169,154,14,2023-07-23,SHIPPED
4170,404,6,2024-04-18,Shipped
4171,348,13,2025-10-03,COMPLETED
4172,1,15,2023-08-04,Pending
4173,388,10,2025-07-03,Pending
4174,332,14,2023-05-24,pending
4175,209,14,2024-01-21,CANCELLED
4176,209,19,2023-04-11,canceled
4177,281,8,2025-04-30,cancelled
4178,191,3,2025-11-04,Returned
4179,456,19,2023-10-10,CANCELLED
4180,275,17,2024-01-28,Pending
4181,194,5,2024-07-04,
4182,255,5,2023-09-04,Pending
4183,301,3,2025-03-26,cancelled
4184,392,10,2023-01-06,completed
4185,47,14,2023-01-20,CANCELLED
4186,99423,4,2025-08-05,
4187,258,7,2023-06-13,Completed
4188,188,6,2025-01-05,Shipped
4189,164,17,2025-02-13,COMPLETED
4190,335,1,2024-11-29,CANCELLED
4191,268,10,2023-08-26,completed
4192,424,3,2024-12-03,Shipped
4193,85,12,2025-02-10,COMPLETED
4194,118,13,2025-07-13,shipped
4195,197,9,2024-01-05,cancelled
4196,417,20,2025-06-10,Completed
4197,480,4,2025-11-18,Completed
4198,11,8,2024-09-18,complete
4199,62,8,2025-07-10,Pending
4200,107,20,2024-08-19,COMPLETED
4201,102,11,2024-11-07,completed
4202,176,18,2025-09-20,Shipped
4203,179,17,2024-02-10,shipped
4204,146,13,2025-09-21,Returned
4205,337,7,2023-09-21,Shipped
4206,302,11,2024-11-03,complete
4207,310,9,2023-02-18,Cancelled
4208,474,5,2025-02-11,Cancelled
4209,199,9,2025-12-02,Shipped
4210,99784,14,2024-04-20,canceled
4211,166,20,2024-08-07,canceled
4212,235,5,2025-01-11,pending
4213,32,9,2025-07-31,Returned
4214,163,20,2024-05-18,Shipped
4215,280,18,2023-03-05,complete
4216,99667,18,2025-10-10,
4217,55,20,2024-03-17,Pending
4218,486,20,2025-09-06,Shipped
4219,246,3,2025-11-28,returned
4220,211,8,2024-04-08,complete
4221,73,14,2023-09-23,SHIPPED
4222,207,9,2025-09-23,cancelled
4223,490,9,2024-11-20,returned
4224,277,3,2023-12-28,Cancelled
4225,5,19,2023-11-30,Shipped
4226,182,14,2025-05-07,COMPLETED
4227,97,11,2023-09-30,
4228,476,15,2024-10-31,pending
4229,500,6,2025-09-10,PENDING
4230,425,20,2024-09-28,
4231,165,13,2023-06-21,Pending
4232,468,12,2023-04-19,completed
4233,33,16,2024-05-18,shipped
4234,325,12,2025-01-11,pending
4235,113,18,2024-07-28,Pending
4236,27,20,2025-11-16,complete
4237,424,7,2024-11-26,Pending
4238,420,18,2025-05-15,Returned
4239,428,17,2024-08-04,CANCELLED
4240,392,2,2025-08-06,CANCELLED
4241,275,5,2024-06-17,CANCELLED
4242,180,2,2025-04-02,SHIPPED
4243,401,19,2025-07-19,CANCELLED
4244,99121,9,2025-02-14,Cancelled
4245,66,11,2024-06-04,Pending
4246,108,12,2023-04-08,cancelled
4247,351,1,2023-03-19,PENDING
4248,82,5,2023-02-21,shipped
4249,372,5,2025-10-31,Shipped
4250,227,8,2024-04-14,canceled
4251,350,18,2025-10-30,returned
4252,451,1,2024-11-27,cancelled
4253,7,3,2025-06-04,canceled
4254,355,15,2024-08-21,CANCELLED
4255,240,926,2023-11-17,returned
4256,169,19,2023-03-07,CANCELLED
4257,65,13,2023-04-07,PENDING
4258,423,18,2024-05-29,Pending
4259,407,9,2023-01-27,complete
4260,278,1,2023-09-05,PENDING
4261,93,3,2025-03-19,pending
4262,327,13,2025-04-30,COMPLETED
4263,294,6,2025-06-26,completed
4264,351,7,2023-01-24,Shipped
4265,114,11,2023-11-21,Completed
4266,36,13,2025-02-12,Completed
4267,152,8,2023-07-17,pending
4268,429,9,2025-08-29,Shipped
4269,330,15,2025-12-18,COMPLETED
4270,21,6,2023-02-22,Completed
4271,234,12,2025-03-11,SHIPPED
4272,190,12,2025-07-10,cancelled
4273,373,19,2024-07-26,COMPLETED
4274,299,20,2024-03-21,canceled
4275,162,2,2023-01-10,PENDING
4276,136,18,2023-12-23,Completed
4277,488,12,2024-11-22,SHIPPED
4278,46,7,2025-12-19,Returned
4279,325,7,2024-12-15,Pending
4280,351,1,2023-04-19,Cancelled
4281,417,1,2025-11-21,COMPLETED
4282,258,10,2024-04-19,returned
4283,52,4,2025-04-08,
4284,436,15,2025-05-01,shipped
4285,478,7,2025-07-13,
4286,274,14,2024-07-15,canceled
4287,121,20,2024-09-28,PENDING
4288,96,11,2025-07-29,Returned
4289,114,19,2025-02-04,Shipped
4290,499,8,2025-09-10,Cancelled
4291,99629,2,2025-06-19,shipped
4292,318,13,2024-03-31,canceled
4293,173,14,2023-06-04,shipped
4294,118,17,2024-08-19,completed
4295,392,11,2025-04-16,PENDING
4296,274,3,2025-12-05,Cancelled
4297,128,17,2023-05-06,Returned
4298,388,8,2024-08-05,Cancelled
4299,199,18,2025-10-02,SHIPPED
4300,309,5,2025-03-11,Returned
4301,327,11,2023-08-02,Completed
4302,270,13,2023-10-14,cancelled
4303,173,5,2025-08-10,Cancelled
4304,319,9,2024-06-19,CANCELLED
4305,67,20,2025-04-01,complete
4306,245,15,2023-08-02,pending
4307,134,1,2024-10-31,returned
4308,270,16,2025-05-01,canceled
4309,128,15,2025-06-11,cancelled
4310,277,5,2024-06-08,complete
4311,99193,8,2024-09-25,shipped
4312,135,19,2023-08-12,returned
4313,339,3,2023-12-13,cancelled
4314,129,1,2023-07-22,pending
4315,358,11,2025-02-27,PENDING
4316,427,15,2024-07-31,Cancelled
4317,337,18,2023-11-24,Shipped
4318,317,11,2024-08-28,cancelled
4319,65,11,2025-07-16,Pending
4320,164,14,2023-03-31,shipped
4321,445,17,2025-11-13,completed
1601,79,13,2025-12-08,pending
4323,98,3,2023-05-06,SHIPPED
4324,86,19,2025-08-15,Pending
4325,179,3,2023-05-02,pending
4326,340,20,2024-09-23,SHIPPED
4327,437,19,2023-12-10,Returned
4328,166,3,2023-04-19,cancelled
4329,435,12,2025-07-21,cancelled
4330,332,20,2023-07-19,completed
4331,285,7,2023-02-07,SHIPPED
4332,308,2,2024-09-01,CANCELLED
4333,22,20,2025-11-06,complete
4334,473,3,2023-09-05,Cancelled
4335,275,9,2024-06-11,Pending
4336,400,13,2024-12-10,Returned
4337,425,1,2024-12-29,Returned
4338,391,11,2025-07-03,pending
4339,464,12,2025-05-13,Cancelled
4340,7,943,2023-08-16,pending
4341,318,10,2025-09-17,
4342,293,13,2025-07-07,Cancelled
4343,481,16,2025-09-19,Returned
4344,125,2,2025-12-24,completed
4345,402,2,2025-05-05,canceled
4346,259,9,2023-10-03,PENDING
4347,289,12,2025-07-24,SHIPPED
4348,385,17,2025-09-10,shipped
4349,170,18,2024-10-25,shipped
4350,391,17,2025-09-03,canceled
4351,58,2,2023-04-21,Shipped
4352,128,15,2025-11-09,canceled
4353,99837,10,2025-01-31,Shipped
4354,21,11,2023-08-05,Shipped
4355,331,12,2024-12-14,Pending
4356,341,5,2024-08-14,returned
4357,369,17,2023-01-12,Shipped
4358,151,7,2025-02-15,completed
4359,310,4,2024-06-12,Cancelled
4360,106,10,2025-09-09,PENDING
4361,201,3,2025-12-14,Shipped
4362,269,18,2024-08-22,SHIPPED
4363,35,15,2023-03-16,CANCELLED
4364,199,11,2025-09-30,canceled
4365,276,15,2025-05-17,complete
4366,47,16,2025-11-27,complete
4367,124,10,2023-08-12,Cancelled
4368,104,12,2025-11-23,canceled
4369,40,13,2024-01-02,PENDING
4370,145,17,2025-04-23,Completed
4371,132,2,2023-09-23,Shipped
4372,236,10,2024-07-14,SHIPPED
4373,495,13,2024-03-02,Cancelled
4374,92,18,2025-10-11,pending
4375,449,8,2024-12-19,pending
4376,473,2,2024-06-23,canceled
4377,27,5,2024-05-18,pending
4378,457,12,2024-04-30,COMPLETED
4379,314,9,2025-01-18,pending
4380,85,2,2025-11-03,SHIPPED
4381,341,11,2025-01-19,shipped
4382,395,9,2024-03-05,canceled
4383,287,12,2025-01-06,PENDING
4384,99638,5,2025-04-11,
4385,99257,12,2023-02-23,completed
4386,201,11,2025-11-22,Completed
4387,478,19,2025-10-14,pending
4388,94,8,2023-02-07,COMPLETED
4389,424,19,2025-08-19,cancelled
4390,303,3,2024-09-08,Completed
4391,204,5,2024-03-18,complete
4392,68,11,2024-09-02,pending
4393,77,5,2023-04-25,pending
4394,88,6,2024-06-26,Returned
4395,120,6,2024-10-22,Returned
4396,144,17,2024-07-16,Shipped
4397,276,20,2025-07-19,PENDING
4398,2,1,2025-08-10,cancelled
4399,29,7,2023-09-07,Returned
4400,36,7,2025-05-29,CANCELLED
4401,293,15,2025-07-20,Pending
4402,258,9,2025-06-04,Pending
4403,438,17,2023-06-19,CANCELLED
4404,173,1,2025-02-27,canceled
4405,22,4,2024-07-23,CANCELLED
4406,80,12,2025-03-05,cancelled
4407,448,12,2023-03-12,PENDING
4408,143,7,2024-12-01,cancelled
4409,261,19,2025-01-17,completed
4410,297,9,2024-11-27,shipped
4411,95,16,2023-09-22,PENDING
4412,287,3,2025-06-11,canceled
4413,239,12,2023-12-11,cancelled
4414,195,2,2025-02-19,pending
4415,479,6,2024-11-12,shipped
4416,362,4,2023-08-15,shipped
4417,335,3,2023-10-20,SHIPPED
4418,403,19,2024-06-27,Shipped
4419,103,9,2023-12-16,CANCELLED
4420,80,11,2024-07-08,pending
4421,152,10,2023-05-01,PENDING
4422,456,9,2024-01-25,COMPLETED
4423,211,1,2025-01-17,COMPLETED
4424,187,13,2024-07-18,returned
4425,321,10,2024-07-31,cancelled
4426,378,17,2023-06-12,Completed
4427,430,17,2023-01-19,canceled
4428,379,10,2023-02-10,COMPLETED
4429,399,15,2023-12-14,canceled
4430,16,20,2024-03-01,canceled
4431,67,15,2023-03-24,PENDING
4432,190,7,2023-06-30,returned
4433,213,14,2025-06-30,complete
4434,117,3,2024-11-11,complete
4435,235,5,2023-05-14,Shipped
4436,63,14,2023-12-23,complete
4437,316,4,2023-03-15,SHIPPED
4438,99260,16,2024-01-18,complete
4439,103,3,2024-01-18,CANCELLED
4440,157,6,2024-09-07,SHIPPED
4441,313,19,2023-09-20,cancelled
4442,8,19,2024-05-01,complete
4443,138,1,2025-10-31,returned
4444,406,6,2025-11-23,canceled
4445,303,9,2023-11-04,PENDING
4446,23,14,2024-06-17,SHIPPED
4447,431,9,2023-05-09,COMPLETED
4448,328,15,2023-10-31,SHIPPED
4449,265,13,2025-07-21,Returned
4450,69,2,2025-10-27,shipped
4451,454,4,2024-12-28,Pending
4452,198,13,2023-12-02,pending
4453,376,5,2025-02-20,Completed
4454,443,19,2025-05-16,completed
4455,99245,19,2024-01-05,Returned
4456,388,17,2025-05-04,PENDING
4457,497,13,2025-03-11,Returned
4458,175,17,2023-02-24,Completed
4459,112,20,2024-01-18,Completed
4460,190,10,2024-09-30,canceled
4461,134,3,2025-03-14,
4462,488,2,2025-06-20,complete
4463,313,7,2025-04-25,completed
4464,48,9,2023-07-11,SHIPPED
4465,497,2,2024-07-25,PENDING
4466,420,5,2023-12-30,cancelled
4467,465,19,2023-05-01,SHIPPED
4468,203,12,2024-02-21,COMPLETED
4469,339,16,2024-08-05,Returned
4470,30,2,2023-02-22,completed
4471,74,1,2025-10-26,complete
4472,306,1,2025-08-08,shipped
4473,44,16,2025-03-22,Completed
4474,148,13,2023-06-03,pending
4475,354,15,2023-09-28,
4476,439,6,2025-02-20,canceled
4477,370,5,2023-07-06,Shipped
4478,463,20,2024-03-20,returned
4479,449,3,2025-12-26,canceled
4480,402,10,2024-06-06,cancelled
4481,463,2,2023-05-07,cancelled
4482,157,7,2023-08-03,Cancelled
4483,7,19,2023-12-06,CANCELLED
4484,205,3,2024-10-11,Pending
4485,252,1,2025-12-07,COMPLETED
4486,219,17,2025-07-01,canceled
4487,216,5,2024-03-23,Completed
4488,151,1,2024-04-21,PENDING
4489,383,13,2023-02-16,canceled
4490,23,13,2024-11-08,cancelled
4491,480,16,2023-02-04,complete
4492,362,16,2025-11-23,shipped
4493,327,8,2024-07-21,pending
4494,129,3,2025-11-06,complete
4495,464,5,2024-12-17,canceled
4496,24,20,2024-12-29,Completed
4497,229,11,2023-01-02,CANCELLED
4498,327,13,2023-05-03,returned
4499,35,9,2025-08-24,COMPLETED
4500,77,14,2025-05-01,Pending
4501,124,18,2024-12-01,returned
4502,243,13,2023-05-20,completed
4503,393,13,2024-09-19,Completed
4504,168,17,2024-02-19,SHIPPED
4505,128,18,2025-08-28,Cancelled
1842,242,10,2024-12-06,Cancelled
4507,99130,6,2025-05-06,SHIPPED
4508,115,13,2025-09-07,shipped
4509,423,8,2024-09-16,cancelled
4510,184,13,2024-09-03,Completed
4511,18,9,2025-10-10,PENDING
4512,363,1,2023-05-20,returned
4513,311,15,2023-05-08,CANCELLED
4514,446,3,2024-12-24,Cancelled
4515,137,5,2025-08-12,CANCELLED
4516,91,2,2023-11-16,Cancelled
4517,4,14,2025-11-21,Completed
4518,103,9,2023-12-23,returned
4519,282,16,2023-06-24,Shipped
4520,109,16,2023-06-25,Returned
4521,358,7,2023-06-04,Shipped
4522,368,6,2024-09-28,SHIPPED
4523,89,3,2025-10-25,Pending
4524,334,18,2025-05-17,returned
4525,48,17,2025-01-05,returned
4526,99,5,2025-10-26,PENDING
4527,398,9,2024-11-29,Returned
4528,50,12,2024-10-06,Pending
4529,424,3,2025-06-29,completed
4530,234,14,2024-02-09,complete
4531,443,8,2024-02-07,Pending
4532,438,12,2024-05-16,Pending
4533,52,10,2025-04-06,COMPLETED
4534,310,19,2025-07-08,Returned
4535,337,12,2024-02-06,Cancelled
4536,157,7,2025-03-22,cancelled
4537,199,10,2024-09-30,complete
4538,489,5,2025-04-24,pending
4539,364,9,2023-10-15,pending
4540,388,20,2023-12-25,PENDING
4541,175,20,2025-09-16,PENDING
4542,61,1,2024-03-17,PENDING
4543,306,2,2023-08-03,
4544,500,12,2024-09-02,SHIPPED
4545,371,13,2025-11-16,canceled
4546,4,11,2024-07-07,COMPLETED
4547,61,9,2024-03-08,shipped
4548,53,4,2023-09-03,CANCELLED
4549,332,19,2023-06-17,complete
4550,454,2,2023-05-17,Returned
4551,359,1,2025-01-24,PENDING
4552,292,3,2025-05-11,
4553,422,14,2023-02-06,canceled
4554,101,20,2025-10-06,SHIPPED
4555,101,1,2025-01-04,shipped
4556,475,18,2023-02-05,Returned
4557,283,11,2024-10-22,Shipped
4558,368,11,2025-07-11,canceled
4559,290,7,2023-07-21,COMPLETED
4560,205,1,2025-01-07,CANCELLED
4561,194,2,2024-06-18,Cancelled
4562,99811,17,2023-10-20,CANCELLED
4563,312,18,2023-04-03,returned
4564,79,18,2025-04-18,shipped
4565,130,18,2023-06-09,completed
4566,335,9,2023-01-30,complete
4567,198,2,2023-01-05,shipped
4568,371,5,2024-01-29,complete
4569,146,6,2024-10-13,Shipped
4570,221,9,2023-07-27,returned
4571,30,5,2023-09-06,complete
4572,57,10,2025-11-20,Completed
4573,476,14,2023-06-06,SHIPPED
4574,265,2,2023-01-04,PENDING
4575,63,19,2025-02-20,Shipped
4576,96,7,2025-03-06,cancelled
4577,87,17,2023-02-16,Completed
4578,346,19,2023-01-28,completed
4579,374,6,2025-12-10,cancelled
4580,229,3,2023-02-23,returned
4581,489,12,2023-06-12,returned
4582,383,3,2025-02-03,canceled
4583,405,20,2025-05-18,pending
4584,66,5,2024-06-25,Pending
4585,83,5,2023-06-05,Pending
4586,335,9,2023-10-26,Returned
4587,126,12,2025-02-16,Completed
4588,144,8,2023-02-02,COMPLETED
4589,158,10,2024-05-23,completed
4590,340,5,2023-09-30,completed
4591,28,19,2025-08-13,Returned
4592,266,6,2024-12-20,canceled
4593,8,14,2024-08-16,Pending
4594,98,14,2025-11-02,complete
4595,145,2,2024-12-30,complete
4596,404,1,2024-07-31,shipped
4597,121,5,2024-03-06,canceled
4598,459,3,2025-06-02,Returned
4599,450,16,2023-03-23,CANCELLED
4600,61,18,2025-07-18,PENDING
4601,189,17,2025-03-31,pending
4602,371,11,2025-11-09,Shipped
4603,229,9,2025-08-03,completed
4604,331,3,2023-05-19,Returned
4605,143,5,2025-09-25,Cancelled
4606,119,7,2025-04-11,canceled
4607,403,15,2023-08-28,SHIPPED
4608,251,8,2024-08-28,SHIPPED
4609,150,5,2025-08-05,cancelled
4610,328,17,2023-08-03,canceled
4611,172,12,2024-12-04,completed
4612,369,15,2023-04-24,shipped
4613,11,7,2023-08-01,pending
4614,301,6,2025-01-01,Cancelled
4615,404,6,2024-10-30,Returned
4616,221,13,2024-09-22,Cancelled
4617,259,5,2023-02-18,COMPLETED
4618,293,15,2023-11-28,Completed
4619,55,17,2025-08-02,returned
4620,192,19,2024-05-03,CANCELLED
4621,319,6,2023-05-02,
4622,458,4,2024-11-18,Cancelled
4623,204,9,2023-05-28,Completed
4624,17,13,2025-10-03,Completed
4625,126,4,2025-01-12,returned
4626,243,6,2025-04-15,shipped
4627,348,9,2023-12-31,Completed
4628,405,15,2025-07-25,returned
4629,306,17,2024-01-30,canceled
4630,17,13,2025-08-22,PENDING
4631,265,4,2023-05-11,shipped
4632,78,17,2024-03-31,pending
4633,23,17,2023-03-03,Pending
4634,313,9,2025-04-19,Pending
4635,381,10,2023-09-23,Returned
4636,453,13,2023-06-08,Completed
4637,38,20,2025-05-25,shipped
4638,384,9,2024-02-11,Pending
4639,474,11,2023-01-22,Pending
4640,96,9,2025-03-24,Shipped
4641,460,3,2023-06-24,Shipped
4642,121,6,2025-04-07,complete
4643,173,12,2023-12-17,COMPLETED
4644,72,5,2023-10-18,Cancelled
4645,405,13,2023-06-27,Returned
4646,442,12,2025-12-02,cancelled
4647,99599,8,2024-08-01,PENDING
4648,436,12,2024-01-09,Shipped
4649,278,16,2025-01-26,completed
4650,236,1,2024-02-18,completed
4651,317,2,2024-04-25,COMPLETED
4652,111,10,2025-07-09,cancelled
4653,351,17,2024-07-24,Pending
4654,449,8,2024-05-19,PENDING
4655,348,17,2023-06-25,shipped
4656,466,3,2025-10-23,completed
4657,32,20,2024-03-01,returned
4658,155,5,2024-01-16,pending
4659,69,16,2024-01-03,CANCELLED
4660,164,4,2025-03-14,Pending
4661,130,3,2025-03-19,COMPLETED
4662,89,10,2024-10-27,SHIPPED
4663,487,11,2025-08-08,Shipped
4664,492,3,2025-11-14,pending
4665,99,4,2023-06-28,CANCELLED
4666,397,7,2025-06-05,CANCELLED
4667,497,14,2025-01-08,COMPLETED
4668,423,15,2025-04-11,PENDING
4669,293,12,2023-08-02,completed
4670,349,5,2024-08-30,pending
4671,240,9,2024-07-13,Pending
4672,331,19,2025-09-09,completed
4673,105,11,2023-07-26,shipped
4674,168,7,2024-04-26,canceled
4675,166,7,2024-10-12,canceled
4676,226,20,2023-05-13,PENDING
4677,322,12,2024-06-17,Pending
4678,411,19,2023-10-16,Shipped
4679,485,9,2024-11-29,Pending
4680,178,18,2025-05-05,complete
4681,264,14,2023-12-27,PENDING
4682,128,11,2023-07-24,SHIPPED
4683,239,13,2023-06-17,completed
4684,232,16,2024-04-30,Returned
4685,214,12,2024-05-05,returned
4686,305,1,2025-03-05,SHIPPED
4687,27,18,2025-05-30,complete
4688,283,15,2024-10-04,Shipped
4689,133,4,2023-10-22,complete
4690,410,950,2023-07-30,cancelled
4691,477,8,2025-08-12,CANCELLED
4692,420,2,2024-08-25,Completed
4693,210,2,2024-03-22,Pending
4694,98,7,2023-11-01,Returned
4695,441,12,2025-01-17,returned
4696,127,17,2025-03-13,pending
4697,358,8,2025-09-25,Shipped
4698,40,4,2025-06-14,CANCELLED
4699,100,12,2023-04-08,CANCELLED
4700,311,14,2024-04-27,returned
4701,167,9,2023-09-06,canceled
4702,460,4,2024-06-23,Cancelled
4703,448,13,2025-08-05,pending
4704,254,10,2023-02-16,Returned
4705,476,7,2025-01-24,Shipped
4706,119,15,2025-06-23,CANCELLED
4707,299,12,2023-07-21,Returned
4708,117,14,2023-07-30,complete
4709,26,19,2023-11-07,CANCELLED
4710,317,6,2024-12-29,COMPLETED
4711,346,15,2023-12-28,shipped
4712,124,7,2023-02-27,Returned
4713,150,18,2024-08-02,cancelled
4714,126,18,2024-09-21,CANCELLED
4715,107,18,2024-02-14,canceled
4716,217,13,2024-06-05,Completed
4717,290,10,2023-09-01,PENDING
4718,334,2,2025-07-18,pending
4719,436,3,2025-02-23,PENDING
4720,35,13,2025-08-02,complete
4721,422,2,2023-11-12,cancelled
4722,349,1,2023-10-15,shipped
4723,123,14,2024-09-26,COMPLETED
4724,179,15,2024-01-14,Shipped
4725,340,17,2024-06-21,cancelled
4726,319,11,2023-01-21,completed
4727,187,5,2025-12-03,CANCELLED
4728,401,3,2023-02-20,cancelled
4729,95,11,2024-03-19,Completed
4730,296,17,2023-12-17,shipped
4731,14,4,2025-01-15,canceled
4732,305,15,2024-07-09,returned
4733,69,15,2025-07-23,pending
4734,460,17,2024-05-08,PENDING
4735,55,8,2025-09-23,Completed
4736,452,6,2024-11-30,shipped
4737,221,2,2023-04-25,PENDING
4738,93,4,2025-08-14,Pending
4739,147,4,2024-03-01,shipped
4740,485,13,2024-12-18,Pending
4741,433,19,2024-09-14,canceled
4742,390,7,2025-07-14,Pending
4743,150,12,2025-05-27,SHIPPED
4744,340,16,2025-09-22,SHIPPED
4745,27,20,2025-04-26,COMPLETED
4746,3,5,2024-11-09,canceled
4747,194,16,2025-01-01,Completed
4748,204,1,2025-03-09,Pending
4749,152,5,2025-08-09,Pending
4750,93,4,2024-01-13,completed
4751,370,13,2023-10-03,CANCELLED
4752,447,15,2024-06-23,COMPLETED
4753,345,11,2024-07-18,cancelled
4754,115,8,2024-11-09,COMPLETED
4755,484,20,2024-11-26,Returned
4756,67,19,2023-04-01,canceled
4757,393,3,2024-08-11,PENDING
4758,278,4,2023-04-21,
4759,310,4,2025-07-15,Completed
4760,316,17,2024-03-01,canceled
4761,87,10,2023-11-30,canceled
4762,96,14,2024-10-18,returned
4763,169,12,2024-09-28,complete
4764,235,15,2025-08-12,returned
4765,195,1,2025-04-03,Cancelled
4766,418,18,2024-06-21,Shipped
4767,398,19,2025-01-16,returned
4768,299,5,2023-10-07,complete
4769,345,9,2023-02-28,Pending
4770,6,8,2024-12-26,completed
4771,133,19,2025-02-24,Returned
4772,134,18,2024-12-09,PENDING
4773,444,9,2023-06-24,Returned
4774,446,971,2025-11-22,COMPLETED
4775,408,11,2023-11-24,cancelled
4776,464,15,2023-07-21,SHIPPED
4777,236,20,2023-03-25,PENDING
4778,378,17,2023-10-18,canceled
4779,367,11,2023-08-18,complete
4780,181,2,2024-08-18,CANCELLED
4781,8,6,2025-11-12,complete
4782,277,8,2023-07-15,Cancelled
4783,456,11,2025-08-26,COMPLETED
4784,472,4,2024-04-21,Pending
4785,172,20,2025-09-23,canceled
4786,198,1,2023-04-20,pending
4787,138,999,2025-02-12,CANCELLED
4788,79,5,2023-08-27,CANCELLED
4789,54,9,2025-02-11,CANCELLED
4790,289,17,2024-08-07,Cancelled
4791,370,20,2025-06-18,pending
4792,148,10,2023-09-15,shipped
4793,301,933,2025-02-25,canceled
4794,411,10,2025-11-24,CANCELLED
4795,455,17,2025-12-29,Shipped
4796,99573,1,2024-05-27,canceled
4797,306,14,2025-10-19,PENDING
4798,68,15,2023-09-07,pending
4799,163,1,2024-02-21,Cancelled
4800,244,8,2025-07-21,canceled
4801,177,16,2023-04-11,SHIPPED
4802,470,18,2025-09-29,shipped
4803,272,17,2024-01-23,shipped
4804,403,14,2024-04-08,Cancelled
4805,190,2,2025-12-07,COMPLETED
4806,410,20,2024-07-07,cancelled
4807,2,7,2024-02-15,CANCELLED
4808,101,19,2025-07-18,returned
4809,99051,19,2024-03-17,PENDING
4810,429,1,2023-06-15,returned
4811,114,8,2023-01-08,Returned
4812,131,8,2023-02-28,pending
4813,188,18,2025-06-03,Completed
4814,292,6,2025-08-22,canceled
4815,20,19,2023-06-07,PENDING
4816,290,17,2024-12-31,Completed
4817,25,9,2024-08-30,returned
4818,341,8,2023-07-19,Returned
4819,18,13,2025-04-21,canceled
4820,244,8,2024-07-07,COMPLETED
4821,411,17,2023-06-02,Completed
4822,304,18,2023-11-22,Returned
4823,58,20,2025-12-03,PENDING
4824,27,5,2024-04-21,Shipped
4825,286,6,2024-12-18,Pending
4826,411,9,2025-10-09,SHIPPED
4827,182,2,2024-02-27,canceled
4828,226,9,2025-06-13,pending
4829,247,16,2024-09-14,Cancelled
4830,172,5,2024-08-25,Completed
4831,134,5,2025-01-20,Completed
4832,43,13,2023-03-23,Returned
4833,56,4,2024-12-13,shipped
4834,396,11,2024-07-27,COMPLETED
4835,134,15,2023-05-05,completed
4836,174,12,2024-12-22,cancelled
4837,325,12,2025-07-08,Returned
4838,150,19,2023-04-29,PENDING
4839,245,17,2024-06-07,CANCELLED
4840,472,14,2025-09-12,cancelled
4841,171,18,2025-04-07,Cancelled
4842,489,8,2023-11-22,COMPLETED
4843,316,15,2024-11-19,complete
4844,99150,20,2025-01-23,PENDING
4845,287,12,2025-07-15,Pending
4846,193,1,2023-05-14,Cancelled
4847,491,19,2024-08-14,SHIPPED
4848,8,8,2023-11-11,Cancelled
4849,234,7,2023-03-11,Returned
4850,271,15,2023-04-27,cancelled
4851,55,19,2023-10-21,Returned
4852,44,13,2025-06-25,returned
4853,68,13,2025-02-19,completed
4854,99932,8,2025-07-18,completed
4855,385,4,2023-12-13,PENDING
4856,22,2,2023-09-07,COMPLETED
4857,405,19,2023-08-18,returned
4858,245,2,2023-08-14,COMPLETED
4859,218,6,2023-11-03,Shipped
4860,497,11,2025-11-04,returned
4861,448,5,2024-10-31,Shipped
4862,81,6,2023-06-21,pending
4863,135,2,2024-11-09,CANCELLED
4864,151,9,2023-10-11,shipped
4865,238,10,2025-10-27,PENDING
4866,206,7,2023-09-24,SHIPPED
4867,403,9,2024-09-21,Returned
4868,100,2,2024-09-04,Shipped
4869,388,6,2025-02-13,SHIPPED
4870,313,2,2024-06-10,SHIPPED
4871,168,11,2025-10-25,SHIPPED
4872,485,15,2023-08-16,returned
4873,326,17,2025-08-08,Pending
4874,219,9,2025-12-30,canceled
4875,149,10,2024-12-02,PENDING
4876,15,4,2024-09-06,canceled
4877,284,6,2024-03-16,CANCELLED
4878,199,6,2023-09-29,SHIPPED
4879,344,20,2023-11-01,cancelled
4880,1,8,2025-08-13,COMPLETED
4881,247,4,2024-09-28,COMPLETED
4882,56,5,2024-03-09,Cancelled
4883,184,13,2024-11-22,Shipped
4884,451,1,2025-01-25,pending
4885,33,20,2023-07-09,Cancelled
4886,99142,8,2023-10-11,CANCELLED
4887,229,7,2023-01-18,Shipped
4888,447,15,2025-05-04,complete
4889,383,11,2024-04-13,Returned
4890,137,6,2025-06-03,cancelled
4891,411,13,2023-08-18,PENDING
4892,447,14,2025-10-15,CANCELLED
4893,183,16,2024-06-15,canceled
4894,408,19,2025-09-18,canceled
4895,468,19,2024-01-01,CANCELLED
4896,373,9,2023-11-07,
4897,205,16,2025-07-01,shipped
4898,333,12,2025-06-20,Shipped
4899,221,7,2024-04-30,completed
4900,459,12,2024-12-20,Pending
4901,355,16,2024-03-22,Pending
4902,431,2,2023-09-09,complete
4903,252,7,2025-01-17,canceled
4904,64,11,2025-05-28,Returned
4905,235,8,2024-10-24,PENDING
4906,263,3,2023-04-26,Cancelled
4907,90,6,2025-09-18,Cancelled
4908,439,3,2099-11-12,pending
4909,274,16,2024-08-23,Returned
4910,204,5,2023-04-07,shipped
4911,316,5,2024-10-04,CANCELLED
4912,41,19,2024-04-29,COMPLETED
4913,327,11,2024-10-01,pending
4914,367,1,2024-05-17,Pending
4915,63,6,2023-10-24,shipped
4916,459,15,2024-05-07,returned
4917,262,11,2024-07-08,completed
4918,401,15,2025-09-27,canceled
4919,384,12,2023-07-25,cancelled
4920,188,8,2025-06-06,shipped
4921,195,2,2025-07-17,CANCELLED
4922,196,2,2025-03-02,completed
4923,76,2,2025-05-11,shipped
4924,70,9,2025-10-13,Cancelled
4925,8,9,2024-02-05,PENDING
4926,199,1,2023-05-18,completed
4927,199,17,2023-09-07,pending
4928,260,8,2023-08-05,pending
4929,50,3,2025-08-11,completed
4930,267,15,2024-10-16,pending
4931,171,17,2024-04-05,Shipped
4932,384,16,2024-02-16,returned
4933,60,5,2025-09-28,Pending
4934,316,16,2025-05-16,pending
4935,218,11,2023-08-14,returned
4936,169,7,2025-04-26,PENDING
4937,171,7,2024-08-03,canceled
4938,325,15,2024-10-29,canceled
4939,363,5,2023-08-24,Returned
4940,338,5,2024-11-06,Returned
4941,21,12,2023-04-29,COMPLETED
4942,195,18,2025-05-01,SHIPPED
4943,252,10,2025-09-08,canceled
4944,123,17,2024-05-24,completed
4945,424,20,2025-07-01,SHIPPED
4946,396,14,2025-10-18,cancelled
4947,438,15,2024-06-08,Cancelled
4948,63,4,2025-11-30,completed
4949,141,8,2024-11-17,Returned
4950,452,5,2023-04-19,SHIPPED
4951,224,4,2025-10-24,Returned
4952,240,17,2024-09-15,Returned
4953,239,16,2023-06-24,COMPLETED
4954,432,3,2023-04-21,Pending
4955,293,4,2023-02-12,PENDING
4956,344,13,2025-03-14,canceled
4957,96,11,2023-05-04,CANCELLED
4958,50,6,2023-03-22,shipped
4959,115,6,2024-08-01,Completed
4960,386,3,2023-03-04,Pending
4961,28,11,2024-02-26,returned
4962,385,14,2025-10-02,PENDING
4963,207,9,2024-04-09,PENDING
4964,321,10,2025-01-12,Pending
4965,17,11,2023-03-29,completed
4966,347,7,2025-04-08,cancelled
4967,112,10,2023-11-02,returned
4968,461,13,2023-11-29,Returned
4969,418,10,2023-10-16,Pending
4970,254,9,2023-10-01,COMPLETED
4971,11,16,2025-05-13,Cancelled
4972,373,19,2025-03-08,SHIPPED
4973,164,13,2025-03-14,shipped
4974,163,18,2025-06-06,PENDING
4975,385,4,2025-08-06,PENDING
4976,310,16,2025-02-16,Returned
4977,99175,19,2025-05-18,canceled
4978,435,7,2023-01-01,
4979,327,14,2024-08-10,canceled
4980,391,14,2024-09-14,Cancelled
4981,92,992,2023-10-17,Shipped
4982,351,12,2025-02-01,Returned
4983,147,13,2024-10-26,Cancelled
4984,106,17,2023-08-17,shipped
4985,133,6,2025-05-13,shipped
4986,99287,11,2025-01-27,returned
4987,292,14,2025-05-14,Cancelled
4988,104,5,2025-10-25,Completed
4989,270,17,2025-05-27,cancelled
4990,314,8,2024-04-03,PENDING
4991,101,14,2025-11-15,Shipped
4992,77,4,2025-07-05,SHIPPED
4993,194,5,2024-05-25,cancelled
4994,120,12,2023-09-30,completed
4995,473,13,2023-03-04,canceled
4996,400,12,2023-04-28,pending
4997,95,2,2025-07-09,returned
4998,212,8,2025-09-14,Completed
4999,136,17,2024-04-11,Returned
5000,81,5,2025-03-05,cancelled
