order_id,product_id,quantity,discount_pct
1,64,2,0.0
1,79,5,0.2
1,52,2,0.3
1,77,5,0.0
1,5,1,0.1
2,100,1,0.2
2,21,3,0.15
2,35,5,0.3
2,48,3,0.1
2,38,5,0.0
2,74,5,0.3
3,11,3,0.05
3,18,4,0.0
4,79,4,0.2
4,5,3,0.15
4,87,1,0.2
4,5,4,0.0
4,80,1,0.15
5,19,3,0.15
5,17,1,0.1
5,100,5,0.0
6,7,2,0.15
6,62,1,0.2
6,56,2,0.0
6,63,3,0.0
6,88,4,0.05
7,67,5,0.2
7,1,2,0.0
7,42,4,0.05
7,53,1,0.15
8,71,1,0.1
8,70,4,0.1
8,64,1,0.15
8,5,3,0.0
9,75,3,0.2
9,18,2,0.0
9,56,1,27.0
9,47,3,0.2
10,61,5,0.05
10,35,2,0.0
10,89,5,0.2
11,64,1,0.1
11,11,1,0.0
11,18,2,0.05
11,29,-2,0.05
12,69,1,0.2
12,66,4,0.0
12,71,4,0.0
12,6,1,0.15
13,42,4,0.0
13,88,5,0.15
13,62,4,0.1
13,37,5,0.0
14,15,3,0.2
14,33,1,31.0
15,71,3,0.15
15,88,4,0.3
15,46,5,0.0
15,17,2,0.0
16,66,3,0.0
16,21,5,0.2
16,85,3,0.05
16,10,2,0.0
17,39,3,0.05
17,80,1,0.2
17,72,2,0.15
17,35,2,0.15
18,40,4,0.3
18,54,1,0.15
18,8,4,0.05
18,12,5,0.15
19,17,5,0.05
19,55,1,0.0
19,78,1,0.15
19,45,2,0.15
20,49,3,0.15
20,67,-2,0.0
20,9,1,0.3
21,40,5,0.1
21,69,2,0.05
22,51,4,0.0
22,9,4,0.1
23,77,5,0.0
23,33,0,2.04
23,87,5,0.0
23,4,2,0.2
23,59,2,0.3
24,27,2,0.2
24,60,2,0.15
24,85,3,0.05
25,25,3,0.0
25,76,4,0.2
25,4,5,0.3
25,41,1,0.05
25,9,5,0.0
26,83,2,0.1
27,85,2,0.1
27,79,2,0.15
28,22,2,0.3
28,35,5,0.15
28,100,5,0.15
28,63,4,0.3
29,83,5,0.05
29,10,3,0.05
29,98,3,0.3
29,30,5,0.05
30,28,1,0.05
30,44,2,0.15
30,49,4,0.0
30,74,5,0.0
31,14,1,0.0
31,23,1,0.05
32,54,5,0.0
32,13,3,0.0
32,96,2,0.1
32,83,1,0.0
32,57,4,0.0
33,23,4,0.0
33,25,3,0.1
34,95,5,0.0
35,91,5,0.1
35,72,4,0.0
35,28,3,0.0
35,79,5,0.0
36,64,5,0.05
36,83,1,0.1
36,35,4,0.05
36,2,1,0.0
37,58,2,0.05
37,100,5,0.2
38,48,5,0.1
38,9,1,0.2
38,90,5,0.3
38,47,3,27.0
38,6,2,0.0
39,43,5,0.3
39,39,2,0.0
39,43,2,0.0
39,56,1,0.0
40,35,1,0.0
40,14,0,10.0
41,77,4,0.2
41,53,3,0.15
42,23,3,23.0
42,11,4,0.1
42,90,4,0.15
43,3,5,0.0
43,50,4,0.1
43,78,0,0.3
43,32,3,0.0
44,44,2,0.3
44,27,2,29.0
44,31,4,0.15
45,15,3,17.0
45,49,5,0.2
46,31,1,0.15
46,38,5,0.1
46,12,3,6.0
47,32,1,0.2
47,49,4,0.05
48,11,3,0.0
48,42,2,0.15
49,77,4,0.3
49,29,3,29.0
49,37,1,0.0
50,65,-1,30.0
51,15,3,0.0
51,81,4,0.2
51,94,1,0.2
51,37,2,0.2
52,62,3,0.0
52,1,1,0.05
52,95,5,2.46
53,10,3,0.1
53,40,4,0.0
53,70,3,0.15
54,24,2,0.3
54,100,1,0.2
54,22,5,0.0
55,6,4,0.05
56,96,4,0.0
57,30,5,0.15
57,13,2,0.0
57,26,1,0.05
57,74,5,0.15
57,81,5,0.3
58,21,4,0.3
58,21,2,0.1
58,98,4,0.1
59,52,2,0.2
59,72,3,0.0
60,76,5,5.0
60,83,2,0.1
60,97,1,0.3
60,81,3,0.3
61,22,4,0.0
61,19,5,0.1
61,12,4,0.2
61,95,5,0.0
62,65,1,0.0
62,86,3,0.05
62,94,3,0.0
63,56,2,0.0
63,100,3,0.2
63,25,2,0.0
64,78,1,0.15
64,68,1,0.0
65,82,5,0.0
65,7,5,0.0
65,11,4,0.2
66,24,4,0.1
66,59,1,0.05
67,12,1,0.1
67,72,1,0.0
68,66,2,0.0
68,36,3,0.3
69,97,1,0.0
69,78,2,21.0
70,26,1,0.3
70,1,4,0.0
70,35,4,0.0
70,67,4,0.1
71,78,2,0.1
71,57,2,0.1
72,74,4,0.2
72,53,1,0.1
72,62,2,0.0
73,68,4,0.3
73,72,5,0.15
73,97,1,0.1
74,12,2,0.15
74,89,3,0.2
75,11,1,38.0
75,44,5,0.05
76,24,4,0.15
76,4,2,0.1
76,65,4,0.05
76,19,2,0.3
76,16,1,0.05
77,7,2,0.2
77,85,5,0.0
77,56,3,0.0
78,77,1,0.0
78,73,1,0.05
78,98,5,0.05
78,97,5,0.0
78,53,2,0.3
79,53,5,0.0
79,35,5,0.3
79,82,3,0.0
79,97,4,0.0
80,6,3,0.1
80,96,5,0.2
81,15,5,0.3
81,11,3,0.0
81,85,5,0.05
82,10,3,0.2
82,94,2,0.3
82,21,4,0.05
83,84,5,0.05
83,96,1,0.15
84,59,2,2.43
84,93,5,0.1
84,77,5,0.0
84,52,2,0.2
84,81,5,0.0
85,8,3,0.0
85,49,2,0.15
85,56,2,12.0
85,23,5,0.0
86,62,4,0.0
86,86,2,0.1
86,19,2,0.3
87,70,3,0.0
87,37,2,0.0
87,82,3,0.15
87,48,4,0.15
87,18,4,0.1
88,72,3,0.15
88,27,3,0.3
89,62,4,0.3
89,85,1,0.0
90,23,4,0.2
90,65,5,0.3
91,4,3,0.1
91,27,3,0.15
91,99,1,0.0
92,92,5,0.3
92,56,5,0.0
92,7,1,0.15
93,48,2,0.1
93,48,3,0.15
93,26,3,0.05
93,60,1,0.0
93,36,5,0.0
94,41,3,0.3
94,72,2,0.0
94,9,5,0.05
94,34,5,0.15
94,50,5,0.3
95,55,2,0.05
95,39,4,0.1
95,4,5,0.2
95,68,2,0.2
96,43,5,0.3
96,50,2,0.1
97,88,5,0.0
97,97,1,0.0
97,11,2,0.1
97,50,3,2.31
98,48,1,0.0
98,4,4,0.3
98,60,3,0.1
99,18,2,0.15
99,62,2,0.15
99,55,3,0.2
100,88,1,0.15
101,62,5,0.0
101,3,4,0.0
101,94,2,0.1
102,61,3,0.3
102,97,4,0.3
103,93,4,0.1
103,28,1,0.0
103,65,4,0.05
103,5,2,0.0
104,23,2,0.3
104,71,1,0.2
104,92,3,0.3
104,75,-2,0.0
104,35,2,0.05
105,16,5,0.0
105,23,2,0.15
105,76,2,0.15
106,38,4,0.3
106,37,4,0.0
107,63,2,0.2
108,94,5,0.2
108,26,1,0.05
109,26,2,0.0
109,36,1,0.2
110,56,3,0.2
110,85,3,0.0
110,3,1,0.0
110,57,3,0.1
110,31,5,0.05
111,29,4,0.0
111,93,2,0.0
111,52,3,0.2
111,84,1,0.15
111,49,2,0.1
112,27,3,0.0
112,83,4,0.05
113,3,5,0.3
113,89,2,0.05
114,86,5,0.1
114,14,2,0.0
115,40,2,0.0
115,59,1,0.3
116,7,4,0.2
117,30,1,0.0
117,60,3,0.0
117,56,5,0.0
118,11,5,0.0
118,41,5,0.05
118,64,3,0.05
119,81,5,0.0
120,51,5,0.1
121,22,2,0.0
121,7,1,0.15
121,100,4,0.05
121,6,5,0.05
121,11,5,0.0
121,57,5,0.1
122,18,5,0.0
122,63,4,23.0
123,64,3,0.1
123,35,0,0.0
123,31,1,0.0
123,3,3,0.0
123,99,5,0.15
124,20,4,0.0
124,54,3,0.0
125,48,5,0.05
125,98,4,0.0
126,60,1,0.0
126,67,2,0.2
126,82,5,0.0
126,75,1,0.0
127,82,4,0.2
127,69,4,0.3
128,63,4,0.0
129,94,2,0.05
129,60,3,0.0
129,44,4,0.05
129,34,-2,0.15
130,18,1,0.0
130,72,5,0.0
131,43,4,0.05
131,88,1,0.0
131,2,4,0.0
131,38,5,0.3
132,37,5,0.3
132,21,3,0.15
133,7,5,0.2
134,59,2,0.2
134,92,2,0.0
134,8,1,0.0
134,35,3,0.0
135,86,1,0.0
135,51,1,0.05
135,82,1,0.1
135,33,1,0.15
135,24,2,0.15
136,96,5,0.2
136,26,2,0.1
137,41,1,0.0
137,3,4,0.2
137,63,5,0.05
137,36,3,0.2
138,45,1,0.1
138,67,3,0.2
138,33,4,0.05
139,23,4,0.1
139,97,4,0.0
140,78,1,0.05
140,85,2,0.2
140,71,4,0.0
140,22,3,0.0
140,28,1,0.2
141,80,2,0.0
142,88,5,0.3
142,79,2,0.15
142,27,1,0.05
143,46,1,0.0
143,86,4,0.2
143,23,1,0.0
143,13,4,2.28
144,90,4,0.0
144,18,3,0.2
145,44,3,0.15
145,70,3,0.0
145,57,4,2.19
146,50,3,0.15
146,35,3,0.05
146,76,3,0.0
146,62,3,0.1
147,55,4,0.0
147,4,3,0.3
147,37,5,0.0
148,45,2,32.0
149,23,1,0.0
149,5,5,0.15
149,76,3,0.05
149,11,2,0.0
150,75,1,15.0
150,18,3,0.05
151,5,2,0.0
151,60,4,0.0
152,45,1,0.15
153,74,2,0.0
153,100,2,0.2
153,74,5,0.3
153,15,1,0.0
154,65,4,0.0
154,100,1,0.0
155,90,2,0.3
155,10,3,0.0
156,44,5,0.15
156,57,4,0.3
156,83,1,0.05
157,23,2,0.15
157,93,5,0.2
157,85,3,0.3
158,15,1,0.15
158,80,2,0.2
158,27,2,0.2
159,3,1,0.0
159,9419,2,0.0
159,45,3,0.15
159,65,1,0.3
159,9,4,0.15
160,6,2,0.1
160,37,5,0.0
160,54,5,0.0
160,25,1,0.0
161,58,-2,0.0
161,15,1,0.0
161,48,1,0.15
161,49,3,0.3
161,92,5,0.05
162,94,3,0.05
162,19,4,40.0
163,11,5,38.0
163,17,2,0.0
163,11,5,0.0
164,13,5,0.1
165,33,2,0.15
165,12,2,0.1
165,57,5,0.15
166,79,1,0.0
167,39,3,0.2
167,15,4,0.3
168,87,1,0.2
168,20,3,20.0
169,52,3,0.0
169,8,4,0.05
170,95,5,0.0
170,98,4,0.05
170,24,-1,0.3
170,9,2,0.2
171,1,1,0.0
171,83,1,0.15
171,93,4,34.0
171,92,3,0.0
171,65,2,0.2
172,44,2,0.1
172,49,3,0.0
173,60,1,0.05
173,17,2,0.0
174,90,3,0.1
174,18,3,0.0
174,25,3,0.0
175,81,3,0.2
175,49,2,0.2
176,6,2,0.15
176,81,4,0.15
176,23,2,0.0
176,17,2,0.3
176,28,2,0.15
176,58,2,0.0
176,21,4,0.0
177,61,4,0.0
178,99,1,0.05
178,15,1,0.1
179,50,4,0.2
179,77,3,0.0
179,30,5,0.0
180,70,5,0.0
180,93,4,0.3
180,46,5,0.0
181,31,3,0.0
181,34,4,0.0
181,92,3,0.1
181,39,5,0.15
182,40,3,0.0
182,60,2,0.0
183,35,2,0.0
183,15,2,0.15
183,82,2,0.0
183,2,4,0.3
184,87,4,0.05
184,52,5,0.0
184,28,5,0.0
185,88,5,0.05
185,31,5,0.15
185,16,3,0.0
185,43,4,0.2
186,21,4,0.0
186,40,3,0.2
186,35,5,0.15
186,50,2,0.1
186,12,2,0.0
186,67,5,0.0
187,74,5,14.0
187,92,1,0.1
188,76,4,0.2
188,71,2,0.2
188,86,1,0.3
188,75,4,0.15
189,16,2,0.1
189,50,4,0.3
189,56,3,0.05
190,80,3,0.15
190,3,3,0.05
190,95,5,0.15
190,77,3,0.0
191,72,5,0.05
191,69,5,0.2
192,52,3,0.0
192,26,1,0.05
192,98,1,0.05
192,64,3,0.0
193,80,3,0.0
193,30,5,0.3
194,66,3,0.15
194,34,2,0.1
195,14,-2,0.3
195,10,3,0.2
195,15,2,0.0
195,87,1,0.3
196,89,5,0.0
196,74,2,0.1
196,63,4,0.2
197,72,3,0.05
197,51,1,0.0
198,48,2,0.3
198,71,2,0.05
198,12,1,40.0
198,35,5,0.0
199,40,4,0.0
199,13,5,0.1
199,24,1,0.15
199,100,4,0.0
200,47,4,0.05
200,23,3,0.0
200,81,3,0.1
200,1,4,0.0
200,100,2,0.3
201,97,3,0.3
201,23,5,0.0
201,42,4,0.0
202,20,4,0.2
202,92,3,0.1
203,37,4,0.15
203,52,1,39.0
203,32,5,16.0
204,62,5,0.1
204,79,2,0.0
170,69,2,0.0
170,19,2,0.0
206,67,2,0.0
206,35,5,0.0
207,39,4,0.2
207,6,5,0.2
207,31,2,0.15
208,45,3,0.1
208,7,3,0.3
208,23,3,0.3
208,47,1,0.3
209,7,4,34.0
209,96,4,0.15
209,63,1,0.15
209,29,5,0.0
209,96,5,0.1
210,87,4,0.0
210,68,1,0.0
210,70,1,0.15
210,59,3,0.3
211,3,1,0.15
211,59,3,0.15
211,39,3,0.0
211,52,4,0.0
212,74,2,0.0
212,39,1,0.3
212,41,1,0.05
213,25,3,0.0
213,14,2,0.15
213,71,5,0.0
214,73,4,0.0
214,68,1,0.0
214,85,5,0.2
214,54,2,0.2
214,6,2,0.2
214,70,4,0.3
215,35,3,0.0
215,34,2,0.0
215,95,1,0.0
216,29,1,0.3
217,88,3,0.0
217,86,2,0.0
218,30,5,0.3
219,74,5,17.0
219,51,3,0.3
219,49,5,0.2
219,55,3,0.2
220,62,2,0.0
220,70,1,35.0
220,31,1,0.0
220,10,5,0.0
221,80,2,0.1
221,89,3,0.1
221,57,5,0.0
222,59,1,0.0
222,73,5,0.0
223,22,2,0.0
223,78,2,0.3
223,77,1,0.0
224,41,5,0.2
224,50,2,0.15
224,25,3,0.1
224,70,2,11.0
225,24,1,0.0
225,20,3,0.2
225,60,5,0.05
226,79,5,0.3
226,88,5,0.1
226,92,5,0.3
227,20,1,0.1
228,44,1,0.1
228,97,3,0.05
229,71,4,0.3
229,61,3,0.0
229,16,2,0.0
229,37,5,0.15
230,70,2,0.2
230,49,4,0.05
230,11,4,0.0
231,75,1,0.3
231,15,4,0.0
232,39,3,0.0
232,49,3,0.15
233,17,5,0.15
233,76,2,0.0
233,66,4,0.05
233,33,4,21.0
234,48,5,0.3
234,5,5,0.1
234,97,3,0.2
235,47,3,0.15
236,69,5,0.2
236,52,3,0.3
236,24,1,0.3
237,60,1,0.15
238,70,3,0.1
238,60,3,0.0
238,61,4,0.0
238,50,2,0.0
239,72,3,0.05
239,36,4,0.2
239,21,2,0.15
239,26,2,0.0
239,37,5,0.0
240,51,4,0.05
240,99,1,39.0
240,9020,2,0.2
241,33,3,0.0
241,89,4,23.0
241,8,1,0.0
241,42,5,0.0
241,51,4,0.2
242,68,1,0.0
242,15,4,0.1
242,72,4,0.0
243,17,2,0.15
243,49,2,0.3
243,82,2,0.0
244,89,4,0.0
245,17,4,0.0
245,100,4,0.15
246,19,1,0.0
247,44,5,0.0
247,73,4,0.1
248,34,3,7.0
248,70,-1,0.0
248,37,2,0.0
248,70,4,0.15
249,45,3,0.2
249,96,3,0.1
249,49,4,0.0
250,74,1,0.0
250,64,2,0.15
250,98,2,0.15
250,7,3,0.0
251,32,2,0.05
251,28,5,0.2
252,27,3,0.3
252,30,1,0.2
253,78,3,0.0
253,75,4,0.0
253,36,3,0.0
253,75,5,0.05
254,3,1,0.3
254,68,4,0.1
254,57,4,0.3
255,23,4,0.0
255,17,4,0.1
255,23,1,0.0
255,66,1,0.3
256,90,2,0.3
256,23,3,0.05
257,63,3,0.05
257,62,4,0.05
257,41,5,0.0
257,39,4,0.0
258,82,1,0.3
258,14,3,0.1
258,91,2,0.3
258,4,3,0.0
259,39,5,0.0
259,49,1,0.0
259,17,5,0.0
260,83,1,0.2
260,50,1,0.0
260,62,4,0.15
261,100,1,0.1
261,89,2,0.0
262,32,2,0.3
262,24,2,0.05
262,82,1,0.1
262,11,4,0.0
263,10,5,0.3
263,64,5,0.05
263,38,3,0.0
263,46,3,0.0
264,14,2,0.0
264,9919,4,0.3
264,89,2,0.1
265,30,5,0.0
265,57,5,0.15
265,39,1,0.0
265,1,2,0.0
265,43,2,0.05
266,45,1,0.0
266,9,1,18.0
266,93,4,0.1
266,45,3,0.05
267,40,5,0.05
267,100,2,0.0
267,34,4,0.0
268,62,1,0.3
268,18,2,0.0
268,93,1,14.0
268,18,1,0.3
268,99,2,0.0
269,49,4,0.05
269,80,3,0.3
269,15,2,0.1
270,77,4,0.05
270,20,5,0.2
271,5,5,0.15
271,38,5,27.0
271,74,1,0.1
272,64,4,0.0
272,84,3,0.0
272,26,5,0.15
272,39,5,0.15
273,77,3,0.0
273,95,3,0.2
274,30,3,0.1
275,76,2,0.0
276,61,2,0.0
276,98,1,0.2
277,68,4,0.0
277,52,5,0.0
277,78,4,0.0
278,44,2,0.3
278,35,1,0.1
279,62,3,0.0
279,4,3,0.0
280,65,5,0.05
280,96,2,0.1
280,15,1,0.0
280,20,5,0.1
280,82,4,0.2
281,56,4,0.1
281,46,4,0.05
281,50,3,0.0
282,69,5,0.2
282,54,3,0.1
282,37,5,0.15
283,29,3,0.1
283,15,2,0.3
283,56,2,0.1
283,64,1,0.0
284,79,3,0.15
284,55,5,0.2
284,43,2,0.1
285,10,5,0.05
285,70,4,0.15
285,37,2,0.05
286,87,2,0.3
286,70,1,0.2
286,53,3,0.2
287,91,5,0.0
287,18,2,0.0
287,8,2,0.0
288,92,2,0.0
288,43,4,0.05
289,17,5,0.0
289,27,4,0.1
289,1,5,0.0
290,11,1,0.0
290,75,4,0.05
290,29,1,0.0
291,56,4,0.05
291,8,3,0.2
291,54,1,0.15
292,90,5,0.0
292,22,2,0.3
292,44,5,0.05
292,5,5,0.0
293,87,4,0.3
293,98,3,0.0
293,35,3,0.05
294,64,5,0.1
294,75,2,0.05
295,38,2,0.3
295,31,3,0.0
295,39,2,0.15
295,49,2,0.1
296,60,4,0.2
296,69,4,0.2
297,70,1,0.0
297,93,1,0.0
297,7,4,0.0
298,16,3,0.0
298,4,3,0.0
299,12,4,0.0
299,37,4,0.0
300,43,2,0.0
301,42,5,0.0
301,96,4,0.0
301,26,3,0.0
302,48,4,0.05
302,34,1,0.1
302,92,3,0.0
302,20,3,0.15
303,8,3,0.05
303,90,3,0.0
303,45,2,0.2
304,5,5,0.1
304,99,3,0.3
304,79,2,0.2
304,100,5,0.0
305,39,4,0.0
305,24,3,0.0
306,33,4,0.0
306,59,5,0.05
306,10,4,0.0
307,31,3,0.2
307,84,2,0.3
307,42,2,0.2
308,3,1,0.15
308,70,1,0.15
308,61,3,0.3
308,67,3,0.05
309,40,2,0.1
309,39,1,0.05
309,63,4,0.0
309,96,2,28.0
309,47,-1,0.15
310,29,3,0.0
310,19,4,0.1
310,27,1,0.0
310,7,5,0.0
311,74,4,0.2
311,33,5,0.1
311,34,4,37.0
312,82,5,0.2
312,75,3,0.0
312,63,1,0.05
312,56,5,0.05
313,22,2,0.0
313,34,2,0.0
313,49,3,0.15
313,7,2,0.05
314,93,5,0.15
314,85,5,0.0
315,34,3,0.0
315,9,2,0.0
315,10,3,0.0
316,32,4,0.15
316,51,2,0.0
316,46,4,0.0
316,33,5,0.05
316,69,3,2.64
317,58,3,0.15
317,20,3,0.2
317,89,2,0.05
318,38,4,0.3
318,43,5,0.0
319,9,1,0.15
319,62,3,0.05
319,19,1,0.05
319,76,4,0.0
320,79,4,0.05
320,44,4,0.0
321,11,5,0.0
322,9,5,0.2
322,90,4,0.3
322,39,3,22.0
322,57,4,0.3
323,74,4,0.0
324,68,2,0.05
324,10,4,0.05
324,80,2,0.3
324,19,4,0.3
325,82,5,0.1
325,1,1,0.3
325,98,5,0.05
325,84,1,0.2
326,6,5,0.0
326,30,4,0.3
326,50,2,0.0
327,2,5,0.05
327,7,1,0.15
327,1,4,0.3
328,93,5,0.0
328,9,4,0.0
329,23,3,0.2
329,12,4,0.15
329,52,3,0.0
329,26,2,0.0
330,80,5,0.0
330,52,3,0.15
331,34,1,25.0
332,18,4,0.2
332,53,4,0.1
332,10,4,0.0
332,6,1,0.3
333,4,2,0.2
333,18,2,0.0
333,34,3,0.2
334,3,2,0.0
334,73,4,0.15
334,100,4,0.05
335,53,2,0.3
335,94,2,0.0
335,13,3,0.0
335,74,5,0.0
335,54,5,0.0
336,8,3,0.0
336,55,3,0.0
336,68,4,0.0
337,5,3,0.3
338,44,2,0.1
338,83,1,0.3
338,66,1,0.1
338,25,2,0.2
339,34,2,0.0
339,88,5,0.15
339,25,2,0.3
340,12,1,0.3
340,63,2,0.15
340,54,1,0.05
340,15,5,0.0
341,30,3,0.05
341,50,5,0.0
341,8,4,0.3
342,50,2,0.0
342,41,1,0.0
342,20,2,0.05
343,66,4,0.3
343,18,5,0.1
344,57,2,0.15
344,31,1,0.0
344,26,3,0.3
344,51,1,0.0
344,45,3,0.0
345,15,3,0.2
345,57,1,0.0
346,69,5,0.1
346,42,2,0.2
347,34,5,0.15
347,81,1,0.0
348,70,5,0.1
348,39,3,0.2
348,5,5,0.1
348,73,5,2.66
348,25,1,0.0
349,60,4,0.0
349,70,3,0.0
349,14,2,0.05
350,66,3,0.0
350,36,2,0.0
350,98,3,0.1
350,2,2,0.2
351,64,1,0.3
351,30,1,0.15
352,2,4,0.3
352,23,-1,0.0
352,55,2,0.1
352,5,1,0.0
353,59,4,0.1
353,65,2,0.05
353,67,1,0.15
353,85,-2,0.3
354,15,5,0.0
354,30,5,0.2
354,89,4,0.15
355,26,5,0.2
355,86,4,0.3
355,33,5,0.0
356,1,4,0.2
356,46,4,0.0
356,47,4,0.0
356,95,5,0.1
357,7,2,0.2
357,56,1,0.1
357,19,4,0.0
358,32,1,0.0
358,50,1,0.15
359,60,3,0.2
359,61,4,0.0
360,66,3,0.0
360,53,1,0.0
361,60,4,0.1
361,75,3,0.0
361,59,3,0.0
362,25,2,0.2
363,50,3,0.05
363,69,4,0.0
364,17,5,0.3
364,99,-1,0.2
364,20,2,0.0
365,61,5,0.2
365,29,3,0.0
365,70,5,0.05
366,38,1,0.0
366,96,1,0.2
366,6,5,0.0
366,84,5,0.05
366,8,2,0.2
367,86,2,0.0
367,45,4,0.0
367,98,3,0.05
368,31,5,0.2
368,37,5,0.3
369,71,3,0.2
369,99,3,0.2
370,9392,3,0.15
370,4,1,0.0
371,30,1,0.0
371,90,2,0.3
371,79,4,0.1
371,20,1,0.15
372,69,3,0.2
372,89,5,0.2
373,45,4,0.0
374,61,2,0.15
374,17,2,0.3
374,12,4,0.1
374,74,4,0.3
374,53,3,0.3
375,5,5,0.3
375,63,3,0.05
375,53,1,0.0
375,24,4,0.2
376,65,2,0.0
376,9,5,0.0
376,10,2,0.0
377,55,5,0.1
377,10,2,0.05
377,33,3,0.2
377,45,-2,0.2
378,5,3,0.3
378,43,5,0.0
378,3,4,0.15
378,58,3,0.1
379,19,1,0.3
379,4,3,0.2
379,4,5,0.3
380,14,2,0.1
380,51,3,0.0
380,53,4,0.0
381,5,5,0.0
381,3,3,0.2
381,71,2,0.0
381,97,5,0.3
382,39,2,0.1
382,48,4,0.2
382,12,2,0.05
382,15,5,0.2
382,14,4,0.0
383,85,1,0.05
383,8,5,0.15
383,61,2,0.0
384,5,1,0.15
384,30,1,0.3
384,24,2,0.0
385,16,1,0.15
385,92,2,0.1
386,34,1,0.2
387,18,1,0.3
387,70,4,0.05
388,89,5,0.05
388,62,2,0.2
388,23,1,0.0
388,66,1,0.0
389,34,2,0.15
389,73,3,0.15
390,84,5,0.0
390,96,5,0.0
390,57,2,0.05
390,10,4,0.2
390,7,2,0.1
391,27,2,0.0
391,74,2,0.1
391,32,1,0.0
391,30,5,0.3
392,96,1,0.05
392,3,-2,0.3
392,37,2,0.3
392,48,2,0.0
393,59,3,0.15
393,33,3,0.05
393,92,5,0.15
393,9537,5,0.0
394,36,5,0.0
394,96,5,0.2
394,18,3,0.3
395,56,5,0.05
395,92,1,0.0
395,67,5,0.3
396,26,1,0.0
397,79,1,0.0
397,44,1,0.2
398,49,4,0.0
398,38,2,0.0
398,60,1,0.0
398,38,4,0.0
399,93,3,0.15
400,15,2,0.0
400,48,3,0.05
400,46,1,0.3
401,21,1,0.3
402,60,1,0.2
402,94,2,0.0
402,35,4,0.2
403,77,5,0.0
403,75,-2,0.0
403,63,2,0.05
404,5,1,0.2
404,22,2,0.0
404,55,1,0.05
405,35,1,0.15
405,96,1,0.1
405,31,3,0.0
406,9,4,0.0
407,55,4,0.0
407,19,1,0.0
407,23,5,25.0
407,11,5,0.0
408,7,3,0.05
408,59,5,0.3
408,35,2,0.2
409,27,4,0.05
409,35,4,0.2
409,84,2,0.0
409,81,1,0.0
410,7,4,0.0
410,39,4,0.2
410,81,3,0.05
410,59,3,0.05
411,20,5,0.1
411,8,5,0.0
411,20,4,0.05
412,48,5,0.1
412,78,4,0.0
413,49,5,0.3
413,9,2,0.0
414,79,1,0.0
414,22,5,0.1
415,39,2,13.0
416,77,5,0.3
416,15,2,0.0
416,41,4,0.05
416,33,5,0.15
417,32,3,0.15
417,32,4,0.1
417,31,1,0.1
417,34,1,0.1
418,7,5,0.2
418,90,4,0.0
418,68,-1,0.05
419,85,2,0.2
419,33,4,0.0
420,41,1,0.05
420,47,3,0.3
420,76,3,0.05
420,39,1,0.0
421,100,3,0.2
421,28,1,0.2
421,78,1,0.0
422,93,5,0.15
422,24,2,0.05
422,6,5,0.0
423,5,4,0.0
423,58,1,0.2
423,65,3,0.05
424,29,5,0.0
425,47,3,0.05
425,67,3,0.05
425,28,4,0.15
425,44,2,0.15
425,3,1,0.05
426,49,5,0.2
426,46,3,0.15
426,12,4,0.2
426,54,2,0.05
427,12,1,0.0
427,36,5,0.15
427,68,5,0.2
427,96,2,0.3
428,57,2,0.2
428,26,3,0.1
429,4,2,0.0
429,60,4,0.2
429,86,5,0.3
429,17,5,0.1
429,63,3,0.0
430,37,4,0.0
430,81,4,0.1
430,96,5,0.0
431,77,3,0.15
432,98,2,0.0
432,66,2,0.0
432,64,1,0.3
433,85,3,0.3
433,16,2,0.0
434,10,5,0.15
434,55,5,0.2
434,30,2,0.15
434,91,2,0.1
434,3,2,0.2
435,21,3,0.3
435,36,2,0.3
435,88,3,0.15
435,98,2,31.0
435,65,4,0.3
436,54,4,0.15
437,20,1,0.2
438,62,2,0.0
438,89,3,0.0
438,50,3,0.0
438,2,1,0.05
439,100,4,0.2
439,81,5,0.2
439,13,1,38.0
440,34,5,0.0
440,42,4,0.2
441,3,2,0.15
441,39,1,0.15
442,3,4,0.15
442,11,4,0.3
442,66,1,0.15
442,53,4,0.0
442,4,2,0.05
443,86,4,0.15
443,82,5,11.0
444,81,2,0.1
444,67,4,0.05
444,94,4,0.0
444,24,4,0.0
445,22,1,0.15
445,18,1,0.3
445,2,3,0.3
445,86,2,0.1
446,65,5,0.2
446,16,4,0.0
446,20,5,0.3
447,28,4,0.0
447,1,2,0.0
447,63,1,0.3
447,22,3,0.1
448,74,2,18.0
448,34,1,0.0
448,94,3,0.0
449,8,2,34.0
449,71,2,0.15
449,71,2,0.15
449,51,5,0.0
449,88,3,0.3
450,69,4,0.1
451,95,4,0.2
451,39,1,0.2
451,45,1,0.2
452,91,1,0.0
452,23,1,0.2
452,94,2,0.1
452,49,2,0.1
453,96,-1,0.2
453,74,4,0.3
453,59,2,0.05
454,7,3,33.0
454,46,4,0.0
454,90,2,0.0
454,4,4,0.0
455,2,4,0.05
455,96,2,0.0
455,39,5,0.0
455,13,4,0.1
456,91,5,0.0
456,91,3,0.2
457,94,1,0.05
457,75,5,0.1
457,46,4,0.2
458,74,1,0.0
458,93,3,0.05
458,55,3,0.05
459,40,4,0.0
459,80,1,0.15
459,72,2,0.0
459,77,1,0.05
459,74,1,0.3
460,7,4,0.15
460,42,3,0.15
460,5,2,0.1
461,42,1,0.0
461,47,3,0.15
461,74,2,0.0
461,44,3,0.05
461,14,4,0.05
462,26,5,0.0
462,91,5,0.0
462,40,5,0.0
463,49,1,0.05
463,70,3,0.05
463,60,2,0.0
463,100,1,0.0
463,49,4,0.0
464,11,3,0.1
464,1,1,0.1
464,44,5,0.1
465,38,5,0.05
465,89,2,0.1
465,4,1,0.15
465,42,3,0.05
466,49,1,0.15
466,9346,1,0.05
466,17,5,0.15
466,52,4,0.05
466,89,5,0.05
467,37,2,0.15
467,80,2,0.0
467,96,2,0.0
467,80,4,0.0
467,59,4,0.2
468,21,5,0.0
468,30,3,0.2
468,32,5,14.0
469,18,5,0.3
469,54,1,0.0
469,65,4,0.0
470,15,2,0.2
470,17,4,0.15
471,30,4,0.3
471,65,3,0.0
471,100,1,0.05
472,19,3,0.0
472,94,2,0.0
473,23,5,0.15
473,62,3,0.1
474,96,2,0.0
474,4,3,0.0
474,89,2,0.2
474,18,1,0.05
475,81,4,0.15
475,88,4,0.1
475,65,5,0.05
475,73,5,0.15
476,79,4,0.0
477,41,3,0.0
477,58,2,0.0
477,88,5,0.05
478,4,4,1.61
478,95,3,0.15
478,17,5,0.0
478,45,4,0.3
478,64,3,0.0
479,91,1,0.3
479,65,3,0.0
479,81,5,0.15
480,16,4,0.1
480,38,-1,0.0
480,48,1,0.1
480,44,1,0.0
480,85,3,0.3
481,14,1,0.15
481,81,1,0.3
482,71,1,0.0
482,77,3,0.0
482,88,1,0.0
482,34,3,0.0
482,88,4,0.05
483,8,4,0.2
483,92,4,0.15
483,94,3,0.0
484,35,2,0.05
484,19,3,0.15
484,84,1,0.1
485,18,4,0.05
485,69,2,0.2
485,92,4,0.1
485,36,4,0.05
486,55,3,0.0
486,33,5,40.0
486,65,3,0.0
486,8,4,0.3
487,84,2,0.0
487,57,4,0.0
488,77,5,0.05
488,37,-2,0.1
488,30,2,0.3
488,9,5,0.15
489,17,4,0.0
489,56,2,0.0
489,70,5,0.3
490,59,4,0.0
490,75,2,0.1
490,10,1,0.3
490,92,1,0.0
490,12,0,0.15
491,27,3,0.15
491,81,3,0.0
492,61,2,0.3
493,65,2,0.0
494,86,5,0.15
494,99,1,0.15
494,76,4,0.05
495,63,1,0.3
495,17,2,0.15
495,95,4,0.2
496,62,2,0.0
496,42,3,0.0
496,52,5,0.15
497,10,2,0.0
497,78,3,0.1
497,33,3,0.1
497,100,3,0.1
497,12,4,0.2
498,8,2,0.0
499,6,4,37.0
499,99,3,0.0
499,13,4,0.0
500,43,2,0.3
500,77,4,0.2
501,56,1,0.15
501,72,3,0.0
501,56,4,0.0
501,78,3,0.0
502,56,5,0.3
502,56,3,0.15
503,75,4,0.0
503,31,4,0.15
503,43,2,40.0
503,69,4,2.88
504,9,1,0.0
504,49,1,0.05
504,42,2,0.2
504,10,5,0.3
505,50,1,0.0
505,92,4,0.0
505,21,1,0.05
506,88,4,0.05
506,76,4,0.15
507,89,3,0.0
507,5,4,0.15
508,34,5,0.0
508,76,5,0.1
508,18,3,0.1
509,31,4,0.0
509,14,2,0.05
509,13,2,0.0
510,90,4,0.0
510,28,3,0.0
510,10,1,0.0
511,29,2,0.0
511,81,5,0.2
511,98,5,0.2
511,16,5,0.05
512,67,4,0.05
512,2,3,0.3
512,65,1,0.3
513,45,5,0.2
513,100,5,14.0
513,48,3,0.0
514,12,3,0.05
514,97,1,0.2
514,68,1,0.05
514,44,3,0.2
515,28,3,0.3
515,61,3,0.2
515,40,4,0.1
516,92,3,0.0
516,2,2,0.05
517,67,3,0.0
517,47,1,0.1
517,35,5,0.1
518,9,5,0.1
518,67,2,0.05
518,82,1,0.3
519,90,1,0.1
519,25,3,0.3
519,15,2,0.1
519,99,4,0.3
520,65,5,14.0
520,87,1,0.15
520,22,2,0.0
521,66,5,0.0
521,3,1,0.2
522,96,3,0.0
523,65,2,0.15
523,100,2,0.1
523,18,4,0.05
524,58,1,0.2
524,36,4,0.3
525,34,4,0.05
525,70,1,0.0
526,93,1,0.1
527,58,1,0.0
527,70,5,0.0
528,97,1,0.0
528,44,3,0.1
528,1,5,0.15
528,74,4,0.2
529,87,2,0.0
529,75,5,0.3
530,3,4,0.05
530,2,1,0.05
530,9761,2,0.15
531,33,3,0.05
531,83,3,0.1
532,85,3,0.0
532,34,4,39.0
532,29,3,0.05
532,38,2,0.1
533,23,3,0.1
533,52,5,0.15
533,30,4,0.0
534,41,5,0.0
534,20,3,0.0
535,25,4,0.0
535,88,4,0.0
535,47,3,0.3
535,98,1,0.0
535,88,5,0.0
535,47,2,0.0
536,63,1,2.63
536,13,3,0.0
536,29,2,0.15
536,25,2,0.0
537,65,1,0.0
537,13,3,0.0
537,11,5,0.15
537,43,5,0.1
538,85,5,0.1
538,16,5,0.0
539,31,1,0.0
539,94,1,0.3
539,1,3,0.0
539,49,2,0.0
540,64,2,0.15
541,82,2,0.15
541,80,1,0.2
541,19,4,0.1
542,74,4,0.05
542,81,5,0.0
542,55,5,0.2
542,8,2,0.0
543,50,5,0.15
543,96,2,0.1
543,2,3,0.0
543,61,1,0.2
544,19,5,0.2
544,29,3,0.15
544,3,5,0.2
545,99,1,0.0
545,79,0,0.1
545,56,3,0.15
546,100,5,0.0
546,86,3,0.0
546,41,3,0.0
547,37,5,0.1
547,19,5,0.15
547,38,2,1.92
547,83,3,0.1
548,9,4,0.0
548,93,3,0.0
548,65,5,0.1
548,11,4,0.2
549,1,1,0.1
549,75,1,0.2
549,81,3,0.15
550,50,4,0.15
550,25,5,0.0
550,90,1,0.0
550,47,4,0.15
550,28,2,0.15
551,74,4,0.0
551,20,2,0.05
551,41,1,0.0
551,99,3,0.1
552,95,1,0.3
552,99,1,0.1
552,71,1,0.15
552,81,1,0.2
553,67,3,0.2
554,26,2,0.0
554,64,1,0.0
555,30,5,0.0
555,64,2,0.05
555,34,4,0.2
555,61,1,0.0
555,92,2,0.1
555,44,4,0.1
556,24,4,26.0
556,10,5,0.0
557,62,1,0.05
557,100,3,0.05
557,52,2,0.15
558,2,5,0.3
558,89,1,0.0
559,87,1,0.0
559,25,5,0.0
560,66,1,0.0
560,88,5,0.3
560,93,1,0.05
560,77,5,0.3
561,44,5,0.0
561,26,1,0.15
561,46,4,0.0
562,56,2,0.0
563,12,4,0.05
563,71,2,0.15
563,8,1,0.0
563,55,2,0.05
564,25,2,0.3
564,42,4,0.0
565,58,2,0.3
565,40,3,0.05
565,51,5,29.0
565,60,3,0.15
566,84,4,0.2
566,84,4,10.0
566,11,2,0.05
567,57,2,0.0
567,26,3,0.1
568,44,5,0.1
568,13,1,0.05
568,40,2,0.3
569,50,4,0.3
569,79,2,0.0
569,65,4,0.1
569,65,3,0.0
569,95,3,0.1
570,62,3,0.0
570,45,3,0.3
570,96,5,12.0
571,92,4,0.05
571,76,5,0.2
571,2,1,0.1
571,78,4,0.15
572,39,2,0.05
573,53,2,0.0
573,6,3,0.3
573,45,3,0.0
573,34,5,0.0
574,65,5,0.0
574,67,4,0.1
575,9,3,0.3
575,99,1,0.2
575,23,3,0.0
575,95,4,0.2
576,51,4,0.2
576,13,1,0.0
577,65,3,0.0
577,53,5,0.0
577,69,5,0.0
577,76,4,0.0
578,91,2,0.3
578,90,4,0.0
579,58,1,0.0
579,57,4,0.2
579,26,5,0.2
579,97,4,0.0
580,30,3,0.1
580,6,5,0.05
581,28,3,0.0
581,41,5,0.0
581,79,2,0.2
582,97,5,0.0
582,97,5,0.1
583,25,2,0.1
583,39,3,0.0
583,18,4,0.0
583,86,5,0.1
584,56,1,0.0
584,66,4,0.0
584,55,3,0.0
584,46,4,0.1
584,79,2,0.0
585,54,4,0.05
585,7,5,0.15
585,46,2,0.0
585,33,2,0.0
585,89,5,0.2
586,70,1,0.3
586,12,3,0.0
587,65,4,0.15
587,23,0,0.0
588,97,3,0.15
588,5,1,0.3
589,39,4,0.0
589,38,2,0.05
589,31,1,0.1
589,51,1,0.2
589,80,2,0.0
590,30,3,0.0
590,30,1,0.2
590,71,1,0.2
591,65,2,0.05
591,68,5,0.0
592,64,5,0.05
592,26,2,0.0
592,90,4,0.0
593,4,3,0.3
593,15,2,0.0
594,39,5,0.0
594,13,4,0.3
594,95,2,25.0
594,64,5,0.3
595,89,5,0.05
595,61,1,0.0
595,38,2,0.0
595,100,2,0.15
596,63,1,0.15
596,61,1,0.1
596,35,5,0.3
596,63,4,0.1
596,74,5,0.0
597,42,1,0.15
597,2,4,0.05
597,21,4,0.2
598,77,1,0.0
599,62,-2,0.1
599,10,1,0.1
600,96,2,0.0
600,60,1,0.3
600,71,4,0.0
600,63,3,0.0
601,7,4,0.15
601,84,1,0.1
601,5,5,0.0
601,3,4,0.3
602,76,3,0.0
603,97,5,0.0
603,95,2,0.0
603,21,2,0.15
603,57,4,0.0
604,68,1,0.0
604,18,4,0.0
605,62,2,0.0
605,12,2,0.05
605,54,3,0.0
605,35,3,0.0
606,11,1,0.3
606,48,1,0.0
606,3,3,0.0
606,15,2,0.3
606,67,2,0.0
607,37,5,0.3
607,5,3,0.1
608,16,4,0.2
608,38,5,0.15
608,43,2,0.0
259,30,2,0.1
259,74,1,0.05
259,49,3,0.15
610,48,3,0.0
610,47,4,0.2
610,8,4,0.0
611,45,2,0.0
611,60,5,0.3
611,15,4,0.0
611,60,3,0.3
612,31,5,0.2
612,54,2,0.15
612,92,2,0.05
613,44,2,0.0
614,48,5,0.2
615,87,4,0.0
615,60,5,0.0
615,100,4,0.0
616,78,1,0.0
616,35,4,5.0
616,24,3,0.0
617,4,4,0.1
617,35,1,0.0
618,82,4,0.0
618,25,1,0.0
618,55,3,0.1
619,97,3,0.3
619,7,2,0.0
619,2,4,0.05
620,11,2,0.0
620,23,1,0.2
620,64,3,0.0
621,4,4,0.3
621,58,5,0.0
621,45,1,0.0
622,59,1,0.0
622,55,1,0.2
623,60,4,0.2
623,46,3,0.3
623,15,4,0.0
623,8,5,0.1
624,67,5,0.15
625,56,4,0.05
625,95,5,0.2
626,94,2,0.2
626,14,1,0.2
626,59,2,0.3
627,83,4,0.05
627,55,2,0.05
627,64,1,0.0
628,89,1,0.1
628,46,4,0.1
628,75,1,0.05
628,25,4,0.2
628,90,2,0.3
629,86,2,0.05
629,80,1,0.2
630,7,2,0.0
630,23,1,0.0
630,47,1,0.05
630,76,3,0.1
630,61,4,0.3
631,47,3,0.2
631,88,4,0.0
631,62,4,0.0
631,37,3,0.05
631,35,4,0.0
632,42,3,0.3
632,30,1,0.0
632,35,2,0.3
632,41,2,0.05
632,44,5,0.15
633,24,3,0.1
633,68,0,0.1
633,14,4,0.1
634,32,4,0.3
635,40,1,0.2
635,79,1,0.3
635,90,1,0.15
635,42,4,0.1
636,94,3,0.3
636,76,2,0.0
636,11,5,0.1
636,64,3,0.0
637,63,4,0.05
637,36,3,0.1
637,55,3,0.0
638,31,2,0.0
638,24,2,0.3
638,46,5,0.1
638,4,5,0.0
639,37,2,0.0
639,78,4,0.0
639,98,5,0.3
640,78,2,0.2
641,95,5,0.1
641,83,4,0.3
641,30,2,0.1
642,89,4,0.05
642,77,2,0.0
642,28,1,0.2
642,79,4,0.15
643,83,1,0.05
643,47,4,0.15
643,71,3,0.0
643,10,2,13.0
644,30,5,0.0
644,51,5,2.22
645,70,4,0.3
645,74,2,0.15
645,3,2,0.1
645,41,1,0.05
645,80,4,0.2
646,11,2,0.0
646,26,2,0.2
646,13,5,0.1
647,90,3,0.15
648,77,4,0.2
648,37,0,0.0
648,65,5,0.05
648,35,5,0.0
648,28,5,0.05
648,40,3,0.0
649,63,2,0.05
649,96,1,0.15
649,7,5,0.1
650,20,1,0.3
650,86,2,0.0
650,10,5,0.1
651,34,4,0.0
651,49,2,0.0
651,6,5,0.1
652,100,3,0.05
652,51,1,0.3
653,60,2,0.15
653,52,2,0.3
653,66,5,25.0
654,87,2,0.05
654,44,5,0.05
654,30,3,0.0
655,25,1,0.2
655,2,4,0.0
655,39,2,0.1
656,26,5,0.0
656,67,1,0.0
656,72,4,0.15
656,55,4,0.1
657,89,5,0.2
657,56,3,0.0
657,59,3,0.1
657,38,3,0.05
657,22,1,0.05
657,21,5,0.3
658,37,4,0.05
659,61,2,0.3
659,7,2,0.0
659,63,4,0.0
660,47,2,0.1
660,44,1,0.2
660,7,4,0.15
661,91,4,0.0
662,52,3,0.2
662,26,4,0.0
662,47,2,0.3
662,8,-2,0.15
662,77,2,0.3
663,39,2,0.05
663,27,4,0.0
663,5,4,0.05
664,56,5,5.0
664,56,1,0.15
665,36,3,0.0
665,6,2,0.3
666,18,3,0.15
666,80,3,0.0
667,2,5,0.2
667,28,1,0.05
668,69,1,0.05
668,36,3,0.0
668,13,3,0.2
668,14,3,0.1
669,84,5,0.0
669,13,2,0.0
669,93,2,0.1
670,61,1,0.3
670,3,1,0.0
671,83,-1,0.2
671,9,2,0.2
671,9,2,0.0
671,93,1,0.0
671,20,5,0.1
672,16,2,0.0
672,83,3,0.2
673,18,4,0.0
673,14,2,0.0
673,65,5,0.05
674,81,2,0.05
674,4,4,0.0
674,14,5,0.15
675,29,1,0.1
675,81,1,0.05
675,3,4,0.15
676,97,2,0.1
676,77,5,0.3
676,10,1,0.0
677,1,5,0.0
677,100,4,0.05
677,8,1,0.0
678,5,4,0.0
678,47,1,0.0
679,45,1,0.2
679,3,1,0.2
679,59,2,0.3
679,43,3,0.0
680,70,4,0.0
680,84,1,0.0
680,38,3,0.0
681,53,4,0.0
681,12,1,0.0
682,90,4,0.15
682,78,3,0.15
682,9,2,0.15
683,90,2,0.0
683,92,1,0.05
684,90,3,0.0
685,94,3,0.2
685,25,3,0.0
685,76,1,0.1
685,66,4,0.2
686,36,4,0.0
686,93,-1,0.05
686,45,4,0.0
686,91,1,0.3
686,99,4,0.2
687,47,4,0.05
688,55,5,0.3
688,57,1,0.0
688,13,4,0.3
688,9,3,0.2
688,37,5,0.3
689,93,2,0.0
689,93,1,0.1
689,41,1,0.0
690,85,2,0.0
691,80,1,0.05
691,15,1,0.2
692,23,3,0.0
692,39,4,0.3
692,35,4,0.05
693,71,2,0.0
693,8,4,0.1
693,64,2,0.3
693,66,4,0.0
693,79,2,0.2
694,40,2,0.0
694,50,1,0.0
694,19,5,2.28
694,88,4,0.0
695,14,5,0.3
695,3,5,0.0
695,58,1,0.0
695,94,2,0.2
695,5,3,0.2
696,23,5,0.3
696,14,1,0.3
697,15,5,0.2
697,49,2,0.3
697,70,2,0.15
698,15,2,0.0
699,78,4,0.3
699,33,5,0.1
699,12,4,24.0
699,84,1,0.2
700,32,4,0.1
701,89,3,0.0
701,72,1,0.0
702,73,5,0.3
702,65,4,0.1
702,94,2,0.2
703,63,3,0.15
703,28,4,0.3
703,40,2,0.2
704,18,2,0.0
704,37,1,0.3
705,34,4,0.1
705,33,1,0.0
705,93,2,0.3
705,94,3,0.0
706,2,4,0.0
706,96,3,0.05
706,19,4,0.05
706,81,3,0.0
706,72,3,0.0
707,77,3,0.3
708,61,1,0.15
708,58,3,0.2
708,93,1,0.3
709,3,4,0.2
709,100,5,0.1
709,22,3,0.0
709,38,3,0.0
709,82,2,0.0
710,64,5,0.2
711,60,5,0.0
711,69,5,0.2
711,49,1,0.0
711,89,1,0.05
711,47,4,0.0
712,2,3,0.3
712,85,1,0.0
713,92,2,0.15
714,28,1,0.0
714,84,5,0.05
714,37,1,0.2
714,6,4,0.15
715,91,2,0.15
715,92,1,0.0
715,12,3,0.1
715,58,1,0.0
715,67,5,0.1
716,80,1,0.1
716,4,3,0.0
716,38,4,0.0
716,72,1,0.0
717,5,2,0.15
717,73,5,0.0
718,8,3,0.1
718,19,5,0.0
718,77,4,0.05
719,12,3,0.0
719,81,5,0.0
719,79,5,0.0
720,58,1,0.15
720,88,3,0.1
721,66,3,0.0
721,4,5,0.0
721,17,4,0.2
721,94,1,0.0
722,31,0,0.1
722,80,4,0.3
722,8,5,14.0
723,68,3,0.15
723,34,2,0.0
724,84,3,0.0
724,83,3,0.1
724,8,4,0.15
725,49,5,0.05
725,47,2,0.1
725,7,4,0.1
725,45,3,0.2
726,72,2,0.15
726,80,2,0.0
727,46,2,0.3
727,21,1,0.0
727,81,2,0.05
727,61,2,0.15
728,73,5,0.2
728,29,1,0.3
728,41,2,0.3
728,18,3,0.15
729,39,3,0.05
729,36,1,0.3
729,33,2,0.15
729,80,2,0.0
730,67,4,0.3
730,65,3,0.0
730,81,4,0.0
730,99,1,0.05
730,9,4,0.15
731,97,3,0.0
731,32,1,0.0
731,75,2,0.3
731,82,3,0.05
732,36,5,0.0
733,100,2,0.2
733,33,2,0.0
733,52,2,0.15
734,70,5,0.0
734,98,1,0.1
734,96,5,0.15
734,14,1,0.0
735,24,1,0.2
735,83,4,0.15
735,27,1,0.0
735,32,2,0.0
736,1,1,0.1
736,71,5,0.0
736,32,5,0.0
736,67,1,0.05
736,19,2,0.05
737,47,5,24.0
737,7,4,0.0
737,85,5,0.3
738,27,2,0.2
738,18,3,13.0
738,71,3,0.15
738,19,4,0.1
738,9,4,0.15
739,30,5,0.3
739,2,2,0.05
740,72,1,0.3
740,74,5,0.2
740,25,3,0.0
741,5,5,0.0
741,87,2,0.1
741,63,4,0.1
741,65,5,0.0
741,68,1,0.05
742,68,1,0.15
742,43,2,0.0
742,42,2,0.0
743,26,4,0.0
744,26,2,0.0
744,99,2,0.05
745,55,4,0.05
745,88,5,0.05
746,57,0,0.1
746,69,5,0.2
746,30,1,0.1
747,71,4,0.2
747,96,4,0.0
747,80,1,0.15
748,66,2,0.0
748,80,1,0.0
749,69,2,0.3
749,18,3,0.0
749,93,5,0.0
749,19,5,0.0
750,47,4,0.0
750,85,2,0.0
751,83,4,0.0
751,13,2,0.15
751,85,1,0.0
751,54,1,0.0
752,48,4,0.0
752,22,1,0.0
753,60,4,0.0
753,32,2,0.1
753,98,2,0.0
753,50,2,0.1
754,57,1,0.0
754,28,3,0.0
754,49,1,0.1
755,65,-2,0.1
755,33,3,0.0
756,60,1,0.05
756,67,2,0.0
756,32,4,0.3
756,48,2,0.0
757,69,1,0.0
757,18,3,0.05
757,16,2,0.0
757,4,3,0.0
757,9,2,0.0
758,7,2,0.2
758,77,4,0.0
758,56,2,0.05
758,47,4,0.0
758,63,1,0.0
759,92,3,0.2
759,13,3,17.0
759,21,4,0.05
760,66,2,0.0
760,99,2,0.0
761,24,3,0.0
762,75,5,0.2
762,8,2,0.2
762,14,5,0.15
762,31,3,0.0
763,80,5,0.2
763,77,4,0.15
764,18,4,0.15
764,21,1,0.0
765,7,5,0.1
765,32,5,0.0
766,74,3,0.1
766,81,1,0.0
766,57,2,0.2
767,34,3,0.0
767,55,4,0.0
767,20,3,0.15
767,57,3,0.2
768,1,1,0.2
769,62,3,0.05
769,2,4,0.15
769,84,2,0.05
770,89,2,0.0
770,26,4,0.0
770,67,5,0.05
770,44,3,0.15
770,18,5,0.05
771,1,3,0.0
772,17,2,0.15
772,54,2,0.05
772,96,5,0.05
772,31,2,0.05
772,85,2,0.0
773,78,3,0.0
774,43,1,0.2
775,5,4,0.1
775,8,3,0.0
775,79,1,0.1
775,26,4,0.05
776,15,2,0.05
776,35,5,0.0
776,43,4,0.3
777,55,2,0.0
777,10,0,0.0
777,65,5,0.0
777,61,1,0.1
778,21,3,0.2
778,82,3,0.05
778,85,1,0.15
778,9227,3,0.1
778,28,1,0.0
779,52,3,0.05
779,86,2,0.1
779,94,2,0.0
779,57,5,0.0
779,58,2,0.0
780,68,4,0.3
780,71,2,0.0
781,2,2,0.05
781,91,2,0.15
782,38,1,0.3
782,29,1,0.0
782,15,1,0.1
782,48,-2,39.0
783,18,1,0.0
783,2,3,0.1
783,26,4,0.1
784,3,5,0.3
784,21,4,0.1
785,18,1,0.2
785,46,4,0.3
785,67,5,0.3
786,67,1,0.0
786,46,1,0.3
786,29,1,0.0
787,54,0,6.0
787,16,5,0.0
787,80,3,0.1
788,2,2,0.0
789,67,3,23.0
789,71,4,0.1
789,51,2,0.1
790,65,2,0.0
790,37,4,0.05
790,46,3,0.15
791,33,1,0.0
791,33,2,0.3
791,33,1,0.0
792,19,2,0.3
792,82,2,0.3
792,95,4,0.15
792,4,5,0.0
793,60,3,0.0
793,62,4,0.2
794,85,4,0.0
794,93,3,0.05
795,71,1,0.2
795,67,1,0.0
796,58,3,0.3
796,15,1,0.05
796,49,3,0.0
796,84,1,0.05
796,90,4,0.0
797,19,5,0.0
797,70,3,36.0
797,63,1,0.0
797,35,4,0.0
798,68,3,0.3
798,43,4,0.0
798,53,5,0.15
798,91,1,0.2
799,69,4,0.0
799,76,2,0.0
800,40,3,12.0
800,40,3,19.0
800,22,5,0.3
800,69,1,0.05
801,59,5,0.15
801,61,2,0.0
802,20,1,0.2
802,51,4,0.0
802,89,3,0.3
803,87,2,0.2
803,9267,3,0.3
804,33,1,0.15
804,83,5,0.0
804,16,1,0.15
804,23,5,0.3
805,91,3,0.3
805,31,5,0.0
805,85,2,0.2
805,12,2,0.0
806,41,1,0.0
806,99,5,0.3
806,41,2,0.3
806,60,4,0.15
807,39,0,0.0
807,22,3,0.3
808,13,5,0.2
808,59,2,0.0
809,6,4,0.05
809,34,1,0.1
809,62,5,0.0
810,88,2,2.43
810,46,3,0.2
810,61,3,0.3
811,59,1,0.0
811,69,4,17.0
811,44,2,0.3
812,5,5,0.05
812,11,5,0.0
813,80,1,0.3
813,9,5,0.15
814,68,5,0.15
814,45,1,0.2
815,72,3,0.3
815,59,2,0.15
815,67,3,0.2
815,28,3,0.2
816,16,1,0.0
816,18,4,0.0
816,7,3,0.15
816,99,5,0.05
817,69,2,0.0
817,19,3,0.0
817,22,4,0.0
817,8,5,0.2
818,93,2,0.05
818,90,3,0.0
818,28,1,14.0
819,38,1,0.05
819,32,2,0.0
819,41,3,0.0
819,55,2,0.2
820,58,3,0.2
820,80,1,19.0
820,100,4,0.05
820,89,2,0.0
821,36,5,0.15
821,44,2,0.15
822,99,4,0.0
822,29,4,0.0
822,40,4,0.05
823,72,2,0.05
823,6,5,0.0
823,69,5,0.2
823,32,1,0.2
824,84,2,0.0
824,51,1,0.3
825,56,5,0.3
825,82,2,0.2
826,27,3,0.0
826,97,5,0.05
826,18,2,0.15
827,65,1,0.05
827,58,3,0.15
827,97,5,0.15
828,16,1,0.1
828,94,3,0.0
828,1,1,0.3
829,17,1,0.05
829,43,3,0.3
830,60,3,0.15
830,91,3,0.3
830,74,5,0.15
831,72,5,0.1
832,79,3,0.3
832,46,2,0.0
832,68,2,0.0
832,5,2,13.0
833,21,4,0.0
833,31,3,0.0
834,43,1,0.0
834,16,4,0.0
835,18,2,0.05
835,37,3,0.2
836,39,5,0.3
836,57,1,0.1
836,47,2,0.0
836,83,5,0.05
837,61,1,0.0
837,8,4,0.0
837,46,1,0.1
837,55,3,0.0
838,38,3,0.0
838,18,5,0.0
839,98,3,0.3
839,20,3,0.15
839,14,2,0.3
839,33,3,0.0
839,65,4,0.1
840,100,5,0.0
841,61,2,0.3
841,42,3,0.2
842,56,1,0.1
842,60,2,0.0
843,64,3,0.1
843,92,2,0.05
844,9,3,0.3
844,74,4,0.0
845,11,3,0.3
846,19,4,0.0
847,18,4,0.3
847,59,2,0.2
847,29,2,0.0
847,33,5,0.1
848,13,5,0.15
848,8,4,0.3
848,9143,5,27.0
848,30,4,0.0
849,85,2,0.0
849,16,1,0.2
850,39,1,0.1
850,97,1,0.2
850,28,2,0.0
851,22,4,0.1
851,21,3,0.15
851,49,3,0.15
852,28,1,0.1
853,60,3,0.1
853,28,2,0.1
853,74,2,0.0
854,71,2,0.0
854,73,4,0.05
854,46,5,0.1
854,53,4,0.0
854,97,2,0.0
855,86,3,0.05
855,67,5,0.0
855,52,5,0.3
855,40,2,0.15
856,28,4,0.0
856,30,4,0.0
857,33,5,0.0
857,84,4,0.05
857,82,5,0.0
858,16,5,0.0
858,12,3,0.0
859,40,5,0.0
859,30,3,0.3
859,7,4,0.0
859,54,3,0.15
859,45,3,1.99
859,97,3,0.0
860,13,4,0.0
860,20,5,0.1
860,39,3,0.3
861,85,4,0.1
861,67,3,0.2
862,45,5,0.3
862,7,5,0.3
863,88,3,0.0
863,67,5,0.1
863,37,3,0.0
864,4,4,0.3
864,19,2,0.3
865,75,2,0.0
865,56,5,0.1
865,31,2,0.0
865,97,4,0.0
866,93,5,0.1
867,66,1,0.3
868,55,4,0.0
868,10,5,0.2
868,75,1,0.05
868,67,1,0.0
869,39,4,0.0
869,69,4,0.15
869,50,4,0.05
870,80,5,0.05
871,29,1,0.05
871,5,1,0.3
872,87,5,0.0
873,9,2,0.1
873,58,4,0.05
873,74,2,0.1
873,48,5,0.3
874,7,1,0.0
874,41,4,0.2
875,16,4,0.3
875,15,4,0.3
875,20,5,0.2
876,70,3,0.1
876,18,3,0.3
876,81,5,0.0
877,26,4,0.0
878,69,4,31.0
878,11,4,0.2
878,4,2,0.15
879,7,4,0.0
879,62,4,0.0
879,6,5,0.05
879,55,2,0.05
879,32,4,36.0
879,9,5,0.2
880,15,4,0.2
880,24,1,0.15
880,27,3,0.0
880,7,3,11.0
881,84,3,0.1
881,34,2,0.1
881,83,1,0.1
882,26,2,0.05
882,63,4,0.0
882,62,3,37.0
883,72,1,0.3
883,44,2,0.05
883,45,4,0.05
883,65,1,0.2
884,42,1,0.15
884,48,1,0.0
885,37,3,0.3
885,22,3,22.0
885,56,1,0.05
886,58,2,16.0
887,9,1,0.05
887,2,5,0.2
887,73,3,0.1
887,68,1,0.3
887,21,5,0.1
888,95,2,0.0
888,5,1,0.1
888,1,2,0.0
889,22,1,0.15
889,42,3,0.05
889,9723,2,0.0
889,30,4,0.0
890,63,4,0.0
890,98,2,0.0
891,34,5,0.05
891,2,2,0.15
892,32,1,0.0
892,90,5,0.15
892,60,1,0.1
893,69,5,0.05
893,43,2,0.0
893,35,5,0.15
894,52,3,0.3
894,16,5,0.05
894,71,5,0.1
894,80,-2,0.0
894,55,5,0.15
895,37,4,0.2
895,63,4,0.05
896,60,3,0.1
896,6,3,0.1
896,58,2,0.2
897,9740,4,0.0
897,65,4,33.0
897,55,3,0.0
898,51,5,0.0
898,13,3,0.1
898,10,1,0.0
898,8,4,0.0
898,16,4,0.15
899,85,5,0.15
899,75,3,0.2
900,45,3,0.3
900,99,5,0.3
900,15,5,0.0
900,69,4,0.3
901,67,1,0.0
901,52,3,0.2
901,23,5,0.0
902,91,5,0.1
902,36,3,0.0
903,11,3,0.15
903,95,1,0.1
903,8,5,0.2
904,5,3,0.05
904,39,5,0.0
904,37,2,0.15
904,57,1,0.3
904,77,4,0.0
905,17,3,0.05
905,59,5,0.0
905,14,4,0.15
905,2,5,0.0
906,73,5,0.0
906,74,3,0.0
907,16,4,0.2
908,12,3,0.2
908,86,4,0.15
909,21,5,0.2
909,63,3,0.0
909,10,1,0.05
910,16,2,0.0
910,96,1,0.1
910,27,5,0.0
911,29,4,0.0
911,1,2,0.2
911,1,5,0.0
911,92,1,0.0
912,37,2,0.05
912,72,5,0.15
912,10,2,0.0
913,30,4,0.0
913,62,5,0.0
913,12,1,0.05
914,99,3,1.89
914,60,1,0.2
915,14,1,0.0
915,93,5,0.0
915,74,5,0.1
915,83,2,0.1
916,15,1,0.0
916,100,2,0.05
916,48,2,0.15
917,41,1,0.3
917,99,4,0.3
917,65,4,0.0
917,27,5,0.0
917,17,5,0.2
918,100,2,0.0
918,96,4,38.0
918,39,1,0.0
919,89,5,0.05
919,72,3,0.15
919,9,4,0.1
920,13,5,0.05
920,66,1,0.2
920,83,3,0.2
921,42,5,0.0
921,1,1,0.05
922,66,1,0.1
922,40,3,0.1
922,76,3,0.0
923,95,5,0.0
923,45,2,0.0
924,26,2,0.15
924,39,3,0.0
924,97,2,0.0
924,67,5,0.15
925,52,1,0.15
925,98,3,0.0
926,99,3,0.15
926,16,4,0.0
927,27,4,0.05
928,61,4,0.3
929,69,5,0.15
929,38,1,0.0
929,67,4,0.15
929,28,1,0.0
930,45,3,0.15
930,100,1,0.0
930,88,4,0.15
930,5,5,0.05
931,17,1,0.1
932,99,2,0.0
932,9,3,0.15
932,57,4,0.3
932,60,1,0.2
932,6,1,0.3
933,77,2,0.05
933,36,4,0.0
933,79,4,0.0
933,72,2,0.0
934,18,1,0.3
935,10,4,0.2
935,4,5,0.3
936,18,4,0.05
937,49,3,0.1
937,74,3,0.3
937,51,1,0.15
937,25,2,0.0
938,19,1,0.1
938,33,5,0.15
938,20,2,0.2
938,15,1,25.0
939,32,1,0.2
939,86,4,0.3
939,38,3,0.0
939,33,2,0.0
940,63,3,0.1
940,42,3,0.0
940,68,2,0.1
940,55,4,0.0
940,8,1,10.0
941,56,4,0.15
941,48,5,0.0
941,100,3,0.0
941,68,5,0.15
942,63,3,0.0
942,65,1,0.1
942,9196,4,11.0
943,14,3,0.0
943,92,5,0.1
943,66,3,0.0
944,77,1,0.05
944,25,4,0.15
944,87,4,0.0
944,63,4,0.05
945,91,4,0.0
946,75,3,0.05
946,38,4,0.0
946,67,2,0.0
946,71,1,0.0
946,11,4,0.0
947,15,4,0.2
947,57,4,0.0
947,95,3,0.1
947,58,3,0.3
948,24,3,0.0
948,15,5,0.0
949,25,3,0.1
950,81,5,0.0
950,19,4,0.1
950,28,1,0.0
951,24,5,0.2
951,84,1,0.0
951,11,2,0.0
951,45,5,0.0
951,70,4,0.0
952,12,2,0.3
952,4,5,0.0
952,69,3,0.2
952,35,5,0.0
953,62,4,0.1
954,20,4,0.15
954,77,2,0.1
955,16,1,0.0
955,5,3,0.3
955,30,4,0.0
955,94,1,0.3
955,8,1,0.05
956,9,1,0.3
956,64,4,0.1
956,7,4,0.15
956,98,5,0.1
957,94,5,0.2
957,72,3,0.0
957,54,4,0.3
957,48,2,0.1
958,24,1,0.2
958,67,3,0.2
958,87,3,0.3
958,84,4,0.0
959,24,5,6.0
959,27,4,0.0
959,65,2,40.0
960,34,2,0.15
960,22,1,0.2
961,5,1,0.0
961,56,5,0.0
961,37,-2,0.05
961,41,5,0.15
962,84,5,0.0
962,96,5,0.0
962,78,4,0.0
962,98,1,0.0
962,72,3,0.05
963,92,3,0.1
963,95,3,0.3
963,20,5,0.0
963,39,1,0.1
963,64,5,0.3
964,58,3,0.15
964,22,1,0.0
964,100,5,0.15
964,84,2,0.15
964,25,2,0.3
965,6,1,0.0
965,43,2,0.3
966,78,5,0.2
966,82,2,0.2
966,8,3,0.15
967,41,5,36.0
967,85,2,0.0
967,7,1,0.3
967,61,4,0.2
968,44,5,0.1
968,40,4,0.0
968,57,4,0.15
968,86,3,0.15
969,39,1,0.0
969,31,4,0.3
970,48,4,0.0
970,34,4,0.05
970,12,4,0.1
971,42,4,0.0
971,56,1,0.05
971,68,3,0.0
972,32,5,0.2
972,96,3,0.05
973,66,2,0.15
973,56,3,0.2
973,24,1,36.0
973,11,3,0.15
974,82,4,0.0
974,39,2,0.0
975,54,1,0.2
976,11,2,0.15
976,24,4,0.0
976,53,4,0.0
977,60,3,0.0
977,32,2,0.0
977,28,2,0.3
978,62,5,0.3
979,91,5,0.3
979,3,5,0.1
979,61,5,0.05
980,39,5,0.15
980,27,3,0.0
980,34,4,0.0
981,10,2,0.05
981,18,2,0.0
981,15,1,0.0
981,43,1,0.05
981,10,4,0.0
982,97,4,0.0
982,5,3,0.0
982,78,5,14.0
983,9,4,0.1
983,3,5,0.3
983,12,1,0.1
984,13,3,0.0
984,21,2,0.2
984,22,4,0.1
984,96,2,0.2
985,26,1,0.0
985,37,5,15.0
985,85,-2,0.1
985,86,4,0.3
985,62,4,0.15
985,17,2,0.15
986,26,1,0.15
987,22,2,0.05
987,39,3,7.0
987,71,1,0.1
988,39,3,0.15
988,74,2,13.0
988,36,5,0.0
989,40,2,0.0
990,88,3,5.0
990,68,5,0.3
990,56,3,0.2
990,15,4,0.0
990,59,5,0.1
990,25,3,0.0
991,5,3,0.3
991,41,5,0.0
992,9,2,0.15
992,70,3,0.0
992,9699,2,0.3
992,67,5,0.0
992,20,2,0.0
993,19,2,0.0
993,46,3,0.05
993,81,1,0.0
993,83,1,0.0
994,62,2,0.15
994,92,2,0.1
995,76,1,0.0
995,28,2,0.0
995,56,5,0.3
996,98,3,0.3
996,48,1,0.0
996,44,5,0.0
996,53,2,0.0
997,8,2,0.15
997,93,3,0.3
997,97,3,31.0
998,1,5,0.0
998,80,4,0.0
998,6,4,0.0
999,21,2,0.0
999,89,4,0.1
999,43,4,0.0
1000,11,4,0.0
1000,24,2,0.05
1000,89,5,0.05
1000,7,5,0.2
1000,75,0,0.15
1001,10,4,0.15
1001,85,5,0.0
1001,20,1,0.0
1001,20,3,10.0
1001,92,5,0.0
1002,16,3,0.3
1003,84,4,0.0
1003,99,5,0.2
1003,49,5,0.05
1004,22,3,0.1
1004,12,5,0.0
1005,9,4,0.0
1006,31,4,0.0
1006,17,5,0.0
1006,24,3,0.1
1006,40,1,36.0
1006,62,4,0.05
1007,6,5,0.2
1007,68,4,0.1
1007,20,2,0.1
1008,16,5,0.0
1008,80,5,0.0
1009,24,-2,0.1
1009,74,2,0.1
1010,19,3,0.0
1010,4,2,0.05
1010,3,2,0.0
1010,53,3,0.0
1011,18,5,0.2
1012,42,5,0.0
1012,85,3,0.05
1012,96,1,0.15
1013,89,3,0.15
1013,25,2,0.05
1014,51,5,0.1
1014,80,1,0.1
1014,61,-1,0.2
1014,83,4,0.2
1015,62,1,0.0
1016,29,4,0.15
1016,14,3,0.0
1016,69,4,0.1
1017,46,5,0.0
1017,16,5,0.0
1018,14,4,0.15
1018,96,5,0.2
1019,38,3,0.2
1020,18,3,0.1
1020,48,1,0.0
1021,59,4,0.0
1022,32,4,0.15
1022,39,2,0.05
1022,12,1,0.15
1023,22,5,0.3
1023,83,4,0.05
1023,46,1,0.15
1023,61,1,0.1
1024,82,1,0.1
1025,53,3,0.0
1025,74,4,0.0
1025,35,4,0.15
1025,2,1,28.0
1026,66,4,0.0
1026,61,2,0.2
1026,20,5,0.05
1027,11,4,0.1
1027,63,3,0.2
1028,84,4,0.0
1028,69,2,31.0
1029,4,2,0.1
1029,84,4,0.1
1029,85,2,0.0
1030,38,2,0.0
1031,25,4,0.0
1031,4,2,0.2
1031,88,5,0.1
1031,38,5,0.0
1031,97,5,0.05
1032,3,3,0.1
1032,9976,3,0.3
1032,9,5,0.1
1033,14,5,0.0
1033,65,2,0.15
1033,60,4,0.1
1034,39,4,0.0
1035,50,4,0.0
1035,62,4,0.3
1036,11,4,0.0
1036,66,3,0.0
1037,49,2,11.0
1037,93,2,0.1
1037,28,5,0.0
1037,9,5,0.3
1037,25,3,0.15
1038,86,1,0.1
1038,81,2,0.3
1038,76,5,0.1
1038,27,5,0.05
1038,5,1,0.05
1039,23,2,0.0
1039,13,3,0.15
1040,46,3,0.05
1040,83,3,0.1
1040,66,5,0.2
1041,14,4,0.0
1041,51,3,0.2
1041,48,4,0.0
1041,33,2,0.0
1042,25,4,0.05
1042,81,4,0.0
1043,70,3,0.15
1043,87,5,0.0
1043,76,4,0.05
1043,68,4,0.1
1043,43,1,5.0
1044,94,5,0.3
1045,88,4,0.0
1045,5,5,0.05
1045,37,4,0.15
1045,22,1,0.05
1045,88,3,0.0
1045,57,1,0.0
1046,38,1,0.1
1046,81,4,0.0
1046,50,0,0.3
1046,10,3,0.15
1046,9604,2,0.0
1047,82,4,0.0
1047,65,1,0.3
1048,50,4,0.15
1048,19,5,0.05
1048,34,5,0.0
1048,88,3,0.0
1048,36,2,0.0
1049,22,5,0.15
1049,85,3,0.1
1049,42,5,0.1
1049,91,2,0.0
1050,15,1,0.0
1050,77,3,0.0
1050,81,4,0.05
1051,9,3,0.05
1051,76,3,0.1
1051,54,1,0.15
1051,98,1,0.3
1052,2,1,0.1
1052,23,5,0.0
1052,30,4,0.0
1053,68,5,0.3
1053,40,4,0.0
1053,27,3,0.0
1053,7,1,0.0
1053,81,3,0.0
1053,97,3,0.0
1053,81,3,0.0
1054,7,4,0.15
1054,51,1,11.0
1055,51,1,0.0
1055,63,1,0.1
1055,38,5,0.1
1055,52,2,33.0
1055,89,4,9.0
1056,97,4,0.15
1057,81,3,0.1
1057,45,5,0.0
1057,18,3,0.05
1057,84,3,0.0
1058,92,1,0.2
1059,53,1,0.05
1059,60,3,0.2
1059,53,5,0.3
1060,92,4,0.0
1060,15,1,0.0
1060,69,5,0.2
1061,79,1,0.3
1062,19,2,0.2
1063,24,3,0.05
1063,89,4,0.0
1063,32,2,0.15
1064,61,3,2.04
1064,24,5,0.0
1064,1,4,0.2
1064,77,4,0.0
1065,60,5,0.2
1065,69,4,0.0
1065,57,2,0.0
1065,81,3,0.3
1065,23,5,0.0
1066,44,1,0.15
1066,26,1,0.15
1067,47,2,0.2
1067,30,5,0.2
1067,23,3,0.2
1068,61,1,0.3
1068,87,1,0.15
1068,84,5,0.3
1069,9,5,32.0
1069,9510,5,0.05
1069,52,1,0.2
1069,25,3,0.1
1069,70,3,38.0
1069,85,2,0.0
1070,8,4,0.2
1071,83,4,0.15
1071,1,3,0.0
1072,84,2,0.0
1072,16,5,0.2
1072,96,5,0.0
1073,91,3,0.1
1073,5,4,0.1
1074,2,2,0.05
1074,4,4,0.1
1074,28,2,0.0
1074,26,4,0.15
1075,20,1,0.15
1075,67,3,0.0
1075,29,4,0.0
1075,22,4,0.0
1076,85,1,0.1
1076,87,1,0.3
1076,75,1,0.0
1076,16,5,0.15
1077,96,3,0.1
1077,97,2,0.05
1077,91,4,0.15
1078,2,5,0.0
1078,83,3,0.2
1078,90,4,0.0
1079,81,5,0.1
1079,23,4,0.2
1079,76,5,0.0
1079,25,5,0.0
1080,58,1,0.15
1080,28,5,0.3
1080,75,5,0.2
1081,89,2,0.2
1081,29,2,0.2
1081,63,2,0.05
1082,37,5,0.0
1082,47,5,0.05
1082,68,1,0.3
1083,95,4,0.0
1083,7,2,0.0
1084,23,5,0.0
1084,64,5,0.05
1084,87,1,0.1
1084,94,5,0.0
1084,95,2,0.3
1085,15,4,0.05
1085,69,5,0.1
1086,12,4,0.0
1086,91,5,0.0
1086,66,3,0.05
1087,90,2,0.1
1088,21,3,0.0
1088,90,3,0.05
1088,2,5,0.2
1089,55,1,0.0
1089,70,2,0.0
1089,19,1,0.2
1089,73,2,0.05
1089,92,3,0.1
1090,54,1,0.3
1090,9457,4,0.0
1091,87,5,0.05
1091,75,5,0.0
1092,45,3,0.0
1092,18,3,0.1
1092,36,4,0.3
1093,35,2,0.15
1093,2,5,0.0
1094,89,3,0.0
1094,48,2,0.0
1094,98,5,0.05
1094,62,3,0.0
1095,26,2,0.0
1095,51,1,0.3
1095,21,5,0.2
1095,84,3,0.0
1096,60,5,0.3
1097,46,3,0.15
1098,33,4,0.05
1098,34,5,0.0
1098,64,3,0.0
1099,81,1,37.0
1099,59,5,0.05
1099,29,5,0.0
1099,52,4,0.2
1099,43,5,0.0
1100,14,4,0.0
1100,99,1,0.3
1101,14,4,0.15
1101,62,4,0.0
1101,11,4,0.15
1102,79,4,0.0
1102,64,2,0.15
1102,69,5,0.05
1103,6,2,0.05
1103,90,4,0.0
1104,64,3,0.05
1104,88,1,0.0
1104,69,4,0.05
1104,63,5,0.3
1104,52,4,0.0
1104,29,2,0.0
1105,33,2,0.0
1105,47,5,0.1
1105,62,2,12.0
1105,26,5,0.0
1106,68,5,0.0
1106,68,4,0.0
1107,7,1,0.0
1107,72,5,0.15
1107,52,4,0.0
1108,63,2,0.3
1108,57,5,0.0
1108,36,2,0.2
1108,84,2,0.2
1108,61,5,17.0
1109,52,5,0.3
1109,70,4,0.05
1109,13,5,0.05
1110,12,3,0.05
1110,1,5,0.2
1110,24,2,0.1
1111,8,3,0.0
1111,23,5,0.15
1111,70,5,0.2
1111,83,4,0.0
1112,68,1,0.0
1112,27,5,0.2
1113,21,5,0.0
1113,63,2,0.15
1113,2,3,13.0
1113,58,3,0.0
1114,28,3,0.0
1114,83,5,0.1
1114,18,4,0.0
1114,88,1,0.0
1115,65,4,0.0
1115,32,4,0.05
1115,48,2,0.0
1116,74,1,0.2
1116,47,1,0.3
1116,32,3,0.2
1116,68,3,0.15
1117,7,1,0.0
1117,80,4,0.0
1117,65,3,0.05
1117,54,2,0.0
1118,34,3,0.2
1118,32,5,0.3
1118,5,4,0.05
1119,16,5,0.3
1119,83,1,0.0
1119,73,2,0.0
1120,87,2,0.3
1121,66,3,0.3
1121,25,4,0.2
1122,98,1,0.05
1123,41,5,0.3
1123,20,3,0.0
1123,22,3,0.05
1124,1,2,0.0
1124,81,5,0.0
1124,25,-2,0.3
1124,20,5,0.05
1125,42,2,29.0
1125,13,4,0.2
1125,76,5,0.0
1126,22,5,0.0
1126,3,3,0.0
1126,82,2,0.2
1126,71,2,0.3
1127,38,3,0.1
1127,35,5,0.15
1128,43,5,0.05
1128,98,5,0.0
1128,41,3,0.05
1129,56,4,0.0
1129,5,5,0.3
1129,82,3,0.15
1129,19,3,0.0
1129,67,5,0.0
1130,81,5,0.2
1130,44,3,0.0
1130,2,2,0.2
1130,54,5,0.0
1130,9321,4,0.0
1131,8,0,0.05
1131,72,1,0.0
1131,1,2,0.3
1131,14,4,0.0
1132,51,2,0.0
1132,48,2,0.0
1132,85,3,0.0
1133,67,2,0.15
1133,33,5,0.0
1134,52,1,0.0
1134,4,5,0.0
1134,6,1,0.0
1135,2,2,0.05
1135,2,3,0.0
1135,10,3,0.0
1136,70,5,0.0
1136,73,0,0.3
1136,73,1,0.15
1137,67,1,0.0
1137,51,2,0.1
1138,81,2,0.15
1138,40,3,0.0
1138,50,2,0.0
1138,9781,4,0.0
1139,39,4,0.0
1139,75,5,0.0
1139,30,2,0.15
1139,72,5,0.2
1139,93,3,0.0
1139,29,5,0.05
1140,17,1,0.15
1140,35,2,0.0
1140,53,2,0.3
1140,47,4,0.15
1141,73,3,1.67
1141,39,3,0.15
1142,83,3,0.15
1142,97,5,12.0
1142,8,3,0.3
1142,14,2,0.0
1143,6,1,0.2
1143,9214,2,0.3
1143,75,3,0.15
1143,74,3,0.0
1143,61,3,0.0
1144,81,4,0.05
1145,9315,3,0.0
1145,26,-2,0.2
1145,71,2,0.1
1145,64,4,0.1
1145,15,5,0.3
1146,64,5,0.1
1146,26,2,0.05
1146,15,3,0.15
1147,19,1,0.3
1147,88,3,0.0
1147,9145,3,0.05
1148,14,2,0.0
1149,1,5,0.05
1149,70,4,0.1
1149,53,3,0.2
1149,93,5,0.3
1149,58,4,0.05
1150,35,2,0.1
1150,94,1,0.05
1151,16,1,0.1
1151,83,1,0.2
1152,96,5,0.15
1152,61,4,0.0
1152,66,3,0.05
1152,53,5,0.0
1152,65,2,0.3
1153,91,5,0.0
1153,52,5,0.0
1153,54,2,0.1
1153,3,2,0.15
1154,64,3,0.05
1154,84,5,0.0
1154,40,5,0.1
1155,89,5,0.0
1155,41,4,0.0
1155,72,3,0.0
1155,55,5,0.15
1156,29,1,0.3
1156,83,5,1.56
1156,37,1,0.05
1156,15,1,0.0
1157,31,5,0.15
1157,80,2,0.2
1157,9,5,0.0
1157,9488,2,0.0
1158,83,1,0.05
1158,58,1,0.3
1158,63,3,0.2
1159,74,1,0.0
1159,89,5,0.3
1159,12,2,0.0
1160,38,4,0.2
1160,61,5,0.05
1161,94,3,0.15
1161,81,1,0.1
1161,14,3,0.05
1162,15,5,30.0
1162,94,3,0.0
1162,72,2,0.2
1162,70,3,0.1
1163,76,5,0.2
1163,69,1,0.3
1164,12,2,0.0
1164,88,2,0.0
1164,77,5,0.1
1164,81,1,0.0
1165,99,5,0.2
1165,48,4,0.0
1165,75,3,24.0
1165,45,3,0.0
1166,63,4,0.05
1166,16,5,0.0
1167,60,3,0.1
1167,28,3,0.0
1167,23,5,0.05
1167,99,1,0.1
1167,59,2,0.2
1168,96,4,0.0
1168,74,4,0.05
1169,59,2,0.05
1169,88,5,0.0
1169,44,2,0.0
1170,78,2,0.0
1170,75,4,0.0
1171,27,5,0.05
1171,87,1,0.3
1171,10,1,0.0
1172,2,5,0.0
1173,87,3,0.0
1173,37,1,0.05
1173,75,1,0.3
1173,55,2,0.3
1174,26,1,0.3
1174,33,5,0.3
1174,48,4,0.2
1175,99,1,0.3
1175,94,2,0.05
1175,50,4,0.0
1175,27,5,0.1
1176,67,5,0.05
1176,58,2,0.0
1176,80,3,0.3
1177,70,1,0.1
1177,3,2,0.0
1177,57,4,0.0
1177,92,3,0.2
1178,72,3,0.0
1178,19,5,0.0
1178,22,2,0.05
1178,32,3,0.0
1178,44,3,0.0
1179,69,1,0.05
1179,19,5,0.0
1179,60,2,0.0
1179,37,2,0.2
1179,8,1,0.1
1180,22,1,0.0
1180,46,5,0.1
1181,37,5,0.05
1182,17,2,0.0
1182,94,4,0.0
1182,14,3,0.15
1183,52,1,0.0
1183,38,4,0.2
1183,37,5,0.05
1184,99,4,0.0
1184,85,3,0.15
1184,29,3,0.3
1185,9,-1,0.0
1185,73,2,0.05
1186,93,3,0.15
1186,41,4,0.05
1186,43,1,0.05
1186,60,2,0.2
1187,18,5,0.0
1187,82,3,0.05
1188,92,1,0.05
1188,18,4,0.05
1188,76,4,0.2
1189,74,1,0.0
1190,52,1,0.2
1190,90,3,0.1
1190,49,5,0.0
1191,47,2,0.0
1192,44,1,0.3
1192,40,3,0.1
1192,30,5,0.0
1192,40,3,0.3
1193,42,5,0.1
1193,92,2,0.3
1193,42,1,0.0
1194,79,1,0.0
1194,91,4,0.1
1194,98,1,0.3
1194,8,2,0.05
1195,95,5,0.05
1195,12,4,0.1
1195,69,1,0.0
1196,50,5,0.15
1196,64,1,0.2
1196,24,3,0.0
1196,62,2,0.0
1197,10,1,0.0
1197,85,5,0.05
1197,48,2,0.2
1197,79,1,0.1
1198,49,5,0.0
1198,82,3,0.1
1199,56,5,0.3
1199,2,1,0.0
1199,2,3,0.05
1200,6,3,0.3
1200,1,2,0.0
1201,2,4,0.0
1201,49,1,0.1
1201,26,1,0.0
1202,7,2,0.0
1202,33,4,0.3
1202,50,3,0.3
1203,7,4,0.3
1203,12,2,0.1
1204,34,5,0.3
1204,77,5,0.0
1205,7,4,0.05
1205,78,5,0.0
1206,32,2,0.15
1206,30,3,0.0
1207,84,1,0.0
1207,79,2,0.15
1207,79,5,0.0
1207,39,5,0.15
1208,95,2,0.15
1208,5,5,0.3
1208,77,5,0.3
1209,46,5,0.2
1209,11,2,0.0
1209,47,4,0.0
1210,43,5,0.15
1210,92,2,0.15
1210,14,3,0.0
1211,52,2,0.15
1212,91,3,0.0
1212,5,1,0.0
1212,62,4,0.3
1212,9,5,0.2
1213,58,1,0.0
1213,70,4,0.05
1214,85,5,0.3
1214,17,0,0.0
1214,85,4,0.0
1215,44,1,0.1
1216,90,1,0.2
1216,18,3,29.0
1217,78,1,0.15
1217,64,2,32.0
1217,53,2,0.0
1218,51,3,0.0
1218,89,3,0.0
1218,36,4,0.0
1218,24,3,0.3
1219,86,5,0.0
1219,100,2,0.05
1219,28,5,0.3
1220,11,4,0.0
1220,82,4,0.05
1220,18,4,0.3
1221,38,4,0.3
1221,18,1,0.0
1221,85,2,0.0
1222,36,3,0.15
1223,31,3,0.05
1223,25,4,0.0
1224,17,1,6.0
1224,39,3,0.0
1224,78,2,0.3
1225,3,3,0.1
1225,50,2,0.0
1225,72,3,0.3
1226,56,5,0.0
1226,9819,4,0.2
1226,15,4,0.0
1226,36,4,0.15
1227,54,1,0.0
1227,94,3,0.05
1228,59,2,0.15
1229,72,3,0.0
1229,41,2,0.0
1230,11,3,0.1
1230,23,2,0.15
1230,72,5,0.2
1230,46,1,0.0
1230,55,5,0.15
1231,55,5,0.0
1231,94,5,0.1
1231,31,3,0.3
1231,38,4,0.0
1231,41,4,0.1
1232,41,2,0.05
1232,54,2,0.3
1232,62,2,0.1
1232,44,4,0.0
1233,74,4,0.05
1233,87,1,0.0
1233,33,4,0.0
1234,25,3,0.15
1234,70,2,0.0
1234,4,2,0.1
1234,30,5,0.2
1235,93,3,0.0
1235,39,2,0.05
1235,40,1,0.0
1236,5,5,0.0
1236,7,3,0.15
1237,1,2,0.15
1237,16,1,0.15
1237,67,2,0.0
1238,99,4,0.2
1238,15,5,0.05
1239,45,2,0.1
1240,15,5,0.05
1240,37,5,0.3
1240,94,5,0.0
1241,51,2,0.2
1242,77,4,0.3
1242,48,5,0.15
1242,55,2,0.15
1242,23,3,0.15
1243,34,2,0.1
1244,25,2,0.15
1244,38,1,0.0
1244,9837,3,35.0
1245,87,4,0.05
1245,40,5,0.15
1245,66,1,0.0
1246,96,4,0.2
1246,52,3,0.0
1246,93,5,0.0
1246,73,2,0.05
1247,96,1,0.0
1247,60,5,6.0
1248,2,2,0.0
1248,8,4,0.1
1248,12,2,0.05
1248,12,1,0.3
1249,45,4,0.05
1249,47,5,0.15
1250,95,4,0.15
1250,16,4,0.05
1251,28,1,0.15
1251,36,1,20.0
1251,97,1,0.1
1252,4,2,0.3
1252,94,4,0.3
1252,20,4,0.0
1252,27,3,0.05
1253,19,2,9.0
1253,24,2,0.05
1253,85,1,0.15
1254,62,5,0.0
1254,72,5,38.0
1254,6,1,0.0
1255,4,2,0.1
1255,22,4,0.0
1255,61,5,0.1
1255,49,-2,0.0
1256,75,5,0.0
1256,9505,5,0.1
1256,92,2,0.3
1257,97,5,0.0
1257,36,0,0.0
1257,45,1,0.0
1257,26,3,0.1
1258,27,4,0.1
1258,50,3,0.0
1258,52,1,0.1
1259,80,5,0.05
1259,23,4,0.0
1260,9,3,0.0
1260,17,2,0.0
1260,60,3,0.0
1260,43,3,0.0
1260,3,2,0.2
1261,36,1,0.0
1261,4,1,0.1
1261,38,2,0.3
1261,18,4,0.05
1262,24,1,0.3
1262,40,1,0.15
1262,96,5,0.0
1262,98,4,0.1
1263,92,5,0.3
1263,91,2,0.3
1263,100,4,0.05
1264,41,2,0.05
1264,36,5,0.2
1264,19,1,0.0
1264,59,2,0.3
1265,11,4,0.1
1265,3,5,0.15
1265,14,3,0.2
1266,30,3,0.0
1266,17,2,0.15
1267,91,5,0.3
1267,22,3,0.2
1267,32,5,0.15
1267,32,3,0.0
1268,33,1,0.15
1268,14,4,0.1
1268,94,3,0.05
1268,31,4,0.3
1269,49,5,0.15
1269,18,1,0.3
1269,49,4,0.1
1270,73,5,33.0
1270,36,4,0.0
1270,89,3,0.0
1270,18,3,0.05
1271,73,1,0.0
1271,2,4,0.05
1272,3,2,0.0
1272,76,1,0.0
1272,30,5,23.0
1272,41,4,0.05
1273,65,5,0.3
1273,70,4,0.0
1273,87,4,0.3
1273,13,4,0.0
1273,90,3,0.0
1274,89,5,0.15
1274,90,2,0.15
1274,83,3,0.0
1274,98,1,0.0
1275,22,4,0.0
1275,13,2,0.0
1275,76,3,0.0
1276,9593,3,0.05
1277,64,1,0.0
1277,64,3,0.0
1277,54,1,0.05
1278,35,4,0.0
1278,14,2,0.0
1279,97,2,0.1
1279,6,5,0.0
1279,53,1,0.05
1279,47,5,0.1
1280,6,1,0.1
1280,96,1,0.3
1280,34,2,0.05
1280,90,5,0.1
1280,89,2,0.0
1281,58,1,0.15
1282,18,4,0.0
1282,24,3,0.3
1282,98,2,0.1
1282,36,2,0.1
1282,54,3,0.0
1283,97,1,0.15
1283,3,5,0.0
1283,21,4,0.1
1283,44,2,0.0
1284,17,2,0.05
1284,49,1,11.0
1284,39,1,0.3
1285,58,2,0.1
1285,24,4,0.2
1285,9278,5,0.2
1286,20,2,0.1
1286,14,1,0.0
1286,90,4,0.05
1286,22,1,0.2
1287,17,5,0.0
1287,76,5,0.05
1287,90,3,0.2
1287,98,4,0.0
1288,1,3,0.0
1288,54,5,0.05
1288,89,1,0.1
1288,85,5,0.0
1288,3,5,0.05
1289,1,2,0.15
1289,68,3,0.3
1290,21,3,0.0
1290,6,4,0.3
1290,51,1,0.0
1291,68,3,0.15
1292,60,4,0.0
1292,13,5,0.05
1292,96,4,0.0
1292,99,4,0.15
1293,86,1,0.0
1293,77,4,0.1
1294,2,3,0.0
1294,46,4,0.15
1294,27,4,0.0
1295,70,2,29.0
1295,97,1,0.05
1296,51,2,0.3
1296,98,2,0.0
1296,87,5,0.0
1297,78,4,0.0
1297,39,1,0.15
1297,73,3,0.05
1298,22,2,0.15
1298,10,1,0.15
1299,96,2,0.0
1299,22,5,0.05
1299,42,3,0.2
1300,64,2,0.2
1300,97,4,2.17
1301,9194,2,0.2
1301,53,5,9.0
1301,91,4,0.3
1302,27,4,0.0
1302,21,4,0.15
1302,19,4,0.0
1302,54,2,0.0
1303,80,1,0.1
1303,35,4,0.2
1303,77,2,0.0
1304,88,5,0.1
1304,27,1,0.3
1304,96,5,0.2
1305,55,5,0.0
1305,79,5,0.2
1306,94,4,0.15
1306,76,2,0.0
1306,16,2,0.0
1307,68,3,0.1
1307,5,4,0.2
1307,47,5,0.0
1308,65,4,0.0
1309,100,5,0.0
1309,92,3,0.0
1309,79,5,0.0
1309,24,3,0.15
1309,25,1,0.05
1310,45,5,0.15
1310,17,2,0.15
1310,67,3,0.0
1310,90,3,0.0
1311,29,2,0.0
1311,64,4,0.1
1311,74,2,0.3
1311,71,5,0.0
1311,7,4,0.1
1312,85,2,0.0
1312,21,2,0.2
1312,77,4,0.0
1312,12,2,0.0
1313,43,5,0.0
1313,29,3,0.0
1313,44,4,0.15
1314,57,2,0.3
1314,73,1,0.0
1314,74,1,0.0
1315,100,4,0.0
1315,32,5,0.1
1315,46,4,0.3
1316,98,2,0.2
1316,19,4,0.2
1316,7,1,0.0
1316,79,1,0.3
1317,44,1,0.1
1317,77,5,0.0
1318,66,2,0.1
1318,8,4,0.0
1318,44,2,0.0
1319,36,3,0.1
1319,58,3,0.3
1319,68,1,0.3
1320,84,3,0.05
1320,90,2,0.05
1321,67,2,0.05
1321,54,1,0.2
1321,50,1,0.0
1321,9,2,0.1
1322,22,4,8.0
1322,66,2,0.15
1322,11,3,0.3
1323,58,4,18.0
1323,100,1,0.15
1323,50,4,0.0
1323,99,3,20.0
1324,23,2,0.2
1324,15,5,0.2
1324,30,3,0.0
1325,7,4,0.05
1325,27,5,0.1
1326,61,4,0.0
1326,32,2,33.0
1326,47,4,0.2
1326,71,3,0.0
1327,12,1,0.05
1327,42,5,0.0
1328,100,4,0.05
1328,79,2,0.3
1328,67,3,0.3
1329,60,2,0.05
1329,76,2,0.0
1329,65,4,0.0
1330,37,5,0.0
1330,85,2,0.1
1330,51,5,0.1
1330,95,1,0.05
1331,33,3,0.05
1331,74,5,0.0
1331,26,2,0.0
1331,78,1,0.1
1331,12,3,0.05
1332,78,3,0.0
1332,99,2,0.05
1332,74,5,0.0
1332,29,2,0.2
1333,99,3,0.0
1333,36,3,0.15
1334,54,3,0.0
1334,79,5,0.0
1334,55,1,0.0
1335,98,3,0.1
1335,33,1,0.3
1335,57,5,0.2
1336,85,4,0.0
1336,29,4,0.0
1336,66,3,0.0
1336,56,3,0.3
1337,63,4,0.05
1337,60,5,0.2
1337,93,3,0.15
1337,20,5,0.2
1337,53,4,0.0
1338,37,3,0.15
1339,48,5,0.0
1339,47,4,0.0
1340,1,5,0.1
1340,100,3,0.05
1340,62,5,0.3
1341,97,3,0.0
1341,57,4,0.0
1342,97,2,0.15
1342,100,5,0.2
1342,72,5,0.05
1342,49,4,0.3
1343,31,5,10.0
1343,41,1,0.2
1343,40,1,0.0
1344,59,2,0.1
1344,54,1,0.0
1344,4,4,0.0
1344,43,3,0.1
1344,9875,5,0.3
1345,12,0,0.1
1345,75,1,0.15
1345,17,3,0.0
1345,84,2,0.0
1346,36,1,0.15
1346,57,2,0.05
1346,18,5,0.0
1347,25,4,0.3
1347,73,4,0.1
1348,76,1,0.3
1349,51,5,0.1
1349,37,1,0.2
1349,32,4,0.15
1350,42,4,0.05
1350,33,2,0.0
1351,87,5,0.15
1352,54,2,0.0
1352,99,5,0.2
1352,92,3,0.3
1352,91,1,0.1
1353,58,2,0.3
1353,36,5,0.05
1353,48,1,0.1
1354,77,3,0.0
1354,89,3,0.2
1354,37,5,0.0
1355,22,3,0.1
1355,53,2,0.0
1356,98,3,0.0
1357,87,1,0.1
1357,79,1,0.0
1357,97,1,0.0
1358,48,4,0.0
1358,84,-2,0.3
1358,39,5,26.0
1358,13,5,0.3
1358,33,4,0.3
1359,59,2,0.0
1359,17,1,0.2
1359,1,5,0.3
1359,48,5,0.0
1359,41,1,0.2
1360,5,2,0.0
1360,68,2,0.0
1361,52,2,0.15
1361,76,3,0.0
1361,77,1,0.2
1362,70,4,0.0
1362,38,1,0.0
1363,84,5,0.0
1363,24,3,0.05
1363,45,4,0.2
1364,33,4,0.0
1364,43,5,0.3
1364,54,2,0.15
1365,67,2,0.0
1365,78,5,0.2
1365,62,4,0.0
1366,99,5,0.0
1366,25,1,0.3
1366,18,2,0.15
1367,49,3,0.1
1367,37,4,0.1
1367,79,3,0.2
1367,99,1,0.1
1367,9,2,0.05
1368,55,3,0.2
1368,25,5,0.3
1368,27,3,0.0
1368,22,5,0.3
1368,98,3,0.15
1369,43,4,0.0
1369,53,2,0.1
1370,90,3,0.15
1370,78,1,0.0
1370,52,1,0.05
1370,63,1,0.15
1371,90,4,0.05
1371,75,5,0.3
1371,67,2,0.2
1372,55,1,0.0
1372,5,5,0.2
1372,19,2,22.0
1373,46,3,0.2
1373,97,5,0.0
1374,77,5,0.0
1374,81,1,0.0
1374,26,4,0.3
1375,42,5,0.0
1375,83,3,0.15
1375,15,4,0.15
1376,46,5,0.1
1376,49,5,16.0
1377,66,3,0.0
1377,35,5,9.0
1378,21,1,0.1
1378,27,1,0.3
1379,16,1,0.3
1379,19,3,0.05
1379,21,5,0.1
1380,78,2,0.0
1380,66,4,0.3
1380,66,5,0.0
1380,65,3,0.0
1380,19,3,0.15
1381,27,1,0.0
1381,28,4,0.2
1382,65,4,0.0
1382,35,1,0.15
1382,22,5,0.0
1383,63,2,0.1
1383,35,2,0.15
1383,99,4,0.0
1383,63,2,0.2
1383,6,1,0.3
1383,51,4,0.0
1384,96,4,0.15
1384,80,4,0.2
1384,97,1,0.05
1385,10,2,0.15
1385,48,2,0.0
1385,79,1,0.05
1385,57,4,0.1
1386,77,2,0.0
1386,98,2,0.05
1386,23,1,0.0
1386,95,4,0.0
1387,71,1,0.05
1387,70,1,0.15
1387,74,1,0.0
1387,76,4,0.0
1388,50,1,0.0
1388,16,1,0.3
1389,16,2,18.0
1389,27,3,0.3
1389,78,3,0.2
1389,67,1,0.1
1390,52,4,0.05
1390,10,4,0.0
1391,69,4,0.0
1391,61,1,0.05
1391,63,5,0.05
1392,81,4,0.15
1392,63,4,0.15
1393,36,2,0.0
1393,14,3,0.2
1394,87,2,0.15
1394,98,1,0.0
1394,13,1,0.15
1395,31,1,0.2
1395,63,1,0.0
1395,76,4,0.3
1396,26,4,0.05
1396,26,3,0.2
1396,82,5,0.3
1396,10,2,0.0
1397,27,1,0.3
1398,14,4,0.1
1398,63,5,0.05
1399,92,2,0.1
1399,93,5,0.05
1399,36,4,0.0
1400,31,2,0.0
1400,60,3,0.15
1400,55,5,0.2
1400,66,2,0.2
1401,55,4,0.0
1401,71,5,0.05
1401,96,3,0.15
1402,81,5,0.0
1402,61,1,0.0
1402,19,5,0.15
1402,14,3,0.15
1403,92,5,0.0
1403,8,2,0.0
1403,33,5,0.0
1404,85,2,0.15
1404,71,1,0.05
1405,48,3,0.0
1405,22,4,0.15
1406,92,4,0.15
1406,56,3,0.0
1406,9572,1,0.0
1406,87,1,0.2
1407,9097,1,0.05
1408,46,2,0.15
1409,28,3,0.05
1409,44,3,0.3
1409,92,2,0.0
1409,67,5,8.0
1410,67,2,0.0
1410,44,1,0.15
1410,28,2,0.0
1410,7,5,0.0
1411,5,1,0.3
1411,77,4,0.3
1411,77,3,0.3
1411,18,3,0.0
1412,70,5,0.3
1412,17,-2,0.15
1412,51,1,0.0
1413,12,3,0.0
1413,26,3,0.3
1413,84,2,0.0
1413,68,5,0.15
1413,46,5,0.0
1413,90,3,0.15
1414,30,2,0.0
1414,9,1,0.0
1415,76,1,0.0
1415,81,4,0.3
1415,15,2,0.0
1416,29,1,0.0
1416,52,2,0.2
1416,67,5,0.05
1416,89,4,0.0
1416,53,5,0.0
1417,38,5,0.05
1418,61,3,0.15
1418,84,5,0.2
1418,77,4,0.15
1419,93,2,0.1
1419,10,4,0.15
1419,78,3,0.2
1419,25,5,0.15
1420,76,3,0.05
1420,36,4,0.3
1420,60,3,0.2
1421,82,4,0.1
1421,84,4,0.3
1421,71,2,0.0
1421,97,1,0.0
1422,48,1,0.0
1422,32,3,7.0
1422,68,5,0.3
1423,27,1,0.0
1423,92,5,0.05
1423,70,5,0.0
1423,45,2,0.3
1424,7,2,0.0
1424,77,4,0.3
1424,1,3,0.05
1424,57,3,0.0
1425,43,4,0.0
1425,89,1,0.2
1426,10,4,0.0
1426,18,1,0.0
1426,37,4,0.3
1427,13,4,0.3
1427,9,2,0.2
1427,45,3,0.05
1428,65,2,0.0
1428,49,2,0.2
1428,36,2,0.15
1428,32,3,0.0
1429,99,3,0.1
1429,62,2,0.0
1429,86,5,0.0
1429,30,2,0.05
1429,51,5,0.15
1429,88,2,0.0
1429,15,2,0.15
1430,71,5,0.05
1430,24,4,0.0
1431,100,3,0.15
1432,74,2,0.0
1432,60,2,0.0
1432,60,1,0.0
1433,45,1,22.0
1433,18,2,0.0
1433,79,4,0.15
1434,52,1,0.3
1434,49,5,0.0
1435,26,5,0.05
1435,53,4,0.05
1436,59,3,0.0
1437,75,1,0.0
1437,54,3,0.0
1437,56,1,0.15
1438,91,3,15.0
1438,46,5,0.0
1438,84,3,0.0
1438,89,5,0.0
1439,24,3,0.0
1439,92,5,0.2
1440,41,5,0.3
1440,67,3,0.0
1441,57,1,0.15
1442,40,4,0.15
1442,2,3,0.0
1442,24,5,0.0
1442,27,5,0.0
1442,93,2,0.2
1443,44,3,0.15
1444,68,1,30.0
1445,15,0,0.0
1445,81,5,0.0
1445,76,3,0.0
1446,86,4,0.1
1446,45,5,0.3
1447,86,2,0.05
1447,22,5,0.1
1447,65,1,0.1
1448,42,3,0.2
1448,81,3,0.3
1449,81,1,0.05
1450,30,3,0.2
1450,24,1,0.2
1450,51,3,0.0
1450,47,4,0.05
1451,5,4,0.3
1451,80,1,0.2
1452,96,5,0.0
1452,51,3,0.3
1452,79,2,0.0
1453,25,1,0.15
1453,52,1,0.2
1453,56,3,14.0
1454,29,2,0.1
1454,27,1,0.0
1455,90,3,0.0
1455,24,3,0.1
1455,84,3,0.05
1455,4,4,0.05
1455,77,2,0.3
1456,74,1,0.0
1456,28,4,0.15
1456,81,4,0.1
1456,75,2,0.0
1457,47,4,0.0
1457,89,2,0.0
1457,95,4,0.15
1458,44,1,0.2
1458,93,3,21.0
1458,11,1,0.05
1459,5,3,0.2
1460,56,3,0.0
1460,42,2,0.0
1461,97,5,0.05
1461,89,2,0.15
1461,11,5,0.1
1462,10,3,0.05
1462,86,1,0.0
1462,73,3,0.3
1463,52,2,0.0
1463,89,3,0.3
1463,81,2,0.0
1463,11,3,0.3
1464,59,4,0.0
1464,40,2,0.0
1465,24,2,0.0
1465,58,2,0.2
1465,39,4,0.0
1466,63,2,0.2
1466,78,1,0.3
1467,68,2,0.0
1467,9521,2,0.2
1467,89,5,0.0
1468,7,3,0.0
1468,88,1,0.1
1469,80,2,0.2
1470,100,1,0.0
1470,44,3,0.2
1471,5,4,0.0
1471,75,5,0.15
1471,54,1,0.0
1472,28,3,0.1
1472,93,1,0.0
1472,100,3,0.05
1472,11,5,0.0
1472,60,2,0.3
1473,47,4,0.0
1473,21,3,0.3
1473,99,4,0.0
1474,66,5,0.0
1474,47,2,0.3
1474,8,5,0.2
1474,69,1,0.0
1475,70,2,0.3
1475,43,3,0.2
1476,53,4,0.3
1476,13,1,0.0
1476,72,1,0.05
1477,25,3,0.1
1477,91,5,0.0
1477,23,1,0.1
1477,18,4,0.1
1477,22,5,0.3
1478,18,5,0.0
1478,45,5,0.3
1478,49,1,0.2
1479,90,4,0.1
1479,11,5,0.3
1479,74,3,0.0
1479,99,1,0.3
1480,2,5,0.0
1480,63,2,0.1
1480,13,2,0.05
1480,62,3,0.3
1481,52,4,0.1
1481,64,2,0.0
1481,4,2,0.0
1482,40,2,0.0
1482,66,2,0.2
1482,84,2,0.0
1483,35,4,0.0
1483,58,1,0.05
1483,55,5,0.3
1484,24,2,0.0
1484,94,2,0.15
1485,22,3,0.1
1485,85,1,0.15
1485,63,4,0.1
1486,46,2,0.15
1486,26,2,0.1
1486,28,5,0.0
1486,8,5,0.15
1487,40,1,0.1
1487,25,1,0.2
1488,69,1,0.1
1488,90,5,0.0
1488,29,2,2.14
1488,26,1,0.0
1489,71,2,0.0
1489,67,2,0.2
1489,80,3,0.3
1489,77,4,0.1
1490,63,3,19.0
1490,24,3,0.0
1491,69,3,0.05
1491,1,2,0.2
1491,26,5,0.3
1492,49,4,0.05
1492,61,5,0.3
1493,48,4,0.0
1493,17,3,0.0
1493,69,1,0.1
1493,76,1,0.0
1494,62,5,0.05
1494,84,4,0.0
1494,81,1,0.0
1495,36,4,0.0
1495,29,5,0.0
1495,10,4,0.15
1495,59,-1,0.1
1496,67,4,0.0
1496,100,5,0.2
1496,67,4,0.0
1497,59,1,0.15
1497,26,1,0.3
1497,94,3,0.1
1498,18,3,0.1
1498,16,5,0.15
1498,63,1,0.1
1498,81,5,0.05
1499,41,5,0.1
1499,25,5,0.0
1499,99,2,0.05
1499,94,2,0.2
1500,33,5,0.3
1500,28,5,0.3
1500,89,1,0.1
1500,9351,1,0.1
1501,83,5,0.3
1501,83,2,0.0
1501,86,4,0.15
1501,7,0,0.0
1501,86,2,0.0
1502,98,4,0.3
1502,66,4,0.05
1502,64,5,0.2
1502,56,4,0.0
1503,12,4,0.05
1504,55,4,0.05
1505,30,3,0.0
1505,20,3,0.15
1505,1,4,0.3
1506,34,3,0.0
1506,82,2,0.1
1507,89,4,0.05
1507,72,2,0.3
1507,51,5,0.3
1507,100,5,0.0
1508,83,5,22.0
1508,84,4,0.0
1508,22,2,0.2
1508,100,4,0.2
1509,67,0,0.0
1509,68,4,0.3
1509,70,2,0.05
1509,63,5,0.15
1510,84,2,0.2
1511,37,1,0.0
1511,47,5,0.0
1511,52,5,0.0
1512,56,1,17.0
1512,72,2,0.15
1512,73,4,0.0
1512,82,4,0.0
1513,41,1,0.05
1514,65,4,0.0
1515,21,2,0.0
1515,45,3,0.15
1515,66,3,0.15
1515,80,4,0.0
1515,70,4,0.0
1516,90,5,0.1
1517,75,1,16.0
1517,79,5,0.1
1517,4,5,0.0
1518,94,2,0.1
1519,15,3,0.2
1519,14,4,0.2
1519,10,3,0.15
1520,60,3,0.0
1520,99,2,0.05
1520,2,2,0.0
1521,17,4,0.2
1521,96,4,0.1
1522,56,2,0.05
1522,22,4,0.1
1522,51,4,0.0
1523,91,5,0.15
1523,9,4,0.1
1524,31,5,0.3
1524,41,5,0.0
1524,98,4,0.0
1524,28,1,0.3
1525,67,2,0.2
1525,17,5,0.05
1525,5,1,0.0
1525,100,5,0.0
1526,43,1,0.2
1526,7,4,0.0
1526,98,2,0.0
1527,69,5,0.15
1527,50,5,0.1
1527,10,1,0.05
1527,66,4,0.15
1527,68,5,0.0
1528,70,3,0.15
1528,97,5,0.0
1528,99,5,0.05
1528,55,3,0.3
1529,9685,4,0.3
1529,71,1,0.15
1529,3,1,0.2
1529,20,1,0.05
1530,11,3,0.1
1530,21,5,0.1
1530,30,5,0.15
1531,34,1,0.05
1531,24,5,0.05
1532,79,3,0.0
1532,82,5,0.3
1533,80,1,0.0
1534,81,2,0.0
1534,10,1,16.0
1534,38,5,0.0
1534,46,3,0.15
1534,37,3,0.3
1534,59,5,0.15
1535,35,4,0.3
1535,74,4,0.3
1535,84,3,0.05
1535,86,4,0.05
1536,53,5,0.2
1537,60,5,0.05
1537,57,3,0.0
1537,16,3,0.3
1538,85,1,0.15
1539,98,1,0.3
1539,58,5,0.1
1539,97,4,0.0
1539,73,4,0.15
1540,6,5,0.1
1540,88,1,0.15
1540,57,1,0.3
1540,81,4,0.0
1541,86,1,0.1
1541,82,4,0.0
1541,97,3,12.0
1542,89,4,0.3
1542,58,5,0.15
1542,47,2,0.1
1543,59,2,0.3
1543,47,4,0.3
1543,9004,5,0.0
1544,75,4,0.15
1544,43,5,13.0
1545,53,3,0.2
1545,84,3,0.1
1546,28,5,0.0
1546,98,2,0.3
1547,98,4,0.05
1547,67,5,0.2
1547,17,3,0.2
1547,66,4,0.0
1548,59,3,0.2
1548,72,2,0.05
1549,64,2,0.0
1549,91,2,0.1
1550,71,1,0.0
1550,47,3,0.0
1550,28,4,0.1
1551,43,2,0.05
1551,90,4,0.15
1551,84,2,0.0
1551,71,4,0.0
1552,53,4,0.2
1552,25,3,0.2
1552,79,4,0.15
1553,20,4,0.3
1553,16,4,0.0
1553,85,5,2.17
1553,81,4,0.0
1554,66,5,0.0
1554,61,1,0.1
1555,56,2,38.0
1555,72,3,39.0
1555,47,1,0.15
1556,61,3,0.15
1556,51,3,0.15
1556,97,5,0.0
1557,35,2,0.0
1557,6,1,0.2
1557,73,3,0.15
1558,85,5,0.0
1558,13,4,0.15
1559,26,5,0.0
1559,49,3,0.05
1559,82,3,0.1
1559,43,3,0.0
1560,45,2,0.2
1560,35,2,8.0
1560,68,5,0.3
1561,84,1,0.2
1561,74,4,0.2
1562,36,1,0.3
1562,8,4,0.15
1562,54,2,0.05
1563,13,3,0.0
1563,97,3,0.15
1563,77,1,0.0
1563,68,1,0.1
1564,59,1,0.15
1564,34,4,0.05
1564,83,2,0.0
1564,71,2,0.2
1565,24,4,0.2
1565,1,1,0.05
1565,22,1,0.05
1565,89,4,0.0
1566,91,5,0.0
1566,70,3,0.1
1566,79,4,0.2
1566,74,1,0.05
1567,13,3,0.2
1568,65,5,0.0
1568,32,4,0.15
1569,90,4,0.0
1569,97,5,0.05
1570,51,2,0.3
1570,27,1,0.1
1570,89,5,0.2
1570,43,4,0.0
1571,100,2,0.05
1571,71,1,0.05
1571,71,3,0.0
1571,62,5,0.0
1572,95,1,0.0
1572,9915,3,0.1
1572,21,2,0.1
1573,69,3,0.05
1573,82,4,0.15
1573,69,2,0.15
1574,87,5,0.2
1574,100,3,0.0
1574,98,1,1.84
1574,14,4,0.3
1574,93,1,0.0
1575,69,3,0.2
1575,21,5,0.0
1575,82,1,0.0
1575,45,2,0.05
1575,50,2,0.3
1575,14,2,0.05
1576,26,4,0.3
1576,84,2,0.0
1577,83,3,0.3
1577,36,1,0.3
1577,49,2,0.0
1578,72,5,0.15
1578,46,1,0.0
1578,13,1,0.2
1578,47,4,0.0
1578,18,5,0.3
1579,12,4,0.05
1579,30,0,0.0
1579,62,1,0.05
1580,58,5,0.0
1580,64,1,0.0
1580,92,4,0.0
1581,87,2,0.15
1581,10,1,0.0
1581,15,4,0.1
1581,96,4,0.0
1582,1,2,0.0
1582,8,5,0.2
1582,93,1,0.15
1583,12,1,0.1
1583,41,5,0.05
1583,63,2,0.1
1584,19,2,0.1
1584,20,4,0.2
1584,14,4,0.3
1584,58,-2,0.3
1585,50,3,0.0
1585,84,5,0.0
1585,43,5,0.2
1586,15,5,0.0
1586,93,1,0.15
1586,87,1,0.15
1586,83,1,0.15
1586,6,5,0.15
1587,96,1,0.0
1587,78,2,0.2
1587,5,3,0.05
1588,23,4,0.0
1588,99,2,0.15
1589,55,2,0.2
1589,78,3,21.0
1590,72,3,0.1
1590,84,1,0.05
1590,60,2,0.05
1590,52,5,0.3
1591,16,5,0.0
1591,78,3,0.1
1591,83,1,0.0
1591,48,5,0.1
1592,92,1,0.0
1592,65,2,0.0
1592,42,2,0.1
1592,10,4,0.15
1592,84,2,0.15
1593,76,4,0.0
1593,95,4,0.05
1593,73,5,0.0
1594,13,3,30.0
1594,43,5,0.05
1595,14,4,0.2
1595,11,2,0.3
1595,15,5,0.0
1596,12,4,0.3
1596,67,4,0.2
1597,87,4,0.15
1597,66,5,0.0
1597,43,4,0.3
1598,63,4,0.0
1598,39,3,0.0
1599,35,1,0.1
1599,62,5,0.15
1599,68,4,0.2
1600,56,5,0.0
1601,82,1,0.1
1601,55,3,0.0
1602,13,4,0.15
1602,20,1,0.15
1602,57,4,0.2
1603,98,2,0.15
1603,92,5,0.15
1603,44,4,0.15
1603,7,3,0.3
1604,17,1,0.0
1604,78,4,0.3
1604,5,1,0.3
1604,40,3,0.0
1605,94,5,0.05
1605,100,3,0.0
1605,71,4,0.0
1605,75,5,0.15
1606,35,1,0.1
1606,40,3,0.0
1606,30,4,0.2
1607,81,5,0.1
1607,40,3,0.0
1607,9061,3,0.2
1607,94,5,0.1
1608,49,1,0.05
1608,52,1,0.05
1608,76,4,0.2
1608,1,4,0.05
1609,81,3,0.3
1609,62,0,0.0
1610,87,5,0.3
1610,87,2,0.0
1610,96,1,0.1
1610,70,3,0.2
1611,94,2,0.05
1611,73,4,0.0
1611,31,2,0.1
1611,49,4,0.0
1612,39,2,0.15
1612,29,2,0.05
1612,45,1,0.0
1612,96,5,0.0
1613,91,4,0.0
1613,97,5,0.15
1613,4,2,0.3
1613,80,5,0.0
1613,69,1,0.0
1614,30,1,9.0
1615,71,1,0.3
1616,31,4,0.05
1616,54,2,0.2
1616,20,2,0.1
1617,60,4,0.0
1618,86,5,0.0
1618,27,5,0.0
1619,53,3,0.0
1619,62,3,0.15
1619,62,2,0.05
1620,55,2,0.0
1620,75,3,0.0
1620,82,-2,0.1
1620,90,1,0.0
1621,87,4,0.0
1621,40,5,0.2
1622,61,4,0.3
1622,97,3,0.05
1622,87,5,0.05
1623,63,3,0.0
1623,35,3,0.05
1623,86,5,0.2
1624,51,2,0.0
1624,98,5,0.1
1625,14,4,0.2
1626,40,5,0.0
1626,7,5,0.15
1626,26,2,0.15
1627,69,3,0.15
1627,97,5,0.0
1627,49,1,0.15
1627,50,4,0.2
1628,77,4,0.05
1628,63,5,0.2
1628,20,1,0.15
1629,96,5,0.15
1629,50,2,0.2
1629,20,3,0.2
1629,7,1,0.0
1630,87,1,0.3
1630,89,5,0.0
1630,89,3,0.0
1631,32,2,0.0
1631,20,5,30.0
1632,19,5,0.05
1632,27,5,0.05
1632,51,3,0.3
1632,36,1,0.3
1632,27,2,0.2
1633,62,2,0.05
1633,27,3,0.2
1633,84,5,0.0
1633,76,2,0.3
1634,48,3,0.0
1634,38,2,0.1
1634,15,1,0.3
1634,36,5,0.0
1635,93,3,0.0
1635,38,5,0.15
1635,73,2,0.0
1636,39,3,0.15
1636,38,5,0.0
1637,3,1,0.0
1637,52,2,0.15
1637,7,1,0.0
1638,94,2,0.3
1638,43,4,0.05
1638,16,2,0.1
1638,90,5,0.05
1639,62,1,0.0
1639,63,2,0.05
1639,62,3,0.05
1639,45,3,0.0
1640,83,3,0.0
1640,29,2,0.2
1640,21,3,0.0
1640,96,5,0.3
1641,82,2,0.3
1641,43,3,0.0
1642,71,-1,0.0
1642,40,3,0.0
1643,73,5,0.0
1643,72,5,0.05
1643,21,5,0.2
1643,77,3,0.0
1643,68,1,0.0
1644,58,3,0.0
1644,9633,1,0.0
1644,19,5,0.1
1644,33,4,0.0
1644,50,3,0.2
1644,12,5,0.05
1645,5,4,0.15
1645,76,5,0.3
1645,55,2,0.15
1646,87,1,0.05
1646,47,2,0.15
1646,81,1,0.3
1646,77,2,0.0
1647,97,1,0.3
1647,34,4,0.3
1647,84,3,0.2
1648,6,5,0.0
1648,11,3,0.05
1648,78,5,0.1
1649,1,1,0.15
1650,100,4,0.1
1650,61,5,0.0
1651,37,3,0.15
1651,88,2,0.1
1651,67,3,0.15
1652,24,3,0.0
1653,92,3,0.0
1653,72,1,0.0
1653,36,4,0.05
1653,91,3,5.0
1654,48,5,0.0
1654,77,2,0.3
1654,6,4,0.1
1654,53,3,0.0
1655,44,3,0.0
1655,57,4,0.3
1655,84,2,0.15
1655,58,4,0.2
1655,79,4,0.0
1656,68,4,0.3
1656,86,1,0.2
1656,68,1,0.05
1656,55,3,0.15
1657,42,5,0.05
1657,93,3,0.2
1657,66,4,0.1
1657,32,5,18.0
1657,8,3,0.2
1657,55,5,29.0
1658,94,2,0.05
1658,69,2,0.1
1658,43,1,0.15
1658,23,3,0.3
1659,35,2,0.0
1659,9419,2,0.1
1659,11,5,0.0
1660,26,2,0.0
1660,41,1,0.3
1661,26,3,0.15
1661,86,3,0.05
1661,80,5,0.3
1662,22,3,0.3
1662,37,3,0.15
1662,5,5,0.0
1662,1,1,0.0
1663,51,5,0.1
1663,9,2,0.05
1664,90,1,0.0
1664,70,5,0.15
1664,30,4,0.3
1664,99,1,0.2
1665,85,2,0.05
1665,34,3,0.0
1665,10,1,0.15
1665,58,5,0.15
1665,92,3,0.0
1666,75,3,0.15
1666,88,4,0.2
1666,54,3,0.1
1666,14,1,0.2
1666,66,1,0.05
1667,9173,1,0.3
1667,65,5,0.05
1668,94,1,0.0
1668,75,4,0.0
1668,48,3,0.15
1668,95,2,0.0
1669,82,1,0.15
1669,93,1,0.3
1670,81,2,22.0
1670,16,3,0.1
1671,50,5,0.1
1671,66,5,0.0
1672,81,5,21.0
1672,100,3,0.3
1672,44,3,0.0
1673,72,3,0.05
1674,34,4,24.0
1674,35,3,0.05
1674,67,2,0.0
1675,82,2,0.1
1676,57,3,0.05
1676,26,5,8.0
1677,26,4,0.15
1677,94,3,0.05
1677,20,1,0.2
1677,66,1,0.05
1677,11,2,0.0
1678,9144,4,0.15
1678,68,3,0.3
1679,6,5,0.05
1679,24,2,0.05
1680,65,3,0.15
1680,35,5,0.0
1681,88,2,0.05
1681,63,2,0.0
1681,34,2,0.0
1682,85,5,0.05
1682,14,4,0.0
1682,16,2,0.1
1683,49,3,0.15
1683,47,2,0.1
1683,57,3,0.3
1684,70,5,0.0
1684,72,2,0.3
1685,38,2,0.3
1685,67,5,0.2
1685,24,4,0.15
1686,56,5,0.0
1686,49,2,0.15
1686,33,1,0.2
1686,95,1,0.05
1687,31,5,0.05
1687,64,4,0.0
1688,98,1,0.2
1688,91,5,0.0
1689,6,1,0.2
1689,81,3,0.0
1689,8,1,0.05
1689,51,3,0.0
1689,45,2,0.15
1689,99,2,0.0
1690,90,2,0.15
1690,82,3,0.05
1690,98,2,0.15
1691,92,4,0.3
1691,86,1,0.1
1691,75,1,0.2
1691,67,4,0.1
1692,3,1,0.15
1692,6,2,0.1
1693,33,1,0.3
1693,25,3,0.0
1693,41,5,0.0
1694,54,-2,0.05
1694,80,5,0.2
1547,55,4,0.3
1696,83,2,0.0
1696,10,4,0.1
1696,72,5,0.2
1696,90,4,0.0
1697,87,5,0.3
1697,6,2,0.05
1697,89,4,0.05
1698,71,5,0.05
1698,8,4,0.0
1698,10,2,0.1
1698,8,1,0.0
1699,34,3,0.1
1699,70,5,0.0
1700,30,1,0.15
1700,33,1,0.1
1700,66,1,0.15
1701,82,3,0.15
1701,19,4,15.0
1701,86,2,0.0
1701,72,5,0.05
1701,29,1,0.0
1702,30,2,0.2
1702,3,1,0.3
1702,27,5,39.0
1703,10,1,0.3
1703,92,5,0.1
1703,10,5,0.3
1704,25,3,0.3
1705,3,3,0.0
1705,75,5,0.1
1705,18,3,0.0
1705,8,3,0.05
1705,48,4,28.0
1706,14,3,0.3
1706,67,1,0.15
1706,3,5,0.0
1707,52,3,0.05
1707,79,2,0.05
1707,93,1,24.0
1708,80,3,0.0
1708,96,5,0.2
1708,80,4,0.1
1709,28,3,0.0
1709,30,5,0.3
1709,70,3,0.05
1710,44,2,0.0
1710,48,5,0.0
1710,98,5,0.3
1711,15,3,0.0
1711,35,4,0.0
1711,31,1,0.3
1712,29,3,0.0
1712,31,1,0.2
1712,18,5,0.2
1713,11,3,0.3
1713,21,4,0.3
1713,65,5,0.2
1714,81,4,0.0
1714,98,5,0.3
1714,13,3,0.0
1714,9770,1,24.0
1715,79,5,0.15
1715,29,4,0.1
1715,53,2,0.2
1716,80,5,0.0
1716,88,4,0.15
1716,44,2,0.0
1717,81,4,0.0
1717,60,2,0.3
1717,66,5,0.0
1717,25,4,0.2
1718,5,3,0.3
1719,1,2,0.2
1719,60,1,0.0
1719,100,4,0.1
1720,68,1,0.05
1720,7,3,0.3
1720,55,1,0.2
1721,42,4,0.3
1721,70,2,0.3
1722,4,3,0.05
1722,79,3,0.1
1723,45,1,0.15
1723,67,1,0.05
1724,83,2,0.2
1724,44,4,0.1
1724,1,5,0.2
1725,19,5,0.1
1726,30,5,2.05
1726,67,5,0.3
1726,82,2,0.15
1726,73,5,0.05
1727,95,3,0.0
1727,53,3,0.05
1728,44,4,0.0
1729,35,2,0.0
1729,31,3,0.1
1729,43,3,0.0
1729,26,1,0.15
1730,53,4,0.0
1731,76,3,0.15
1731,54,4,0.0
1732,84,3,0.0
1732,23,5,0.15
1732,22,2,0.3
1733,25,5,0.0
1733,43,4,0.0
1734,91,4,0.0
1734,98,2,0.3
1735,13,3,0.1
1735,60,5,0.15
1736,9407,3,18.0
1736,29,4,0.0
1736,40,5,0.1
1736,99,5,0.0
1737,20,1,0.0
1737,57,4,0.2
1737,70,1,0.15
1737,32,3,0.0
1738,29,3,0.05
1738,55,2,0.0
1738,27,5,0.3
1739,80,1,0.0
1739,51,5,0.2
1739,36,5,0.05
1739,80,2,0.0
1740,70,1,0.15
1740,28,5,0.2
1740,50,1,0.2
1740,38,5,0.0
1741,23,3,0.0
1741,77,5,0.2
1741,31,5,0.15
1741,20,3,0.0
1742,20,1,0.15
1743,34,3,0.0
1743,67,1,0.15
1743,2,1,0.15
1743,41,2,0.05
1743,29,4,0.0
1744,50,3,0.1
1744,84,3,0.2
1745,83,4,0.0
1745,69,1,0.0
1746,2,4,0.0
1746,38,5,0.0
1746,73,4,0.1
1747,39,5,0.1
1747,84,5,0.05
1747,28,3,0.0
1748,40,5,0.05
1748,9028,4,0.0
1748,66,1,0.0
1749,73,1,0.05
1750,55,4,0.1
1750,53,5,0.0
1750,4,2,0.15
1751,40,4,0.15
1751,64,5,0.15
1752,59,4,0.0
1752,90,2,0.0
1752,51,1,0.0
1752,33,5,0.15
1753,18,5,0.1
1754,88,5,0.05
1754,75,2,0.3
1755,66,1,0.1
1755,6,3,0.1
1755,97,4,0.2
1755,7,4,0.15
1756,50,2,0.0
1756,12,4,0.1
1756,33,5,0.2
1757,68,3,0.0
1757,1,2,0.0
1757,93,4,0.15
1758,64,3,0.0
1758,18,1,0.2
1758,51,1,0.3
1759,20,2,0.15
1759,81,2,0.1
1759,58,5,0.1
1760,53,5,9.0
1760,1,2,0.0
1760,82,3,0.0
1761,34,4,0.3
1761,92,1,0.0
1761,95,2,0.15
1762,51,5,0.0
1762,24,3,0.0
1763,75,2,0.05
1763,24,2,0.15
1763,11,3,0.0
1764,13,1,0.15
1764,98,2,0.0
1765,15,4,0.0
1765,75,3,0.15
1765,18,4,0.0
1765,37,5,0.0
1765,96,4,0.05
1766,52,1,0.0
1766,94,5,0.0
1766,2,2,0.0
1766,55,5,0.0
1767,76,5,0.2
1767,50,3,0.2
1767,73,2,0.05
1767,21,1,0.0
1767,13,5,0.05
1768,27,5,0.0
1768,78,2,0.0
1768,83,1,0.0
1769,19,1,0.05
1769,64,3,0.0
1769,33,2,0.15
1770,33,3,0.0
1770,10,4,27.0
1770,43,4,0.05
1771,52,5,0.2
1771,88,2,0.0
1771,43,2,0.0
1771,72,4,0.1
1772,23,1,0.3
1772,33,5,0.0
1772,61,4,0.2
1772,51,1,0.0
1773,17,5,0.3
1773,58,2,0.05
1773,55,4,0.0
1774,75,1,0.3
1774,4,3,0.0
1774,88,1,0.0
1774,66,4,11.0
1775,19,5,25.0
1775,36,3,0.0
1775,52,1,0.1
1776,13,4,0.05
1776,67,5,0.15
1776,3,3,0.0
1776,31,3,0.3
1777,78,2,0.0
1777,14,3,0.3
1777,25,1,0.05
1778,35,4,0.0
1778,91,1,0.05
1779,4,1,0.0
1779,31,4,0.05
1780,18,2,0.2
1780,65,5,0.2
1780,10,2,17.0
1780,5,2,0.1
1780,76,2,0.0
1781,37,1,0.0
1782,23,1,0.2
1782,8,2,0.05
1783,69,0,0.2
1783,98,3,0.2
1783,87,4,0.2
1784,81,3,0.1
1784,87,5,0.2
1784,90,5,0.15
1784,5,1,0.0
1785,4,4,0.0
1785,70,3,0.05
1785,68,3,0.05
1786,54,2,0.0
1786,89,1,0.15
1786,20,5,0.05
1786,31,3,0.1
1787,58,2,0.0
1787,33,2,0.05
1787,12,2,0.3
1787,56,5,0.3
1787,78,5,0.1
1788,92,4,0.1
1788,21,4,0.0
1788,93,1,0.0
1789,23,4,0.2
1789,73,5,0.2
1790,58,5,0.0
1790,55,2,0.15
1790,8,5,0.15
1791,77,2,0.15
1791,51,3,0.0
1791,20,2,0.0
1791,67,1,0.0
1792,75,2,0.0
1792,79,2,0.3
1792,68,1,0.2
1793,9,3,0.15
1793,54,3,0.0
1793,65,5,0.15
1794,7,2,0.15
1794,65,-1,0.1
1794,4,3,0.15
1795,4,3,0.2
1795,50,5,0.1
1795,59,3,0.0
1796,84,3,0.1
1796,18,1,0.0
1797,30,1,0.15
1797,34,1,0.0
1797,10,3,0.0
1798,28,1,0.05
1798,37,5,0.0
1798,8,1,0.2
1798,78,3,0.0
1799,69,2,0.0
1799,70,1,0.1
1799,2,4,0.15
1800,89,4,0.15
1800,13,2,0.0
1800,29,2,0.0
1800,82,2,0.1
1801,72,3,0.2
1801,19,5,21.0
1802,28,3,0.2
1802,66,4,0.2
1803,60,3,0.0
1803,100,3,0.05
1803,54,4,36.0
1804,97,4,0.15
1804,62,2,0.15
1804,55,4,0.15
1805,8,4,0.3
1806,75,3,0.2
1807,59,2,0.1
1807,50,1,0.2
1807,37,1,0.0
1807,55,4,0.0
1807,50,3,0.0
1808,76,5,0.0
1808,96,3,0.15
1808,32,1,0.05
1808,35,2,0.2
1809,80,1,0.1
1809,56,1,0.0
1809,40,2,0.0
1810,89,5,0.0
1810,36,2,0.1
1810,61,3,0.05
1810,15,3,0.3
1810,60,3,0.2
1811,93,1,0.0
1811,58,5,0.1
1811,68,4,0.0
1811,92,5,0.0
1812,49,1,0.0
1812,9741,2,0.15
1812,16,4,0.3
1813,6,3,0.0
1813,84,4,0.0
1814,52,2,0.2
1815,77,4,0.1
1815,81,1,0.0
1815,69,1,0.0
1815,6,2,0.0
1816,72,1,0.05
1816,7,1,0.1
1816,51,2,0.15
1817,45,3,0.2
1817,12,3,0.05
1817,32,3,0.0
1817,98,1,0.0
1818,95,5,0.3
1818,16,3,0.0
1818,89,2,0.0
1818,63,4,0.05
1818,10,1,0.05
1818,51,2,0.1
1819,11,1,0.0
1820,56,3,0.1
1820,35,3,0.15
1820,14,3,0.3
1821,32,1,0.0
1821,64,1,0.05
1821,18,4,23.0
1822,36,2,0.1
1822,2,2,0.2
1822,81,3,0.3
1822,16,5,0.0
1823,83,1,0.2
1823,68,3,0.2
1823,20,3,0.0
1824,25,2,0.05
1824,34,2,0.2
1824,17,5,0.3
1824,14,5,0.0
1825,89,2,0.0
1825,60,1,0.05
1825,67,2,0.1
1825,78,4,0.0
1826,40,3,0.1
1826,51,4,0.15
1826,80,3,0.2
1826,90,5,0.05
1827,84,4,0.1
1827,20,4,0.15
1827,85,3,0.05
1828,74,5,0.2
1829,59,2,0.3
1830,45,1,0.0
1830,77,4,0.15
1831,11,4,0.3
1831,80,1,0.05
1832,86,2,0.0
1833,67,5,0.0
1833,69,1,0.0
1833,62,3,0.3
1833,22,2,0.0
1833,36,3,0.0
1834,46,4,0.0
1834,59,4,0.0
1835,48,3,0.3
1835,83,1,0.15
1835,84,4,0.3
1836,16,5,0.0
1836,32,1,0.0
1836,57,3,0.2
1837,96,4,0.3
1837,51,3,0.0
1837,97,5,0.05
1838,55,4,0.0
1838,87,2,0.05
1838,71,1,40.0
1839,40,5,0.0
1839,98,5,0.05
1839,29,3,0.15
1840,74,1,0.15
1840,53,4,0.2
1840,73,2,0.3
1841,56,2,0.1
1841,35,1,0.0
1841,85,4,0.1
1841,57,4,0.2
1841,90,3,0.0
1842,56,2,0.0
1842,78,3,0.0
1842,99,4,0.2
1843,33,2,0.15
1843,56,2,0.0
1843,41,1,11.0
1843,65,4,0.05
1843,18,2,0.05
1844,13,1,0.0
1844,52,1,0.1
1844,66,2,0.0
1845,11,2,0.3
1845,66,1,0.15
1845,30,5,0.0
1845,45,2,0.3
1846,61,2,0.05
1846,61,4,0.0
1847,45,5,0.1
1847,66,2,0.0
1848,56,1,0.0
1848,24,3,0.3
1848,40,2,0.3
1849,43,3,0.2
1849,79,3,0.1
1849,4,5,0.2
1849,33,5,0.05
1850,66,1,0.05
1850,28,5,0.0
1851,29,3,0.05
1851,75,3,0.0
1851,76,4,0.2
1852,14,5,0.2
1853,26,2,0.0
1853,60,1,0.3
1853,5,3,0.05
1854,2,4,0.0
1854,49,3,0.2
1854,56,5,0.0
1854,28,2,20.0
1855,83,4,0.0
1855,82,2,0.2
1855,70,2,0.05
1855,94,5,0.05
1855,80,2,0.15
1856,33,4,0.15
1856,28,5,0.0
1856,48,3,0.0
1856,33,2,0.1
1857,66,1,0.1
1857,13,5,0.0
1858,69,1,0.1
1858,73,3,0.05
1858,63,1,0.15
1858,64,4,0.05
1859,83,4,0.1
1859,23,1,0.15
1860,64,2,0.3
1860,88,3,0.05
1860,89,2,0.3
1861,94,4,0.0
1862,40,1,0.0
1862,76,3,0.1
1863,22,1,0.0
1864,74,3,0.15
1864,27,4,0.2
1864,15,2,0.0
1865,43,4,0.05
1865,19,5,0.0
1866,42,1,0.0
1866,82,4,0.15
1866,81,1,0.2
1866,42,5,0.0
1866,38,4,0.1
1867,79,5,0.1
1867,46,4,0.0
1868,54,2,0.0
1868,72,1,0.0
1868,19,4,0.2
1869,39,1,0.3
1869,32,1,0.0
1869,40,2,0.3
1870,54,3,0.0
1870,31,3,0.1
1871,64,5,0.3
1871,25,2,0.0
1871,27,3,0.1
1871,92,3,0.1
1872,51,2,0.05
1872,87,4,2.7
1872,86,3,0.0
1872,65,1,0.0
1873,18,4,0.0
1873,31,3,0.1
1873,93,1,0.0
1874,45,4,0.0
1874,31,3,0.0
1875,96,2,0.15
1875,41,5,0.0
1876,83,4,0.0
1876,50,1,0.15
1876,41,2,0.0
1876,8,-2,0.1
1877,21,4,0.3
1878,6,5,0.0
1879,11,3,0.15
1879,84,4,0.3
1879,98,5,0.1
1879,100,1,0.0
1880,23,2,0.2
1880,57,5,0.0
1880,77,1,0.15
1880,36,3,0.0
1881,66,1,0.15
1881,37,3,0.15
1882,83,5,0.3
1882,19,2,0.0
1883,77,4,0.1
1883,89,1,0.1
1884,50,4,0.3
1884,24,4,0.0
1884,18,4,0.0
1885,36,4,0.0
1885,8,4,0.05
1885,33,5,37.0
1886,23,1,0.0
1886,55,1,0.15
1886,43,4,0.05
1886,49,5,0.05
1886,10,5,0.15
1887,50,4,0.0
1887,43,3,0.1
1887,2,3,0.2
1888,18,5,0.0
1888,26,3,0.0
1889,53,1,0.15
1889,69,5,0.0
1890,87,2,0.0
1890,86,2,0.0
1890,76,3,0.0
1890,91,2,0.0
1891,90,5,0.15
1892,17,4,0.3
1892,33,4,0.3
1892,53,3,0.0
1892,48,2,0.05
1892,83,1,0.0
1892,33,5,0.0
1893,49,2,0.3
1893,76,4,0.0
1893,85,5,0.05
1893,47,2,0.15
1893,43,5,0.15
1894,19,2,0.2
1894,81,2,0.0
1895,100,3,0.0
1895,27,4,0.15
1895,20,2,0.15
1896,53,1,0.15
1896,100,1,0.2
1897,93,4,0.2
1897,88,1,0.3
1897,16,2,0.2
1898,2,1,36.0
1898,11,4,0.3
1899,63,4,0.15
1899,79,2,0.0
1899,100,5,0.3
1900,2,4,17.0
1900,71,1,0.1
1900,80,1,0.1
1901,24,2,0.0
1901,5,1,0.0
1902,54,3,0.3
1902,56,5,0.1
1902,8,3,0.3
1903,56,1,0.3
1903,77,1,0.2
1903,11,2,0.05
1903,73,4,0.15
1904,73,2,0.0
1904,95,4,0.2
1904,11,5,0.3
1905,98,1,0.15
1905,74,5,0.3
1906,96,1,0.0
1907,9362,1,0.2
1907,9622,1,0.2
1907,80,2,0.0
1908,68,3,0.0
1909,29,2,0.2
1909,23,1,0.15
1909,22,2,0.05
1909,11,3,0.0
1909,71,3,0.0
1910,83,1,0.0
1910,2,3,0.0
1910,97,3,0.1
1910,17,2,0.15
1910,2,2,0.0
1910,99,3,0.15
1911,49,2,0.0
1911,49,4,0.0
1911,20,3,0.15
1911,18,1,0.15
1911,85,3,0.1
1912,63,4,0.2
1912,93,2,2.7
1913,44,5,0.0
1913,25,3,0.05
1914,87,1,0.2
1914,95,4,0.0
1914,53,1,20.0
1914,81,2,30.0
1915,48,5,0.0
1915,96,1,0.05
1916,47,1,0.15
1917,56,2,0.3
1917,25,5,0.05
1918,5,3,0.0
1918,20,4,20.0
1918,6,1,0.05
1918,17,2,17.0
1919,1,2,0.3
1919,92,5,0.2
1919,74,3,0.0
1920,3,4,0.0
1920,82,1,0.0
1920,28,1,0.0
1921,15,1,0.0
1921,82,1,0.2
1921,37,2,0.2
1922,29,1,0.1
1923,27,4,0.05
1923,49,3,0.05
1923,83,3,0.0
1924,43,5,0.2
1924,81,1,0.0
1924,92,1,0.15
1924,4,1,0.05
1925,2,4,0.3
1925,95,5,0.15
1926,48,5,0.3
1926,36,5,0.2
1926,63,2,0.15
1926,23,4,0.15
1927,37,5,0.3
1927,35,5,0.2
1927,13,4,0.1
1928,11,4,0.3
1928,4,1,0.0
1928,69,2,0.0
1928,5,2,0.05
1928,7,3,0.15
1929,92,4,0.0
1929,85,2,0.3
1929,8,3,0.2
1929,52,2,0.0
1930,92,4,0.2
1930,11,3,0.2
1930,42,1,0.2
1931,31,3,0.0
1931,58,5,0.2
1931,33,5,0.3
1931,52,3,0.0
1932,11,1,0.0
1932,66,2,0.0
1932,53,2,0.2
1932,15,1,0.3
1933,41,4,0.0
1933,17,4,0.0
1933,50,3,0.3
1933,21,2,0.2
1934,22,2,0.05
1934,1,1,0.0
1934,54,5,0.0
1935,57,1,31.0
1935,95,1,0.0
1935,65,3,0.0
1936,45,3,0.05
1936,21,5,27.0
1936,5,5,0.3
1936,7,3,0.0
1937,9976,4,0.0
1937,38,4,0.1
1937,5,4,0.1
1937,37,3,0.1
1938,7,4,0.0
1938,40,1,0.0
1938,70,4,0.2
1938,18,5,0.1
1939,39,3,0.0
1939,53,3,0.0
1939,50,4,0.05
1940,40,2,0.1
1940,89,3,0.05
1940,14,5,0.15
1940,85,1,0.3
1941,87,2,0.0
1941,1,5,0.1
1942,29,5,0.0
1942,73,4,0.15
1943,30,2,0.05
1943,65,2,0.15
1944,69,4,14.0
1944,83,5,0.0
1944,67,4,0.3
1944,37,2,0.2
1945,92,5,0.3
1945,73,5,0.15
1945,64,2,0.05
1945,26,5,0.2
1946,59,2,0.1
1946,83,4,0.0
1946,29,3,0.15
1946,34,4,0.0
1947,63,5,0.1
1947,97,3,0.3
1947,25,2,0.1
1948,61,5,0.2
1948,98,0,0.1
1949,52,4,0.0
1949,30,1,0.0
1949,55,2,0.1
1950,87,4,0.0
1950,90,5,0.05
1950,87,4,0.2
1951,43,5,0.05
1952,43,3,0.15
1952,62,2,0.3
1952,45,5,0.0
1953,64,1,0.05
1953,3,3,0.2
1954,75,5,0.2
1955,48,5,0.1
1955,90,4,0.0
1955,30,5,0.0
1956,76,3,0.1
1956,87,3,0.0
1956,41,0,0.0
1956,31,3,0.0
1957,20,2,0.05
1957,40,2,10.0
1957,41,1,0.05
1957,79,1,0.0
1958,73,2,0.2
1958,36,1,0.0
1958,36,4,0.1
1959,20,-2,0.05
1959,27,5,0.0
1960,20,4,0.0
1960,22,5,0.15
1960,91,4,0.1
1960,63,4,0.0
1961,34,5,0.0
1961,57,1,0.0
1961,100,4,0.0
1961,96,1,0.0
1962,11,2,0.15
1962,100,1,0.0
1962,61,3,0.3
1963,30,2,0.05
1963,81,1,0.0
1963,14,2,0.0
1964,54,2,0.0
1964,62,1,0.2
1964,62,2,0.0
1964,94,4,0.0
1965,68,4,0.05
1965,26,3,0.3
1966,35,3,0.15
1966,82,2,0.2
1966,8,5,0.1
1967,43,4,0.0
1967,88,1,0.0
1968,4,1,0.2
1969,60,3,0.1
1969,100,4,0.0
1970,56,2,0.1
1970,39,3,0.3
1971,28,3,0.3
1971,86,5,0.1
1971,29,1,0.0
1971,71,1,0.15
1972,90,2,0.0
1972,78,4,0.1
1973,41,5,0.0
1973,49,1,0.3
1974,36,3,0.05
1974,18,1,0.0
1974,38,1,0.1
1974,26,3,0.1
1974,99,4,0.0
1975,88,3,0.0
1975,23,4,0.05
1976,81,5,0.05
1976,80,4,0.15
1976,62,5,0.0
1976,74,1,0.0
1976,65,4,0.0
1977,84,3,0.3
1977,56,3,0.3
1977,97,5,0.0
1978,76,3,0.1
1978,1,3,0.3
1978,59,3,24.0
1978,88,1,0.15
1978,40,1,0.1
1979,28,1,0.1
1979,68,4,0.3
1979,31,2,0.2
1980,81,2,0.0
1980,66,1,0.1
1981,65,4,0.15
1981,75,2,0.3
1981,13,3,0.0
1981,20,5,0.1
1981,68,2,0.15
1982,97,1,0.1
1982,81,3,0.0
1983,83,4,0.05
1983,78,5,0.1
1983,24,5,0.1
1984,10,3,0.05
1984,10,3,0.0
1984,48,3,0.15
1984,9,3,0.0
1985,3,3,0.1
1985,20,4,0.2
1985,53,5,0.05
1985,2,5,0.2
1986,47,3,0.05
1986,39,4,0.0
1986,62,3,0.2
1987,69,2,0.3
1987,56,1,0.2
1987,32,4,0.0
1987,52,1,0.15
1988,77,5,0.0
1988,38,5,0.15
1989,54,1,0.3
1989,16,5,0.0
1990,16,2,0.05
1990,74,3,0.0
1990,92,1,0.1
1991,22,1,0.0
1991,34,5,0.15
1991,100,4,0.1
1992,77,3,0.0
1992,42,2,0.0
1992,89,4,0.3
1993,83,5,0.1
1993,53,5,0.2
1994,6,-1,0.1
1994,88,5,0.2
1994,53,4,0.05
1994,9952,3,0.3
1995,95,3,0.1
1995,24,3,0.0
1996,7,1,0.1
1996,23,4,0.3
1997,87,5,0.2
1997,44,3,0.2
1997,83,2,0.3
1998,4,5,0.0
1998,28,2,0.3
1998,7,5,0.1
1999,47,4,0.2
1999,78,1,0.05
2000,14,4,0.0
2000,12,2,0.3
2000,16,2,0.0
2000,85,1,0.05
2000,53,4,0.2
2001,81,5,0.0
2001,4,5,0.3
2001,26,3,0.3
2002,89,5,0.3
2002,27,3,0.15
2002,48,4,7.0
2003,24,2,0.3
2003,90,1,0.1
2003,85,2,0.15
2004,100,1,0.2
2004,44,2,0.0
2004,2,4,0.2
2004,10,3,0.0
2005,90,1,29.0
2005,53,5,0.1
2005,74,4,0.0
2006,39,5,0.1
2006,4,2,0.0
2006,1,4,0.05
2007,62,5,0.0
2007,57,5,0.15
2007,55,2,0.0
2007,80,2,0.0
2008,21,3,0.3
2008,65,1,0.15
2008,27,1,0.1
2009,64,1,0.1
2009,92,4,0.1
2010,43,2,0.0
2010,53,4,0.05
2010,45,4,0.0
2010,11,4,0.05
2010,59,2,0.0
2011,74,1,0.1
2011,100,1,0.1
2011,85,4,0.0
2011,47,2,0.1
2011,11,4,0.0
2012,18,4,0.0
2012,98,3,0.15
2012,94,2,0.1
2012,63,1,0.05
2013,92,4,0.05
2013,52,2,0.3
2013,58,5,0.3
2014,66,1,0.05
2015,73,1,0.3
2016,5,1,0.0
2016,6,5,0.05
2017,13,2,0.1
2017,51,5,0.0
2017,55,4,0.2
2017,34,4,0.0
2018,61,1,0.0
2018,61,4,0.1
2018,6,4,0.05
2018,27,5,0.3
2019,46,3,0.0
2020,87,1,0.0
2020,31,5,0.05
2020,13,3,0.0
2021,19,-1,0.2
2021,48,3,0.0
2021,50,3,0.0
2021,60,2,0.1
2021,79,2,0.3
2022,92,4,0.15
2022,98,5,0.0
2023,41,2,0.3
2023,45,1,0.2
2023,100,3,0.05
2024,45,1,0.1
2024,92,4,0.3
2025,72,3,0.05
2025,60,1,0.2
2026,28,2,0.15
2026,10,3,0.0
2026,47,5,0.05
2026,65,1,0.0
2027,60,3,0.1
2027,55,2,0.2
2028,52,4,0.3
2028,94,3,0.0
2028,93,4,0.0
2028,81,5,0.0
2029,59,3,0.05
2029,88,2,0.2
2030,12,3,0.0
2030,61,4,0.15
2031,60,3,0.0
2031,92,3,0.15
2031,16,1,0.3
2031,39,3,0.0
2032,27,2,0.2
2032,60,5,0.2
2033,73,1,0.3
2033,67,2,0.3
2034,34,4,0.3
2034,4,3,0.15
2034,48,5,0.15
2035,29,1,0.0
2035,4,1,0.0
2035,24,2,0.15
2035,27,5,0.0
2036,66,2,0.1
2036,100,2,0.1
2036,35,2,0.1
2036,53,4,0.0
2037,38,1,26.0
2037,42,1,0.0
2037,50,3,0.3
2038,5,5,0.1
2038,50,4,0.2
2038,4,3,0.15
2039,26,3,0.0
2039,9614,1,0.1
2039,32,1,0.15
2039,84,5,0.05
2040,30,2,0.0
2040,6,2,0.0
2040,100,2,0.1
2041,97,3,0.2
2041,81,3,0.0
2041,8,4,0.1
2042,70,3,0.0
2042,56,1,0.0
2042,51,3,0.3
2042,31,1,0.0
2043,52,1,0.1
2043,87,3,0.1
2044,9500,1,0.3
2044,5,3,0.15
2045,88,4,0.1
2045,69,2,0.1
2045,15,1,0.0
2046,12,2,0.0
2046,85,5,0.05
2046,52,3,0.3
2047,31,5,0.05
2047,11,2,0.3
2047,62,3,0.0
2048,32,5,0.15
2048,48,4,0.3
2048,21,2,0.0
2049,59,1,0.1
2049,55,2,0.2
2050,83,3,0.1
2050,100,2,0.15
2050,46,2,0.0
2051,62,5,0.1
2051,12,-2,0.0
2051,15,4,0.05
2051,75,5,0.0
2052,10,3,0.0
2052,29,5,0.0
2052,27,2,20.0
2052,57,5,0.05
2053,66,4,0.0
2053,47,4,0.2
2053,28,1,0.05
2054,62,3,0.2
2054,83,5,0.3
2055,51,1,0.1
2055,27,4,0.0
2055,19,5,0.05
2056,72,2,0.0
2056,87,2,0.05
2056,16,4,0.0
2056,86,4,0.0
2057,3,4,0.15
2057,14,3,0.2
2057,46,1,0.2
2057,93,5,0.05
2058,88,2,0.0
2058,50,1,0.05
2059,8,1,0.15
2059,22,1,0.2
2059,40,4,0.1
2059,51,5,0.2
2060,68,1,0.0
2060,43,4,0.1
2061,48,1,0.0
2061,20,5,0.05
2061,25,2,0.0
2062,51,1,0.0
2062,87,3,0.15
2062,61,5,0.2
2063,14,4,0.1
2063,49,4,0.3
2063,65,3,0.0
2063,20,4,0.0
2063,45,1,0.15
2064,80,1,0.3
2065,64,2,0.2
2066,44,5,0.0
2066,73,1,0.3
2066,64,5,0.0
2067,76,2,0.1
2067,60,2,0.1
2068,18,5,0.15
2068,62,3,0.1
2068,58,5,0.0
2069,59,1,0.05
2069,5,2,0.3
2069,47,4,0.2
2070,23,5,0.3
2070,86,1,0.1
2071,99,4,0.0
2072,49,5,0.1
2072,85,1,0.0
2073,96,3,2.15
2073,91,2,0.0
2073,35,1,0.0
2073,15,2,0.0
2074,40,3,0.05
2074,25,1,0.0
2074,6,3,0.0
2075,48,5,0.0
2075,35,4,0.0
2075,6,3,0.1
2076,49,5,0.1
2076,91,3,0.15
2076,56,2,0.3
2077,73,1,0.2
2077,19,4,0.05
2077,56,5,0.1
2078,6,2,0.15
2078,35,1,0.0
2079,37,3,0.05
2080,25,5,0.3
2080,53,5,0.2
2080,59,1,14.0
2080,24,4,0.3
2080,52,4,0.0
2081,94,4,0.0
2081,37,3,0.2
2081,78,2,0.0
2082,77,2,2.43
2082,83,1,0.05
2082,98,2,0.3
2083,28,3,0.15
2083,4,1,0.15
2084,69,5,0.2
2084,76,5,0.2
2084,12,4,0.3
2084,31,5,0.15
2085,9,3,0.0
2085,3,3,0.0
2085,38,3,0.0
2085,30,3,0.05
2086,41,5,0.0
2086,29,4,0.0
2086,51,5,0.3
2087,86,3,0.0
2087,16,4,0.05
2087,96,5,13.0
2088,81,2,0.1
2088,50,4,0.0
2088,43,3,0.15
2088,89,5,0.15
2088,72,4,0.3
2089,44,5,0.05
2089,85,2,0.0
2089,42,5,0.3
2090,48,3,0.0
2090,68,5,0.1
2090,23,3,0.3
2090,81,1,0.05
2091,32,2,0.1
2092,97,2,0.2
2092,80,1,0.15
2092,91,3,0.15
2093,31,3,0.2
2093,18,4,0.3
2094,31,1,0.1
2095,94,5,0.2
2096,33,5,0.0
2097,49,5,0.05
2097,99,3,0.2
2097,82,3,0.2
2097,43,2,0.0
2098,4,3,0.3
2098,22,3,0.2
2098,46,2,0.0
2098,69,1,0.3
2098,70,2,0.0
2099,80,1,0.05
2099,43,3,0.2
2099,61,2,0.15
2100,75,5,0.0
2100,83,5,0.0
2100,74,2,0.05
2101,54,5,0.05
2101,22,4,0.3
2101,91,4,21.0
2101,7,3,0.2
2102,51,4,0.1
2102,76,1,0.05
2103,87,1,0.3
2103,78,3,0.0
2103,99,4,0.3
2103,43,5,0.0
2103,37,1,0.15
2104,72,3,0.3
2104,45,5,0.2
2104,15,3,0.0
2104,13,2,0.0
2105,88,3,0.3
2106,31,5,17.0
2106,51,2,0.3
2106,17,2,0.0
2107,6,4,0.15
2107,45,4,0.05
2107,58,4,0.05
2107,26,2,0.0
2108,7,1,0.0
2108,72,4,0.2
2109,24,2,0.2
2109,74,5,0.05
2109,100,3,0.15
2110,14,3,0.05
2110,84,2,13.0
2111,85,4,0.15
2111,51,2,0.0
2111,76,3,0.15
2111,23,5,0.0
2112,67,1,0.05
2112,11,1,0.2
2112,74,2,0.0
2113,55,1,0.05
2113,96,3,0.0
2114,22,1,0.0
2114,70,1,0.0
2114,19,3,0.1
2114,74,4,0.2
2115,73,5,0.15
2115,48,2,0.0
2115,90,2,0.0
2116,59,2,0.05
2116,73,3,0.1
2116,52,4,0.0
2116,53,5,0.15
2117,97,3,0.0
2118,12,1,0.05
2118,99,1,0.15
2118,81,5,0.0
2118,53,3,0.3
2119,71,5,0.2
2120,51,5,0.0
2120,89,5,0.1
2121,77,3,0.0
2121,61,1,0.1
2121,61,2,0.0
2121,39,5,0.15
2122,56,4,0.0
2122,89,1,0.2
2123,99,5,0.0
454,30,5,0.0
454,18,3,0.3
2125,11,3,0.1
2125,69,4,0.15
2125,43,4,0.0
2125,5,2,0.1
2126,8,1,0.0
2126,9003,3,0.3
2126,66,4,0.0
2126,100,5,0.0
2126,68,2,0.1
2127,63,1,0.3
2127,49,4,0.2
2127,95,4,0.05
2127,60,2,0.1
2128,80,-2,0.15
2128,100,5,0.0
2128,25,3,0.05
2129,77,5,0.2
2129,43,5,0.2
2129,35,5,0.0
2129,11,5,0.0
2130,10,2,0.05
2130,40,2,0.0
2131,99,2,0.0
2131,69,4,0.2
2131,1,5,0.15
2131,95,1,0.0
2132,34,4,0.3
2132,62,1,0.2
2132,2,5,0.0
2132,5,2,0.05
2132,24,2,0.0
2133,2,5,0.2
2133,82,3,0.0
2133,88,5,0.15
2134,82,5,0.15
2134,69,4,0.0
2134,90,5,0.0
2134,80,1,0.0
2135,38,5,0.0
2135,44,1,0.05
2135,83,4,0.0
2135,55,4,0.0
2136,96,3,0.0
2136,48,5,0.0
2136,18,1,0.0
2137,77,1,0.0
2137,93,1,0.2
2138,27,5,0.1
2138,83,5,0.0
2138,99,3,0.2
2138,30,3,0.0
2139,19,3,0.2
2139,46,5,0.2
2139,89,2,0.0
2139,91,2,0.0
2140,16,4,0.1
2140,23,3,0.05
2140,99,5,0.0
2140,19,4,0.05
2141,78,2,0.0
2141,36,1,0.3
2141,18,1,0.3
2141,42,3,6.0
2141,39,3,0.1
2142,98,3,0.05
2142,59,4,0.0
2142,5,4,0.05
2142,22,4,0.05
2142,5,2,0.1
2143,56,4,0.05
2144,47,3,0.0
2144,9955,2,0.15
2144,42,5,0.0
2145,18,3,0.05
2145,20,5,0.05
2145,62,1,0.3
2146,18,5,0.05
2146,36,4,0.2
2147,53,5,0.1
2147,86,4,0.1
2147,41,2,0.0
2148,47,2,0.3
2148,61,5,0.1
2148,40,4,0.1
2148,48,5,0.0
2149,94,2,0.05
2149,92,3,0.15
2149,9,4,0.15
2149,91,3,0.05
2149,37,1,0.0
2150,26,1,0.05
2150,64,2,0.3
2150,62,4,8.0
2151,7,3,0.05
2151,94,3,0.05
2151,10,5,0.2
2152,31,4,0.0
2153,15,2,17.0
2153,99,3,0.0
2153,87,4,0.3
2154,23,1,26.0
2155,50,2,0.15
2155,19,5,0.05
2155,29,4,0.0
2155,61,2,0.15
2156,68,1,0.1
2157,89,1,0.0
2157,64,1,0.1
2157,81,4,0.2
2158,94,3,0.3
2158,52,1,0.3
2158,53,2,0.0
2158,12,5,0.0
2158,84,2,0.05
2158,6,5,0.3
2159,98,5,0.2
2159,34,5,0.3
2159,98,2,0.2
2160,19,1,0.3
2160,33,5,0.0
2161,17,2,0.1
2161,10,5,0.1
2162,62,1,0.0
2162,24,1,0.0
2163,44,5,0.15
2163,6,3,0.0
2163,92,4,0.2
2164,93,3,0.3
2164,3,2,0.05
2164,61,2,0.0
2164,70,1,0.05
2164,15,5,0.05
2165,12,3,0.0
2165,53,5,0.1
2165,86,1,0.1
2166,12,3,0.0
2166,88,2,0.3
2166,18,3,0.2
2167,15,3,0.2
2167,8,3,0.0
2167,1,1,0.05
2167,63,3,0.1
2168,100,1,0.2
2168,65,2,0.0
2169,53,3,0.3
2170,63,2,0.0
2170,43,2,0.2
2170,23,4,0.2
2171,69,5,0.0
2171,67,3,0.15
2172,87,4,0.0
2172,43,4,0.1
2172,10,5,0.1
2172,95,4,0.05
2173,53,4,0.15
2173,62,3,0.2
2174,82,2,0.3
2174,9011,3,0.15
2174,86,5,0.2
2174,24,1,0.05
2174,11,1,0.0
2175,82,3,0.0
2176,78,1,0.0
2177,76,1,0.3
2177,93,1,0.0
2177,22,3,0.0
2178,44,5,0.15
2178,37,2,0.0
2178,57,3,0.2
2179,18,4,0.2
2179,91,3,0.05
2179,75,2,0.1
2179,76,1,0.0
2179,13,3,0.0
2180,35,4,0.2
2180,58,5,0.0
2180,83,1,0.1
2180,75,2,0.0
2181,5,2,0.15
2181,24,3,0.2
2181,64,2,0.2
2181,87,1,0.0
2182,28,2,0.1
2182,93,3,0.05
2182,55,3,0.2
2182,50,2,0.0
2183,11,1,0.0
2183,24,3,0.0
2183,74,4,0.05
2183,84,2,0.0
2184,12,4,0.1
2185,9,1,0.0
2185,44,5,0.3
2185,37,5,27.0
2185,79,3,0.2
2186,76,5,0.3
2186,1,1,0.2
2187,97,2,0.0
2187,64,5,0.0
2187,65,5,0.0
2188,29,4,0.2
2188,37,5,0.0
2188,17,1,0.0
2188,76,1,0.0
2189,71,3,0.0
2189,98,2,0.15
2189,20,2,0.2
2190,24,4,0.0
2190,21,5,0.0
2190,68,4,0.0
2190,91,1,0.0
2191,63,4,0.2
2191,37,3,0.05
2191,6,2,0.1
2191,93,3,0.05
2191,99,3,0.2
2192,91,3,0.05
2192,85,2,0.0
2192,38,5,0.05
2193,8,1,0.0
2193,34,2,0.0
2194,59,5,0.3
2195,9,2,0.05
2195,19,5,0.2
2196,81,2,0.15
2196,25,4,0.0
2197,44,3,0.05
2197,37,4,0.05
2198,44,1,0.0
2198,38,4,0.05
2198,52,4,0.0
2198,65,1,0.0
2199,27,2,0.1
2199,16,3,0.0
2199,69,1,0.3
2200,64,2,0.15
2200,13,2,0.05
2200,4,1,0.0
2201,71,5,0.0
2201,70,3,0.0
2201,98,5,0.1
2202,56,5,0.0
2202,13,4,34.0
2202,97,4,0.15
2203,33,0,0.2
2204,59,4,0.15
2204,92,2,0.15
2204,3,1,0.05
2204,18,5,0.0
2205,55,2,0.2
2205,92,4,0.0
2205,6,1,0.05
2206,43,2,0.05
2206,64,3,0.0
2206,59,5,0.3
2206,35,1,0.15
2207,10,5,0.05
2207,46,4,0.3
2207,16,2,0.0
2207,55,2,0.2
2208,36,4,0.05
2209,99,2,1.89
2209,28,2,0.15
2209,37,1,0.05
2210,65,5,0.15
2210,47,5,0.0
2210,8,4,0.3
2210,72,3,0.3
2210,20,1,0.2
2211,91,2,0.3
2211,79,2,0.2
2211,89,3,0.1
2212,94,2,0.1
2212,98,3,27.0
2213,5,3,0.05
2213,41,4,0.15
2213,88,2,0.15
2213,69,3,0.2
2214,66,-1,0.3
2214,2,3,0.05
2214,9,4,0.1
2215,91,3,0.3
2215,72,3,0.15
2216,33,3,0.1
2216,83,3,0.0
2216,92,1,0.2
2217,61,1,0.0
2217,74,1,0.1
2217,14,4,0.2
2218,45,4,0.15
2218,89,3,0.0
2218,64,1,0.0
2218,51,2,0.0
2219,21,3,0.0
2219,44,5,0.15
2220,75,4,0.05
2220,59,1,0.15
2220,29,4,0.0
2220,76,4,0.0
2220,49,3,0.05
2220,48,4,0.0
2221,43,1,0.0
2221,26,5,0.3
2221,84,2,0.15
2222,17,5,0.15
2222,32,3,0.05
2222,57,2,0.0
2223,49,3,0.0
2223,30,5,0.2
2223,87,3,0.15
2224,21,2,0.2
2224,85,2,0.0
2225,9004,4,0.15
2225,42,4,0.15
2225,2,-2,0.05
2226,74,4,0.3
2226,97,1,0.3
2226,85,5,0.0
2226,93,1,0.0
2227,82,3,0.2
2227,19,4,0.1
2228,69,4,0.05
2228,33,1,0.0
2228,97,4,0.05
2228,75,4,0.0
2228,64,3,14.0
2229,2,5,0.0
2229,18,2,0.3
2230,19,1,0.0
2230,80,1,0.0
2230,71,4,0.0
2230,94,4,0.0
2231,13,5,20.0
2231,15,2,0.15
2231,1,4,0.0
2232,63,2,0.05
2232,12,4,0.0
2232,65,4,0.05
2233,25,3,0.0
2233,86,1,0.05
2233,26,1,0.0
2233,77,5,0.0
2234,55,4,0.05
2234,88,1,0.15
2235,43,2,0.0
2235,44,1,0.1
2235,35,1,0.05
2235,98,4,0.0
2236,5,5,0.0
2236,64,2,0.3
2237,42,3,0.0
2237,83,1,0.0
2237,17,1,0.0
2237,62,1,0.0
2238,7,5,0.05
2238,1,4,0.1
2238,50,4,0.1
2239,54,2,0.0
2239,70,5,0.0
2239,92,3,0.15
2240,10,4,0.2
2240,31,5,0.0
2240,69,3,0.0
2240,60,2,0.1
2240,72,5,0.2
2241,15,2,0.05
2241,1,2,0.05
2241,76,1,0.1
2241,15,4,0.05
2242,7,1,0.15
2242,50,2,0.15
2243,1,1,0.2
2243,81,3,0.0
2243,60,5,0.05
2244,92,1,0.0
2245,8,4,0.0
2245,82,5,0.2
2245,31,2,0.2
2245,24,3,0.3
2245,8,2,0.0
2246,70,3,0.0
2246,1,1,0.05
2246,79,5,0.3
2246,88,5,0.0
2247,88,5,0.1
2247,82,3,0.0
2247,9714,4,0.15
2247,23,4,0.0
2247,80,4,0.1
2247,3,2,0.3
2248,88,3,0.0
2248,33,4,0.05
2248,10,4,0.3
2248,2,2,0.0
2249,91,1,0.0
2249,44,3,10.0
2250,63,3,0.05
2250,65,2,0.05
2250,3,1,0.3
2250,8,2,0.05
2251,30,2,0.15
2252,78,1,0.0
2252,89,2,0.0
2253,96,2,0.0
2253,38,1,15.0
2253,73,3,0.3
2254,43,3,0.0
2255,95,4,0.0
2256,78,1,0.0
2256,48,3,0.0
2256,31,2,0.0
2256,10,4,0.3
2257,14,2,0.0
2257,22,1,0.3
2258,69,5,0.3
2258,64,2,0.05
2259,32,5,0.3
2259,42,3,0.1
2259,22,2,0.05
2260,51,2,0.15
2260,56,1,0.2
2261,50,5,0.3
2261,28,3,0.2
2262,51,1,0.0
2262,73,5,0.05
2263,81,1,0.15
2264,26,2,0.1
2264,27,4,0.0
2265,62,4,0.15
2265,91,2,0.0
2265,37,2,0.2
2265,10,5,0.0
2266,100,3,0.0
2266,79,4,0.0
2267,100,1,1.77
2268,89,5,0.15
2268,48,1,0.05
2268,34,2,0.1
2268,44,2,0.3
2268,35,4,0.0
2269,32,1,0.3
2269,85,2,0.3
2269,21,2,0.0
2270,21,4,0.15
2270,99,4,0.1
2271,33,2,0.1
2271,88,5,2.05
2271,49,2,0.05
2272,9,1,0.0
2272,73,5,0.2
2272,54,2,0.3
2272,31,4,0.15
2273,36,5,0.0
2273,78,4,0.05
2273,27,4,0.0
2273,78,3,0.0
2274,49,5,0.05
2274,71,2,0.15
2275,6,1,0.15
2275,56,4,0.0
2275,46,5,0.05
2276,52,4,0.2
2276,70,1,0.0
2276,48,1,0.05
2277,36,5,0.05
2277,72,3,0.1
2277,90,2,0.1
2277,17,5,0.0
2278,82,3,0.05
2278,91,2,0.05
2278,3,4,0.3
2278,68,5,0.3
2278,44,5,0.2
2279,54,1,0.0
2279,73,2,0.05
2279,37,4,0.15
2279,12,5,0.05
2279,17,4,0.3
2280,84,4,0.0
2280,1,4,0.2
2280,87,5,0.1
2280,80,3,0.15
2281,98,5,0.0
2281,63,4,0.0
2281,46,1,0.05
2281,45,4,0.2
2281,38,4,0.0
2281,18,2,0.05
2282,27,3,0.0
2282,70,5,0.0
2282,76,1,0.0
2282,87,1,0.05
2282,36,2,0.0
2283,75,2,0.0
2283,36,4,0.0
2283,25,5,0.0
2284,100,3,0.0
2284,44,3,0.1
2284,59,2,0.0
2285,12,5,0.3
2285,47,3,0.3
2285,35,5,0.0
2286,33,3,0.0
2286,99,1,0.0
2286,18,2,0.0
2286,16,3,0.3
2287,93,5,0.1
2287,17,2,0.0
2287,72,1,0.0
2288,70,4,0.05
2288,54,3,0.15
2289,52,1,0.0
2289,20,3,0.0
2289,98,1,0.15
2290,97,1,1.89
2290,53,5,2.49
2291,31,4,0.2
2291,39,5,0.0
2291,29,3,0.1
2291,53,2,0.0
2291,52,4,0.1
2292,75,5,0.1
2292,72,3,0.0
2293,98,2,0.1
2293,65,2,0.2
2294,31,5,0.0
2294,4,5,0.1
2295,65,4,0.1
2295,25,4,0.0
2295,40,2,0.15
2295,49,1,0.1
2296,9817,4,0.0
2296,43,2,0.2
2296,14,3,0.1
2296,69,1,0.3
2297,29,3,0.0
2297,53,5,0.0
2298,68,3,0.3
2298,60,2,0.2
2299,31,3,0.0
2299,28,2,0.0
2299,88,2,0.15
2300,68,3,0.3
2300,38,4,0.15
2301,44,5,0.3
2301,15,1,0.1
2301,26,2,0.15
2302,32,3,0.05
2303,29,5,0.05
2303,45,4,0.3
2304,56,5,0.0
2304,96,3,0.0
2304,97,1,0.15
2304,47,2,0.05
2304,22,5,0.05
2305,82,4,0.1
2305,35,2,0.0
2305,25,1,0.0
2305,7,3,0.0
2306,74,5,0.0
2306,24,5,0.0
2307,52,2,13.0
2307,41,1,0.05
2307,19,4,0.1
2308,19,4,0.3
2308,23,1,0.0
2309,94,3,0.2
2309,93,2,0.0
2310,63,1,0.0
2310,53,2,0.1
2310,98,4,0.2
2310,67,4,2.29
2311,91,3,0.0
2311,26,2,0.15
2311,53,1,0.05
2311,97,3,0.05
2312,55,3,0.0
2312,1,3,0.0
2313,19,3,0.2
2313,20,2,19.0
2313,93,2,0.0
2313,49,2,2.8
2313,61,1,0.0
2314,82,2,0.3
2314,93,5,0.3
2315,55,4,0.05
2316,1,2,0.15
2316,34,3,0.0
2316,84,1,0.05
2317,40,5,0.05
2318,21,1,0.3
2318,39,4,0.3
2318,88,3,0.0
2319,70,1,0.0
2319,33,3,0.0
2319,70,4,0.2
2320,46,4,0.0
2320,85,4,0.0
2320,89,3,0.15
2320,16,5,0.05
2320,72,1,0.3
2320,85,3,0.2
2321,65,4,0.1
2321,49,3,0.2
2321,88,5,0.15
2321,24,1,0.0
2322,20,3,0.0
2322,82,4,0.1
2322,65,1,0.0
2322,52,1,0.3
2322,15,4,0.2
2323,18,3,0.2
2323,11,4,0.1
2323,81,3,0.3
2324,12,3,0.0
2324,72,4,0.15
2324,27,4,0.0
2325,49,2,0.0
2325,54,5,0.2
2326,44,4,0.15
2326,78,0,0.2
2326,97,2,0.0
2326,52,5,0.05
2327,71,2,0.0
2327,80,4,0.3
2328,17,4,0.0
2328,19,2,0.1
2328,42,2,0.2
2328,32,2,0.15
2329,21,5,0.15
2329,16,2,0.2
2329,73,3,0.15
2329,95,2,0.1
2329,23,3,0.0
2330,28,4,0.0
2330,9,3,0.3
2330,81,2,0.0
2331,89,3,0.0
2331,53,4,0.2
2331,46,5,0.05
2332,60,1,0.1
2332,55,5,0.15
2332,64,4,0.0
2332,88,2,0.1
2333,60,1,0.0
2334,76,5,0.1
2334,36,4,1.93
2334,67,3,0.0
2334,79,4,0.2
2334,40,3,0.0
2335,17,1,0.2
2335,88,3,0.15
2335,46,5,0.2
2336,94,3,0.0
2336,98,3,0.05
2336,69,5,0.2
2336,84,3,0.0
2337,39,1,0.0
2337,46,1,0.2
2338,23,5,0.15
2338,100,1,0.1
2338,37,2,0.15
2339,96,1,0.3
2339,30,1,0.15
2339,61,1,0.05
2339,34,2,0.0
2339,49,2,0.2
2340,17,5,0.2
2340,84,5,0.0
2340,99,1,0.2
2340,69,3,0.0
2341,68,2,0.0
2341,14,3,0.1
2341,41,2,0.3
2342,24,3,0.1
2342,12,1,0.2
2343,48,1,0.1
2343,24,5,0.15
2344,73,5,0.05
2344,4,1,0.1
2344,4,5,0.3
2344,36,5,0.0
2345,45,3,0.0
2345,7,1,0.3
2345,75,1,0.0
2345,8,4,0.3
2346,59,3,0.05
2346,56,1,0.3
2347,14,3,0.3
2347,16,5,0.0
2347,30,4,0.3
2348,87,5,0.0
2348,55,4,0.1
2349,29,4,0.0
2349,79,2,0.0
2350,45,4,0.05
2350,87,3,0.05
2350,22,4,0.05
2351,28,1,0.3
2351,15,1,0.05
2351,71,1,0.05
2351,15,5,0.0
2352,11,5,0.15
2352,98,4,0.3
2353,80,5,0.3
2353,59,4,0.05
2353,97,4,0.1
2354,44,1,0.0
2354,79,4,0.3
2354,76,5,0.0
2354,45,4,0.1
2354,80,3,0.05
2355,1,2,0.15
2355,19,4,0.0
2355,24,1,0.2
2356,86,1,0.05
2356,95,1,0.05
2357,14,4,0.15
2357,98,3,0.0
2357,95,1,0.1
2357,47,2,0.1
2358,69,1,0.1
2358,28,4,0.3
2358,71,1,0.15
2358,79,4,0.2
2358,17,3,0.0
2359,55,5,0.0
2360,43,1,12.0
2360,9,4,0.05
2360,4,4,0.0
2361,64,2,0.0
2361,72,1,0.0
2362,21,2,0.0
2362,56,4,0.0
2362,81,4,0.0
2363,9788,5,0.05
2363,85,2,0.15
2363,54,3,0.0
2364,6,3,0.0
2364,70,5,0.05
2364,47,3,0.0
2364,52,5,0.0
2365,44,1,0.0
2365,93,3,0.0
2365,86,1,0.0
2366,63,4,0.0
2366,33,2,0.2
2366,71,3,0.15
2367,48,3,0.1
2367,27,3,0.15
2367,52,1,0.05
2368,26,3,0.15
2368,9,1,0.3
2368,94,4,0.3
2368,95,4,0.3
2369,77,2,0.2
2369,15,4,0.0
2369,20,2,0.2
2369,15,3,0.1
2370,96,4,2.42
2370,81,4,0.2
2370,46,3,0.2
2371,88,1,0.0
2372,40,5,0.05
2372,16,2,0.1
2372,28,1,0.2
2373,42,4,21.0
2373,48,1,0.05
2374,25,2,0.1
2374,42,4,0.3
2374,47,1,0.2
2375,70,3,0.1
2375,72,4,0.15
2375,8,1,0.05
2375,25,1,0.0
2376,68,5,0.0
2376,88,4,0.3
2377,73,5,0.15
2377,44,4,0.0
2377,31,5,0.05
2377,24,5,0.1
2378,26,5,0.1
2378,88,1,0.0
2378,50,1,0.1
2379,4,5,0.0
2379,4,5,0.0
2379,77,3,0.0
2379,34,3,0.15
2379,79,5,0.15
2380,72,3,0.0
2380,82,3,0.15
2380,2,5,0.0
2380,96,1,16.0
2380,17,3,0.05
2381,43,2,0.1
2381,58,3,0.2
2381,92,1,0.15
2382,31,4,0.1
2382,74,4,0.15
2383,18,5,0.3
2383,62,3,0.05
2383,71,1,0.0
2384,12,4,0.15
2384,5,5,0.0
2384,64,1,0.0
2385,68,5,0.0
2385,21,2,0.3
2385,41,2,0.3
2385,34,5,0.0
2386,57,5,0.0
2386,22,2,0.05
2386,8,1,0.0
2387,73,3,0.0
2387,54,3,0.1
2387,45,5,0.3
2387,67,2,0.1
2388,92,2,0.1
2388,91,2,0.0
2388,29,1,33.0
2389,20,3,0.15
2389,60,2,0.0
2389,18,1,0.15
2389,94,5,0.3
2389,91,1,0.0
2390,90,2,0.15
2390,94,5,0.0
2390,26,4,0.1
2391,59,3,0.1
2391,9,4,19.0
2392,20,4,7.0
2392,90,3,0.2
2392,95,5,0.0
2393,52,5,0.0
2393,32,1,0.3
2393,52,2,0.15
2394,3,4,0.15
2394,100,3,0.0
2394,3,3,0.0
2395,57,5,0.0
2395,38,1,0.2
2395,79,2,0.1
2396,60,1,0.05
2396,35,4,0.15
2396,80,4,0.2
2397,91,2,0.2
2397,79,5,0.05
2397,71,5,0.0
2397,41,5,0.3
2397,80,1,0.0
2398,52,5,0.15
2399,83,5,0.0
2399,48,4,0.2
2400,42,3,0.3
2400,38,4,0.3
2400,97,5,0.3
2401,15,4,0.3
2401,9,5,0.05
2401,9,4,0.0
2401,99,4,0.2
2402,12,4,0.3
2402,76,4,0.0
2402,76,2,0.2
2402,6,5,0.0
2403,57,2,0.2
2403,68,4,0.0
2404,22,2,0.0
2405,4,5,0.1
2405,96,2,0.05
2405,58,2,0.0
2405,63,1,0.0
2406,6,2,0.05
2406,24,2,0.05
2406,19,1,0.0
2406,5,2,0.0
2407,16,2,0.05
2407,89,2,0.0
2407,6,1,0.2
2407,12,2,0.15
2408,57,5,0.15
2408,38,5,0.3
2408,25,3,0.1
2409,17,1,0.0
2409,26,5,0.05
2409,30,1,1.9
2410,21,2,0.0
2410,11,3,0.3
2411,58,3,0.0
2411,38,2,0.0
2412,3,5,0.2
2412,82,3,0.1
2412,63,4,0.2
2412,79,1,0.0
2413,80,1,0.1
2414,20,1,0.0
2414,67,2,0.15
2415,41,1,0.0
2415,69,1,0.1
2415,51,2,0.0
2416,13,3,0.0
2416,88,1,0.0
2416,47,2,0.0
2416,45,4,0.15
2416,40,3,0.3
2416,57,4,0.3
2417,53,5,0.2
2417,52,2,0.3
2418,60,3,0.1
2418,85,4,0.2
2418,70,3,0.2
2419,13,1,0.0
2420,98,1,0.3
2420,87,5,0.0
2421,63,2,0.3
2422,74,1,0.0
2422,77,4,0.2
2423,64,5,0.0
2423,43,3,0.05
2423,12,3,0.3
2424,68,1,0.2
2424,68,4,0.0
2424,19,3,0.1
2425,25,1,0.0
2425,40,2,0.15
2426,39,4,0.2
2426,95,1,0.0
2427,45,5,0.1
2427,10,1,0.15
2427,89,4,0.1
2428,51,2,0.1
2428,58,4,0.2
2428,10,1,0.2
2429,88,1,0.1
2429,26,2,0.0
2430,64,5,6.0
2431,84,2,0.2
2432,81,5,0.05
2432,9513,2,0.15
2433,30,2,0.15
2433,17,4,0.0
2433,13,3,0.0
2434,76,1,0.0
2434,88,4,0.0
2434,46,5,0.0
2435,21,1,13.0
2436,37,4,0.1
2436,31,2,0.3
2436,48,1,0.0
2437,74,5,0.15
2437,29,1,0.05
2437,26,5,0.2
2437,33,3,0.0
2437,64,1,0.3
2438,45,2,0.3
2438,97,3,0.0
2439,8,5,0.0
2440,55,3,0.0
2441,11,2,0.3
2441,40,2,0.05
2442,83,1,0.1
2442,94,5,0.2
2443,52,1,0.15
2443,44,1,0.0
2443,60,3,0.3
2444,69,4,0.0
2444,82,1,0.2
2444,25,3,0.05
2444,63,1,0.1
2445,17,4,0.2
2445,85,2,0.0
2445,70,1,0.15
2446,10,3,0.0
2446,24,5,0.2
2446,54,3,26.0
2447,23,2,0.15
2447,96,5,0.05
2447,89,3,0.0
2447,91,1,0.0
2448,29,5,0.0
2448,7,2,0.1
2448,91,3,0.05
2448,3,1,0.15
2449,88,3,0.0
2449,32,5,0.0
2449,3,1,0.1
2449,88,3,0.3
2450,55,4,9.0
2450,78,2,0.0
2451,45,1,0.3
2451,94,4,16.0
2452,59,2,0.2
2452,52,2,0.0
2453,55,2,0.05
2453,48,5,0.0
2453,99,3,0.0
2454,61,5,0.0
2454,48,1,0.3
2454,61,1,0.0
2454,80,5,0.0
2455,99,1,0.0
2455,44,1,0.15
2455,88,5,0.05
2456,86,2,0.1
2457,30,5,0.15
2458,58,3,0.05
2458,92,5,0.0
2459,13,5,0.3
2459,2,1,0.0
2460,9,5,0.1
2461,93,4,0.1
2461,3,5,0.0
2461,41,5,0.0
2461,40,1,0.05
2462,46,2,0.2
2462,71,5,0.3
2462,58,5,0.15
2463,60,5,0.0
2463,74,1,27.0
2463,100,3,0.05
2463,82,4,0.1
2463,18,3,0.0
2464,88,1,0.2
2464,25,5,0.0
2464,74,2,0.1
2464,69,3,0.0
2465,8,5,0.15
2465,27,5,0.2
2465,74,1,0.05
2465,83,5,0.0
2465,27,1,0.0
2466,88,2,0.1
2466,27,3,0.1
2466,55,5,0.0
2466,63,1,0.1
2466,40,5,0.1
2466,88,2,0.05
2467,3,3,0.0
2467,22,3,0.2
2467,32,1,0.1
2468,45,4,0.0
2468,4,2,0.15
2468,13,3,0.0
2469,87,1,0.0
2469,57,2,0.0
2470,81,5,0.0
2470,28,2,0.0
2471,90,3,0.0
2471,90,3,0.2
2471,59,5,0.2
2472,57,4,0.0
2472,64,1,0.15
2473,59,3,0.3
2473,22,1,0.2
2474,86,5,0.2
2474,77,1,0.0
2475,85,3,0.1
2475,36,3,0.0
2475,84,2,0.2
2475,30,1,0.3
2475,48,4,0.1
2476,27,1,0.05
2476,2,5,0.05
2476,93,1,0.1
2477,60,1,0.15
2477,95,2,0.1
2478,98,-2,0.0
2478,61,1,0.3
2478,39,5,0.3
2479,58,1,0.05
2479,93,5,0.0
2479,93,5,0.1
2480,71,5,0.0
2480,19,3,0.2
2480,85,4,0.2
2480,29,5,0.0
2480,94,5,0.1
2481,91,1,0.0
2481,15,1,0.0
2481,65,1,0.3
2482,24,1,0.0
2482,33,3,0.0
2482,75,3,0.0
2483,17,1,0.0
2483,9,3,0.0
2483,71,5,0.05
2483,68,2,0.2
2484,27,4,0.05
2484,12,4,0.05
2485,79,5,0.0
2485,91,1,0.15
2485,55,5,0.0
2486,4,2,0.3
2486,68,4,0.0
2487,35,2,0.3
2487,14,1,0.15
2488,83,3,0.1
2488,65,1,0.05
2488,46,5,28.0
2489,40,2,0.0
2489,55,1,0.3
2489,30,4,0.15
2489,90,2,0.0
2490,48,4,0.0
2490,61,5,0.0
2490,65,3,36.0
2490,91,3,0.0
2491,70,5,0.0
2491,16,3,0.0
2492,62,5,0.15
2492,29,4,0.0
2492,26,4,0.3
2493,91,2,0.0
2493,30,2,0.0
2494,86,1,0.2
2494,79,1,0.3
2494,39,5,0.0
2495,23,1,0.1
2495,100,3,0.05
2495,54,1,0.15
2495,24,1,0.2
2496,69,4,0.0
2496,78,5,0.0
2496,32,2,0.05
2497,14,1,0.1
2497,80,2,0.2
2497,97,5,0.3
2497,59,5,0.3
2498,87,1,0.15
2498,30,2,0.1
2498,45,3,0.3
2498,8,5,0.2
2499,36,4,0.1
2500,83,5,0.05
2500,77,3,0.0
2501,72,2,13.0
2501,2,4,0.0
2501,93,2,0.0
2501,11,2,0.0
2501,84,4,0.0
2502,72,2,0.1
2502,15,1,0.0
2502,89,1,0.05
2503,53,2,0.05
2503,90,1,0.0
2503,88,3,0.05
2503,24,5,0.0
2504,40,5,0.0
2504,61,1,0.0
2504,81,3,0.05
2504,41,3,0.3
2505,37,2,0.0
2505,53,4,0.0
2505,7,5,0.0
2506,75,3,0.0
2506,45,5,0.0
2506,53,4,0.15
2506,16,5,0.2
2507,41,5,0.3
2507,51,3,0.3
2507,59,1,0.3
2507,94,4,0.0
2508,96,5,0.05
2508,70,4,0.0
2508,5,4,0.0
2508,65,3,0.0
2509,56,5,0.0
2509,86,1,0.0
2510,14,1,0.15
2510,85,5,0.0
2510,92,1,0.0
2511,9231,5,0.0
2511,52,2,0.0
2511,37,5,0.3
2511,100,1,0.0
2512,64,1,0.2
2512,1,3,0.05
2512,78,1,0.1
2513,34,1,0.05
2514,43,2,0.2
2514,18,2,0.1
2515,76,3,0.3
2515,100,1,0.0
2515,31,3,0.1
2515,40,4,0.15
2515,17,-2,0.0
2516,25,3,19.0
2517,92,2,0.15
2517,98,3,0.1
2517,38,4,0.2
2517,43,5,0.05
2518,19,3,0.3
2518,37,3,0.0
2519,70,3,0.0
2519,64,4,0.2
2520,71,5,0.15
2520,33,4,0.0
2521,79,2,0.3
2521,75,4,0.2
2521,28,3,0.15
2521,77,3,0.0
2521,66,3,35.0
2522,1,3,0.1
2522,37,3,0.0
2523,53,5,0.2
2523,21,1,0.0
2523,77,3,0.15
2524,69,4,0.0
2525,82,4,0.1
2525,37,4,0.2
2525,57,5,0.05
2525,13,1,0.0
2526,24,5,0.0
2526,80,3,0.2
2526,67,4,0.0
2527,46,5,0.0
2527,5,4,0.3
2528,26,5,0.0
2528,31,1,0.2
2528,8,2,0.2
2528,76,5,0.3
2528,34,4,0.3
2529,17,4,0.05
2529,29,5,0.2
2529,78,2,0.0
2530,51,4,0.0
2530,60,4,0.0
2531,80,2,0.15
2531,97,3,0.05
2531,55,3,0.0
2531,56,2,0.1
2532,15,2,0.0
2532,89,2,0.2
2532,68,2,0.15
2532,91,2,0.0
2532,56,5,0.3
2533,21,3,0.1
2533,65,2,0.0
2534,34,3,0.05
2534,20,1,0.0
2535,81,2,0.15
2535,63,5,0.0
2535,75,5,0.15
2535,74,4,0.0
2536,9107,3,0.2
2536,10,5,0.1
2536,57,3,0.0
2537,60,3,0.3
2537,7,3,0.0
2538,7,5,0.05
2538,49,5,0.3
2538,4,2,0.0
2538,32,2,0.15
2538,71,4,0.1
2539,10,4,0.2
2539,84,4,0.05
2539,79,2,0.0
2539,62,4,0.0
2540,72,2,0.0
2540,49,2,0.3
2540,34,2,0.3
2541,87,3,0.0
2542,53,2,0.2
2542,48,4,0.0
2542,40,0,0.0
2543,40,1,0.3
2544,8,2,0.0
2545,13,2,0.0
2545,93,1,0.0
2546,84,5,0.0
2546,97,5,0.0
2546,25,4,0.1
2546,46,2,0.0
2546,100,2,0.0
2547,55,5,0.15
2547,60,1,0.0
2547,51,1,0.0
2548,61,3,0.0
2548,5,2,0.05
2548,57,3,0.1
2548,65,1,0.3
2549,58,1,0.0
2549,93,2,0.2
2549,20,1,0.0
2549,78,3,0.1
2550,8,4,0.1
2550,75,5,0.1
2550,82,2,0.15
2551,52,5,0.3
2551,58,4,0.15
2551,99,2,0.0
2552,87,4,0.2
2552,100,3,0.3
2552,51,5,0.0
2553,47,3,0.05
2553,81,5,0.2
2554,93,5,0.05
2554,24,1,0.15
2554,1,1,0.2
2554,77,3,0.3
2555,20,1,0.3
2555,79,2,0.3
2555,52,4,0.0
2555,86,4,0.0
2555,11,5,0.2
2556,52,4,0.0
2556,7,3,0.2
2557,93,1,0.05
2557,56,5,0.2
2557,9,3,0.0
2558,20,1,0.0
2558,36,3,0.2
2558,51,4,0.1
2558,78,4,0.1
2559,86,4,0.3
2559,46,2,0.2
2559,91,1,0.2
2559,71,1,0.0
2560,42,5,0.05
2560,25,5,0.0
2560,3,1,0.0
2561,53,4,0.1
2561,19,4,0.3
2561,6,1,0.0
2562,47,4,0.2
2562,21,1,0.0
2562,29,2,0.2
2563,44,5,0.15
2563,18,2,0.2
2563,24,3,0.0
2564,85,3,0.3
2564,34,5,0.0
2564,44,2,24.0
2565,89,4,0.2
2565,20,4,0.15
2565,98,3,0.0
2566,23,2,0.2
2566,23,4,0.0
2567,94,1,0.05
2567,20,2,0.05
2567,70,2,0.05
2567,61,4,0.05
2568,65,5,0.1
2568,95,5,0.0
2568,79,3,0.0
2568,30,4,0.3
2569,11,4,0.1
2569,70,2,0.1
2569,14,2,0.0
2570,77,4,0.3
2570,77,1,0.0
2571,100,5,0.3
2572,100,3,0.1
2572,79,5,0.2
2572,57,5,0.1
2572,93,3,0.2
2572,33,5,0.3
2573,8,1,0.3
2573,32,5,0.15
2574,59,5,0.1
2574,64,5,0.05
2574,3,1,0.3
2574,34,3,0.1
2575,91,5,0.3
2575,62,4,0.05
2576,10,1,0.0
2576,40,3,0.2
2576,5,3,0.0
2577,52,5,0.3
2577,85,5,0.1
2577,99,1,0.0
2577,92,5,0.1
2577,76,3,0.15
2578,75,5,0.0
2578,78,2,0.0
2578,61,3,0.2
2578,41,1,0.0
2579,100,5,0.15
2579,16,2,0.0
2579,93,1,0.05
2579,26,5,0.3
2580,75,2,0.15
2580,65,1,0.0
2580,8,5,0.15
2581,43,4,0.0
2581,23,5,0.3
2581,73,4,0.0
2581,44,3,0.05
2582,2,2,0.2
2583,10,3,0.05
2583,57,3,0.0
2583,97,2,0.15
2584,59,1,0.2
2584,47,2,0.05
2584,5,0,0.15
2584,90,5,0.1
2585,13,1,0.0
2585,52,1,0.3
2586,8,4,0.1
2586,18,2,0.3
2587,44,5,0.0
2587,52,3,0.0
2587,23,1,0.0
2587,43,4,0.0
2588,13,1,0.05
2588,99,5,0.05
2589,30,4,0.0
2589,79,1,0.15
2590,11,3,0.0
2590,58,4,0.3
2590,62,5,0.1
2590,65,1,0.2
2591,44,3,0.0
2591,87,5,0.3
2591,9440,5,0.3
2591,82,5,0.0
2591,33,4,0.0
2592,14,3,0.2
2592,82,5,0.05
2592,30,5,0.05
2592,36,3,0.0
2593,85,5,0.15
2593,76,4,0.2
2593,59,4,0.15
2594,87,5,0.1
2594,72,2,0.0
2594,22,2,30.0
2594,82,3,0.3
2595,87,1,16.0
2595,60,4,0.2
2596,95,3,0.0
2596,27,1,0.0
2596,94,3,0.0
2596,30,5,0.05
2597,80,4,0.0
2597,64,2,0.3
2597,11,5,0.0
2598,83,1,0.0
2599,75,4,0.2
2599,3,2,0.1
2599,69,5,0.1
2600,59,5,0.05
2600,24,2,0.0
2600,89,4,0.15
2600,41,1,0.0
2601,42,5,0.2
2601,30,3,0.2
2602,97,1,0.0
2602,63,2,0.05
2602,54,1,0.15
2602,78,5,0.3
2603,97,2,0.15
2603,9,5,0.0
2603,87,2,0.0
2604,7,1,0.05
2604,57,1,0.0
2604,97,5,0.3
2604,56,2,0.15
2604,22,1,0.1
2605,74,2,0.0
2605,58,5,0.0
2606,72,3,0.05
2606,64,3,0.0
2607,90,2,0.15
2608,70,2,0.05
2609,11,1,0.2
2609,59,5,0.3
2609,30,5,0.15
2610,22,2,0.0
2610,40,3,0.3
2611,98,1,0.05
2612,70,2,0.0
2613,89,2,0.05
2613,47,1,0.15
2614,33,5,0.15
2614,30,1,7.0
2614,87,2,0.1
2614,82,3,0.0
2614,41,2,0.3
2615,25,1,0.0
2615,99,1,0.0
2615,63,2,32.0
2615,3,3,0.0
2616,86,2,0.0
2616,95,1,0.3
2616,97,5,0.1
2617,73,4,0.2
2617,90,2,0.0
2617,85,1,0.15
2617,19,4,0.15
2618,26,3,0.0
2618,78,4,0.0
2618,100,1,0.1
2619,4,2,0.0
2619,28,5,0.15
2619,14,5,0.15
2619,77,4,0.0
2619,18,5,0.1
2620,44,5,0.2
2620,4,2,0.3
2620,45,3,0.15
2620,48,1,0.0
2620,23,1,0.1
2621,40,5,0.2
2621,92,4,0.3
2621,13,1,0.0
2622,25,5,0.05
2622,84,2,0.0
2622,59,4,0.3
2623,15,4,0.0
2623,66,5,0.0
2624,75,3,0.05
2624,65,3,0.1
2624,77,2,0.1
2625,37,5,0.3
2625,9,1,0.0
2626,54,3,0.2
2627,82,4,0.3
2627,11,5,0.0
2628,72,5,0.05
2628,59,2,0.3
2628,15,2,0.0
2628,79,2,0.1
2629,53,3,0.0
2629,90,1,0.0
2629,40,2,0.0
2630,79,1,0.0
2630,65,1,0.0
2631,90,5,0.1
2631,63,3,0.0
2631,37,4,0.15
2632,53,2,0.2
2632,33,5,0.2
2632,8,2,0.0
2633,65,4,0.0
2633,28,1,0.1
2633,98,4,0.2
2633,67,5,0.05
2634,76,1,0.3
2634,11,4,0.15
2635,99,2,0.0
2635,48,1,0.0
2635,29,1,0.0
2635,22,4,0.05
2636,56,2,0.3
2636,85,5,36.0
2636,21,5,0.2
2637,17,3,0.1
2637,72,1,0.1
2637,7,5,0.0
2638,39,3,0.0
2638,86,3,0.0
2638,63,5,0.1
2639,18,4,0.15
2639,60,4,0.0
2639,44,2,0.1
2640,88,2,0.05
2640,17,5,0.15
2640,29,1,0.05
2640,14,-2,0.05
2641,39,1,0.05
2641,85,1,0.0
2641,59,3,0.3
2641,60,3,0.0
2642,11,1,0.15
2642,91,1,0.05
2642,85,1,0.1
2642,65,1,0.0
2643,81,4,0.0
2643,22,1,0.0
2643,91,5,0.3
2643,41,2,0.2
2644,37,4,0.0
2644,37,3,0.3
2645,41,4,0.1
2645,77,5,0.05
2646,12,5,0.3
2646,74,2,0.3
2646,58,5,0.1
2646,53,3,0.1
2647,66,5,0.0
2647,56,4,0.15
2647,84,4,0.0
2647,97,2,0.2
2647,64,2,0.3
2648,67,1,0.0
2648,71,5,0.05
2648,89,4,0.2
2648,53,2,0.3
2649,92,3,0.0
2649,78,5,0.0
2649,11,3,0.15
2649,46,2,0.3
2650,73,1,0.15
2650,45,1,0.2
2650,12,3,11.0
2651,62,3,0.0
2651,62,1,0.0
2652,84,1,0.15
2652,32,2,0.15
2653,31,2,0.0
2653,55,4,0.0
2653,27,1,0.3
2653,96,3,0.1
2653,88,4,0.2
2654,93,4,0.05
2654,78,2,0.3
2654,78,5,0.0
2654,9,3,0.0
2654,12,5,0.2
2655,20,3,0.3
2655,83,1,0.0
2656,2,4,0.1
2656,4,2,0.1
2657,30,5,0.2
2657,85,4,0.0
2657,58,4,0.0
2657,65,2,0.1
2657,58,4,0.05
2657,3,1,0.2
2658,60,3,0.2
2658,13,4,0.2
2658,66,1,0.0
2658,23,3,0.0
2659,1,3,0.3
2659,43,1,0.2
2659,71,5,0.0
2660,59,4,0.3
2660,42,3,0.2
2660,66,5,0.0
2660,72,5,0.1
2661,74,3,0.1
2661,34,1,0.0
2661,77,3,0.15
2662,9,1,0.0
2662,27,5,0.0
2663,46,3,0.0
2663,90,5,0.3
2663,1,2,0.1
2663,28,3,0.3
2663,18,1,0.05
2663,2,5,0.1
2664,54,4,0.1
2664,56,5,0.15
2664,46,1,0.0
2665,64,1,0.1
2665,36,5,0.0
2665,22,1,0.3
2665,90,2,0.05
2665,43,1,0.0
2666,77,4,0.05
2666,25,2,0.3
2666,63,5,0.0
2666,72,3,0.0
2667,60,3,0.0
2667,46,3,0.2
2668,32,4,38.0
2668,86,1,0.0
2668,23,4,0.3
2668,20,1,0.05
2669,87,5,0.3
2669,23,2,0.2
2669,85,5,0.0
2670,74,3,0.0
2670,15,3,0.1
2670,71,2,0.0
2671,33,3,0.0
2671,50,2,0.0
2672,85,2,0.05
2672,26,4,0.1
2672,68,2,0.1
2673,80,3,0.0
2673,8,4,0.0
2673,100,5,29.0
2674,41,1,0.3
2675,61,3,0.0
2675,77,4,0.15
2675,97,5,0.0
2676,63,4,0.05
2676,87,3,0.2
2676,81,1,0.0
2676,33,1,0.0
2677,2,4,0.3
2677,68,3,0.0
2677,84,2,0.1
2678,34,4,0.05
2678,50,3,0.1
2678,99,1,0.2
2678,31,3,0.2
2679,34,4,0.0
2679,52,2,0.0
2679,57,2,0.0
2680,93,1,0.3
2681,72,3,0.05
2681,44,4,0.15
2681,9016,3,0.2
2681,13,2,0.3
2681,27,4,0.3
2682,25,2,0.0
2682,23,2,0.1
2682,66,4,0.05
2683,24,5,0.2
2683,41,2,0.0
2683,38,1,0.3
2683,22,4,0.05
2684,32,4,0.15
2684,38,2,0.1
2684,51,4,0.2
2684,12,3,0.0
2684,14,5,0.1
2685,72,1,0.0
2685,14,4,0.0
2686,13,4,0.1
2687,68,1,32.0
2687,93,4,0.0
2687,73,5,0.0
2687,38,2,0.05
2687,84,1,0.0
2688,53,3,0.0
2688,34,2,0.2
2688,64,1,0.3
2688,97,5,0.1
2689,59,2,0.0
2690,20,5,0.3
2690,72,1,0.0
2690,21,1,0.3
2691,96,4,0.1
2691,22,4,0.1
2691,12,1,0.0
2692,87,1,0.3
2692,10,3,0.0
2692,9,5,0.15
2692,98,2,0.0
2692,91,4,0.05
2693,35,3,0.2
2693,32,5,0.0
2693,2,2,0.3
2694,77,3,0.3
2694,46,5,0.0
2694,39,3,0.3
2695,14,3,0.3
2696,14,1,32.0
2696,77,5,0.0
2696,65,3,0.1
2696,1,4,0.1
2696,11,4,0.0
2697,87,2,0.0
2698,46,2,0.1
2698,95,3,0.2
2698,84,3,0.0
2698,5,-2,0.0
2699,9777,4,0.1
2699,4,2,0.15
2699,34,5,0.05
2700,99,1,0.2
2700,5,3,0.0
2700,94,4,0.1
2701,50,4,0.0
2701,94,5,0.1
2701,47,4,0.15
2701,46,1,0.05
2702,60,2,0.1
2702,81,3,0.0
2703,17,5,0.3
2703,56,3,0.0
2703,84,5,0.0
2703,63,3,0.0
2703,1,4,0.1
2704,63,2,0.2
2704,69,2,0.0
2704,99,5,0.1
2704,67,1,0.0
2705,22,1,0.3
2705,27,3,0.05
2705,80,3,0.0
2705,49,1,35.0
2705,9,2,0.05
2706,56,2,0.3
2706,94,5,0.2
2707,2,2,0.0
2707,7,1,0.3
2707,35,2,0.0
2708,18,3,0.1
2708,34,2,0.1
2708,79,5,40.0
2709,80,5,0.15
2709,24,3,0.0
2709,1,2,0.15
2710,27,3,0.0
2710,80,4,0.1
2710,14,4,0.05
2710,88,1,0.1
2710,9,3,0.05
2711,42,2,0.0
2711,60,5,0.0
2711,53,5,0.3
2711,61,4,0.1
2712,15,2,0.3
2712,51,1,0.0
2712,18,3,0.3
2713,10,2,0.3
2713,46,2,0.1
2714,30,1,0.0
2714,7,1,15.0
2714,69,1,0.2
2715,31,1,0.3
2715,66,2,0.0
2716,99,5,0.2
2716,32,5,0.0
2716,62,4,0.1
2717,96,2,0.1
2718,63,5,0.1
2718,18,1,0.0
2718,92,1,0.05
2719,95,1,0.1
2720,90,3,0.15
2720,10,3,0.3
2720,48,2,0.05
2721,23,2,0.0
2721,55,1,0.15
2721,86,1,0.2
2722,10,5,0.1
2722,69,4,0.0
2722,51,3,0.1
2722,94,5,0.15
2723,66,5,0.2
2723,48,2,0.05
2723,67,5,0.2
2723,69,1,0.1
2724,46,1,0.3
2724,63,4,0.1
2725,36,3,0.0
2725,27,1,0.05
2725,54,4,0.15
2726,37,1,0.0
2726,44,1,0.0
2727,99,1,0.0
2727,50,5,0.0
2727,87,3,0.1
2727,92,4,0.0
2727,68,3,0.0
2728,75,1,0.1
2728,73,5,0.0
2728,83,3,0.0
2728,28,2,0.0
2729,21,3,0.2
2729,62,5,0.0
2729,81,2,0.1
2729,90,1,0.15
2730,88,5,0.05
2730,6,5,0.0
2730,80,3,0.3
2730,62,1,0.0
2730,55,1,0.15
2731,62,5,0.0
2731,18,2,0.3
2732,71,5,0.3
2732,58,3,0.2
2732,99,4,0.15
2732,44,2,0.1
2733,9,4,0.0
2733,94,4,0.15
2733,12,5,0.0
2733,50,4,0.2
2734,55,2,0.0
2734,21,2,0.1
2734,35,5,0.0
2735,59,5,0.0
2735,17,5,0.1
2735,55,1,0.1
2736,69,3,0.1
2736,20,3,2.79
2736,82,3,0.0
2737,27,1,0.0
2737,52,5,0.0
2737,61,2,26.0
2738,12,2,0.3
2738,76,2,0.2
2738,44,5,16.0
2738,99,5,0.2
2739,95,2,0.1
2739,40,2,0.0
2739,29,4,0.3
2739,53,1,0.05
2740,63,5,0.2
2740,61,4,0.3
2740,89,3,0.0
2741,18,2,0.0
2741,47,5,0.0
2741,37,2,0.1
2741,4,1,0.0
2742,12,2,0.0
2742,45,5,0.0
2742,85,4,0.3
2742,73,3,0.2
2742,19,5,0.0
2743,25,2,0.0
2743,88,5,0.15
2743,67,3,0.3
2743,57,1,40.0
2744,29,4,8.0
2744,31,4,0.3
2744,46,2,0.1
2744,35,5,0.15
2745,31,3,0.05
2745,100,2,0.0
2745,82,4,0.0
2746,87,4,0.05
2746,30,5,0.0
2747,27,2,0.05
2747,7,4,0.05
2748,28,5,0.0
2748,16,1,11.0
2748,27,1,0.2
2748,41,2,0.0
2749,93,1,0.0
2750,4,4,0.0
2750,49,3,0.0
2751,32,4,0.3
2751,34,4,0.0
2751,91,4,0.0
2751,52,5,0.2
2752,6,4,0.0
2752,33,3,0.3
2752,55,2,0.0
2752,57,4,0.15
2752,100,3,0.05
2752,85,2,0.3
2753,59,4,0.3
2753,79,5,0.05
2753,12,4,0.3
2753,66,5,0.05
2754,96,4,0.0
2754,1,3,0.3
2755,96,2,0.15
2755,11,4,0.0
2755,23,3,0.0
2755,59,3,0.0
2755,57,2,0.2
2756,45,3,0.1
2756,18,3,0.15
2757,4,2,0.3
2757,62,2,0.0
2757,64,1,0.0
2758,64,5,0.1
2758,66,3,0.2
2758,78,5,0.05
2758,50,3,0.15
2759,24,4,34.0
2759,7,3,0.05
2759,16,4,0.0
2759,31,4,0.3
2759,33,2,0.0
2760,95,5,0.05
2760,60,1,0.2
2760,97,1,0.15
2761,95,4,0.1
2761,57,2,0.2
2761,95,2,0.0
2762,33,1,0.0
2762,42,1,0.05
2762,38,4,0.0
2763,62,3,0.1
2763,97,4,0.0
2763,27,2,12.0
2764,38,4,0.15
2764,76,1,0.15
2764,88,2,0.2
2764,81,3,0.1
2765,67,5,0.0
2765,53,3,0.05
2765,40,4,0.0
2766,23,4,0.0
2766,13,2,0.3
2766,47,4,0.0
2766,14,1,0.0
2766,51,1,25.0
2767,27,5,0.2
2767,66,4,0.3
2768,41,3,0.0
2768,99,4,0.15
2769,20,4,0.2
2769,90,1,0.05
2770,13,2,0.1
2770,38,4,0.0
2770,85,2,0.15
2770,47,2,0.2
2770,58,2,0.2
2771,44,2,0.1
2772,26,4,0.0
2772,31,3,0.0
2772,53,5,0.0
2772,19,5,0.0
2772,24,1,0.0
2773,4,5,0.05
2773,74,3,0.0
2773,24,1,0.15
2773,21,5,9.0
2774,18,2,0.0
2774,43,1,0.1
2774,74,1,0.1
2774,26,3,0.2
2775,23,5,0.15
2775,21,3,0.3
2776,48,5,0.3
2776,81,3,0.2
2776,22,2,0.2
2777,83,5,0.0
2777,75,1,0.0
2777,75,5,0.1
2777,9748,-1,21.0
2777,48,5,0.2
2778,56,5,0.0
2779,99,2,0.0
2779,29,5,0.0
2779,61,1,0.0
2780,58,2,0.1
2780,78,3,0.3
2780,61,1,0.2
2781,16,2,0.2
2781,70,2,0.0
2782,85,1,0.3
2782,44,3,0.2
2783,71,2,0.0
2783,41,5,0.0
2783,86,4,0.15
2784,30,5,0.2
2784,31,1,0.05
2784,50,1,0.0
2785,97,4,38.0
2785,35,1,0.0
2786,85,4,0.0
2786,43,2,0.0
2787,11,1,0.2
2787,95,5,0.0
2788,82,5,0.2
2788,100,3,0.0
2789,56,3,0.1
2789,75,4,0.05
2789,66,4,0.3
2790,64,1,32.0
2790,62,4,0.2
2790,99,2,0.1
2791,99,5,0.3
2791,67,4,0.1
2791,34,2,0.1
2791,62,5,0.15
2792,89,2,0.3
2792,38,5,0.05
2792,14,2,0.0
2792,55,4,0.1
2793,17,1,0.0
2793,46,5,0.0
2793,30,5,0.15
2794,54,3,0.05
2794,72,5,0.3
2794,96,5,0.3
2795,5,1,0.1
2795,74,1,0.05
2796,24,2,0.2
2796,10,1,0.3
2796,65,3,0.15
2797,48,1,0.3
2797,1,4,0.0
2797,53,5,0.2
2797,60,4,0.0
2798,85,1,0.1
2798,10,5,0.0
2798,13,5,0.1
2799,50,2,0.0
2799,83,3,0.15
2799,39,4,0.0
2800,67,4,0.2
2800,73,4,0.2
2801,99,3,0.0
2802,45,5,0.0
2802,8,3,0.3
2802,1,4,0.1
2802,19,4,0.15
2803,87,3,0.0
2803,85,1,0.15
2804,97,2,0.0
2804,22,5,0.0
2804,83,2,0.0
2804,4,1,0.15
2805,70,2,0.0
2805,43,3,0.15
2805,60,3,0.15
2805,75,3,0.0
2805,32,5,0.3
2806,42,5,0.05
2806,8,5,0.3
2806,70,2,0.3
2806,47,2,0.0
2807,31,4,0.0
2807,51,5,0.3
2807,38,4,0.3
2808,48,1,0.0
2808,76,1,0.0
2809,60,2,0.3
2809,88,2,0.05
2810,52,1,0.0
2810,45,2,0.2
2810,36,2,0.15
2811,7,1,0.0
2811,29,3,0.0
2811,93,2,0.0
2812,66,2,0.1
2812,26,4,0.1
2812,32,3,0.15
2812,56,5,0.2
2813,39,1,0.3
2813,75,2,0.0
2813,8,2,0.15
2813,56,3,0.15
2814,89,3,0.1
2814,17,4,0.0
2814,68,2,0.15
2815,88,4,0.0
2815,88,2,0.3
2815,83,1,10.0
2816,65,4,0.0
2816,77,2,0.3
2816,40,2,0.0
2816,25,4,0.2
2817,59,5,0.0
2817,65,3,0.0
2818,43,3,0.05
2818,9,2,0.2
2818,81,4,0.0
2819,34,4,0.0
2819,22,3,0.0
2819,80,4,0.0
2820,25,5,0.0
2820,16,3,0.0
2821,85,5,0.1
2821,68,5,0.3
2821,43,3,0.0
2822,72,5,0.0
2822,100,1,0.3
2822,9,2,0.2
2823,60,5,0.05
2823,74,1,0.0
2823,17,2,0.0
2823,73,3,0.0
2824,1,4,0.1
2824,62,3,0.2
2824,23,3,0.15
2824,74,3,0.05
2825,9,4,16.0
2825,9216,5,0.3
2825,71,5,0.1
2825,35,2,0.0
2826,26,4,0.05
2826,84,4,0.05
2826,86,2,0.0
2826,32,3,0.0
2826,99,3,0.1
2827,86,2,0.0
2827,51,5,2.01
2828,50,3,0.05
2829,96,3,0.2
2829,16,3,0.0
2829,71,5,0.3
2830,61,4,0.2
2830,73,2,0.05
2831,88,4,0.15
2831,58,4,0.0
2831,78,3,0.0
2832,76,4,0.15
2832,21,2,0.0
2832,5,3,0.1
2833,95,1,0.1
2834,43,2,0.05
2834,24,5,0.15
2835,41,2,0.2
2835,40,1,0.0
2836,15,3,0.1
2836,94,3,0.3
2836,41,4,0.1
2837,83,4,0.0
2837,51,2,0.3
2838,89,2,0.0
2838,87,4,0.2
2838,62,5,29.0
2839,7,3,0.15
2839,77,1,0.0
2839,21,3,0.0
2840,38,5,0.3
2840,10,2,0.05
2840,16,1,0.15
2841,76,5,25.0
2841,17,4,0.1
2841,40,1,0.0
2842,80,3,0.15
2842,67,4,0.0
2842,26,2,0.0
2843,2,2,0.1
2843,7,3,0.0
2843,3,5,0.05
2844,4,4,0.15
2844,52,4,0.0
2844,13,3,0.1
2845,19,5,0.0
2845,15,5,0.15
2845,45,1,0.0
2846,58,2,0.0
2846,28,1,0.15
2846,96,3,0.0
2847,85,4,0.0
2848,15,4,21.0
2848,26,2,0.3
2848,63,3,0.0
2848,16,5,0.2
2849,13,4,0.05
2849,37,3,10.0
2849,72,1,0.0
2850,9442,3,0.0
2850,25,4,0.15
2850,4,2,0.0
2850,16,3,0.0
2850,49,3,0.05
2851,62,4,0.3
2851,85,3,0.2
2851,36,3,0.0
2852,100,2,0.05
2852,87,1,0.2
2853,98,5,0.15
2854,66,4,0.0
2854,73,5,0.0
2854,48,3,0.0
2854,84,4,0.0
2854,10,4,0.15
2855,94,5,0.2
2855,76,3,0.05
2855,79,4,0.0
2856,74,2,0.0
2856,55,3,0.2
2856,57,4,0.15
2856,63,1,2.9
2857,68,1,0.15
2857,51,5,0.0
2857,20,4,0.0
2857,91,3,17.0
2858,18,1,0.1
2858,67,2,34.0
2858,62,2,0.0
2858,32,3,0.15
2859,23,4,0.0
2859,41,1,0.3
2859,33,4,0.3
2860,68,1,0.2
2860,57,4,0.2
2861,20,3,0.1
2861,32,3,0.3
2861,22,3,0.0
2861,40,2,0.2
2862,40,2,0.0
2862,45,5,0.0
2862,33,1,0.05
2863,10,1,0.15
2863,67,1,0.2
2863,10,4,0.0
2863,96,4,0.3
2863,70,1,0.05
2864,49,5,0.1
2864,24,2,0.1
2864,10,1,0.3
2865,47,2,0.1
2865,33,4,0.0
2865,26,1,0.0
2865,56,3,0.2
2866,12,1,0.3
2866,56,2,0.2
2866,73,2,0.0
2866,8,5,0.1
2867,66,4,0.3
2867,33,1,0.1
2868,19,4,0.1
2868,48,3,0.1
2868,94,5,0.0
2868,76,5,0.1
2868,34,5,0.3
2869,60,3,0.1
2869,94,5,0.0
2869,21,3,0.3
2870,33,1,0.0
2870,52,4,0.1
2870,54,4,0.3
2871,40,2,0.0
2871,40,2,0.0
2872,9,3,0.3
2872,23,3,0.05
2872,92,5,0.0
2873,32,3,0.0
2873,37,5,0.0
2873,86,5,0.0
2873,74,1,0.0
2874,12,4,0.15
2874,64,4,0.1
2874,38,4,0.1
2875,59,5,0.05
2875,16,5,0.3
2875,76,3,0.05
2876,30,1,0.3
2876,9163,4,0.0
2877,61,1,0.15
2877,54,1,2.84
2877,34,2,0.15
2877,80,5,0.2
2877,89,1,0.2
2877,2,4,0.0
2878,46,1,0.0
2878,55,1,0.3
2878,98,5,0.15
2879,86,3,0.1
2879,41,2,0.05
2879,14,5,0.0
2880,88,4,0.0
2880,76,4,0.0
2880,30,1,0.1
2881,52,3,0.3
2881,7,2,0.1
2882,17,1,0.0
2882,5,1,0.3
2882,22,5,0.05
2883,8,1,0.1
2884,58,4,0.0
2884,67,1,0.3
2885,61,4,0.2
2885,83,2,0.1
2885,88,3,0.0
2886,13,3,0.0
2886,68,1,0.1
2886,35,1,0.1
2887,24,5,0.2
2887,45,2,0.1
2887,8,5,0.2
2888,72,4,0.0
2888,14,5,0.0
2889,32,4,0.15
2889,21,5,0.0
2889,59,2,0.3
2890,65,1,0.0
2890,35,1,0.05
2890,71,5,0.0
2890,10,2,0.05
2890,39,1,0.3
2891,67,3,0.2
2891,9968,3,0.2
2891,75,2,0.3
2891,95,3,0.1
2891,95,3,0.0
2892,95,4,0.0
2892,9,3,0.2
2893,11,3,0.1
2893,72,4,0.15
2893,36,3,0.05
2893,10,5,0.2
2893,95,1,0.0
2894,40,3,0.15
2894,67,5,0.1
2894,40,5,0.15
2895,67,5,0.2
2895,49,4,0.05
2896,100,4,0.0
2896,43,2,0.2
2896,70,1,0.2
2896,55,5,0.0
2897,9386,1,0.3
2897,37,5,0.0
2898,37,1,0.0
2898,51,2,0.0
2898,100,4,0.3
2899,52,1,0.0
2899,76,1,30.0
2899,7,2,0.1
2900,44,3,0.2
2900,95,3,0.0
2900,44,3,0.0
2900,83,5,0.05
2900,84,5,0.0
2901,14,4,0.1
2901,85,2,39.0
2902,79,2,0.1
2902,79,2,0.0
2902,59,1,0.0
2902,99,5,0.0
2903,58,3,0.0
2903,5,1,0.1
2903,49,5,0.3
2903,53,3,0.0
2903,32,2,0.2
2904,19,5,0.15
2904,9101,3,0.3
2904,69,1,0.3
2904,39,5,0.0
2905,78,2,0.2
2905,56,4,0.0
2906,58,2,0.15
2906,37,2,0.1
2906,51,1,0.05
2906,45,4,0.0
2906,15,4,0.1
2906,22,5,0.1
2907,16,4,0.2
2907,82,3,0.15
2907,56,1,0.3
2907,14,4,0.0
2908,47,5,0.2
2908,86,2,0.2
2908,75,1,0.0
2908,76,3,0.0
2909,69,1,0.2
2909,58,4,0.3
2909,14,3,0.2
2909,32,2,0.1
2910,38,3,0.2
2911,3,2,0.15
2911,70,4,0.15
2911,88,4,0.15
2911,43,5,0.0
2911,98,3,2.69
2912,71,1,0.0
2912,36,4,0.2
2912,3,1,39.0
2912,15,3,0.0
2913,61,3,0.0
2913,46,1,0.3
2914,9,4,0.1
2914,37,2,0.0
2914,45,3,0.05
2914,76,4,0.05
2915,35,4,0.0
2915,25,5,0.2
2915,48,5,0.0
2916,42,2,0.3
2916,67,3,0.0
2916,33,5,0.2
2917,64,4,0.0
2918,36,4,0.0
2918,79,1,0.15
2918,85,5,0.0
2918,22,5,0.2
2918,33,3,0.0
2919,19,3,0.2
2920,85,5,0.0
2920,55,4,0.05
2920,36,2,0.0
2920,47,5,0.0
2920,53,3,0.05
2920,44,5,0.2
2921,90,3,0.0
2921,5,2,0.0
2921,36,5,0.0
2922,43,2,0.0
2922,39,2,0.2
2923,10,5,0.1
2923,31,1,0.15
2923,94,4,0.05
2924,7,4,0.2
2924,74,5,0.1
2925,88,5,0.15
2925,82,1,0.1
2926,5,1,0.2
2926,10,5,0.05
2926,69,2,0.1
2926,82,5,0.0
2927,30,5,0.1
2927,47,4,0.2
2928,34,1,0.3
2928,9,5,0.0
2928,98,3,0.0
2928,3,1,0.05
2928,89,2,0.2
2929,83,5,0.3
2929,2,3,0.0
2929,40,5,0.0
2929,93,5,0.0
2930,32,2,0.0
2930,3,2,0.1
2931,13,4,0.2
2931,53,5,0.05
2931,74,5,0.2
2931,77,2,0.0
2932,61,2,0.05
2932,81,2,0.0
2932,82,3,0.15
2932,71,2,0.0
2933,37,5,0.0
2933,59,3,0.0
2933,32,1,0.1
2934,70,4,0.2
2935,42,5,0.05
2935,98,5,0.0
2935,87,5,0.2
2935,37,3,0.1
2936,90,4,0.1
2936,42,3,0.05
2937,72,4,0.0
2937,13,2,0.1
2937,79,5,0.0
2938,23,3,0.15
2938,36,5,0.3
2938,58,3,0.0
2939,31,5,0.0
2940,88,4,0.2
2940,73,4,0.3
2940,39,5,0.0
2940,39,1,0.1
2941,94,3,0.0
2941,9,5,0.1
2942,67,4,0.3
2942,23,1,0.0
2943,11,3,0.1
2943,61,1,0.0
2943,68,4,0.2
2944,63,1,0.05
2944,91,4,0.3
2944,11,1,0.0
2944,4,5,0.05
2945,23,3,0.0
2945,21,3,0.1
2946,82,-2,0.0
2946,74,5,0.0
2947,12,4,0.0
2947,80,4,0.0
2947,40,5,0.0
2947,93,5,0.0
2948,22,1,0.0
2948,36,2,0.2
2948,28,4,0.05
2948,93,5,0.0
2948,83,1,0.0
2949,94,1,0.3
2949,76,5,0.0
2949,61,3,0.1
2950,75,5,0.2
2950,53,4,0.2
2950,82,3,0.0
2951,96,2,0.0
2951,22,1,0.15
2952,94,1,0.0
2952,27,2,0.2
2952,3,5,19.0
2953,88,1,0.05
2953,94,2,0.2
2953,22,2,34.0
2953,32,1,0.0
2954,100,4,0.05
2954,75,4,0.3
2954,40,3,28.0
2955,81,4,0.0
2955,22,5,0.3
2956,89,2,0.2
2956,93,4,0.2
2956,38,2,0.0
2957,75,4,0.0
2957,81,4,0.15
2957,42,2,0.15
2958,79,1,0.0
2958,48,1,0.2
2958,53,3,0.3
2958,65,3,0.15
2959,87,1,0.0
2959,89,5,0.15
2959,74,1,0.05
2960,3,3,0.0
2960,9,2,0.2
2960,21,3,0.0
2961,26,4,0.0
2961,5,1,0.0
2962,58,5,0.0
2962,88,1,0.15
2962,6,5,0.0
2962,25,4,0.2
2962,29,2,0.15
2963,30,1,0.3
2963,52,1,0.1
2964,76,2,0.3
2964,75,4,0.0
2964,47,1,17.0
2964,54,2,0.0
2964,78,3,0.2
2965,96,3,0.0
2965,36,1,0.05
2965,82,2,0.0
2966,41,1,0.3
2966,70,0,0.05
2966,69,3,0.2
2966,44,3,0.15
2966,65,4,0.3
2967,10,5,0.3
2968,21,4,0.0
2969,6,4,0.05
2969,27,2,0.0
2970,83,2,20.0
2970,2,2,0.15
2970,56,3,0.3
2970,58,2,0.0
2971,98,5,0.15
2971,24,3,0.1
2971,14,5,0.1
2971,49,5,0.05
2972,48,1,0.2
2972,90,2,0.05
2973,75,3,0.15
2973,94,3,0.1
2973,99,4,2.46
2973,93,3,0.05
2974,28,1,0.1
2974,31,1,0.1
2975,81,2,0.0
2975,93,1,0.3
2975,15,5,0.1
2976,76,3,0.0
2976,77,1,0.0
2976,35,1,0.1
2976,28,4,0.0
2977,26,3,0.1
2977,44,3,0.05
2977,82,3,0.15
2978,40,5,2.61
2978,17,3,0.2
2978,25,2,31.0
2978,48,2,0.2
2979,70,3,0.1
2979,41,2,0.0
2979,42,1,0.0
2979,6,5,0.15
2980,34,1,0.0
2980,71,3,0.05
2980,42,1,0.0
2980,78,2,0.0
2981,81,1,0.3
2981,20,5,0.2
2982,77,5,0.0
2982,29,3,19.0
2982,37,5,0.0
2982,7,2,0.1
2983,69,3,0.2
2983,82,4,0.0
2984,75,3,0.1
2984,3,2,0.0
2984,45,1,0.0
2984,70,1,0.0
2984,76,1,0.3
2985,63,5,0.15
2985,63,1,0.2
2986,12,1,0.15
2986,50,3,0.0
2987,57,2,0.2
2987,53,5,0.0
2987,22,2,0.0
2987,91,5,0.1
2988,87,4,0.15
2988,32,5,0.3
2989,9,2,0.05
2989,10,1,0.15
2990,59,2,0.0
2990,32,3,0.05
2990,74,2,0.1
2990,48,2,0.15
2991,3,4,0.0
2991,98,2,0.0
2991,94,4,0.15
2991,83,5,0.0
2991,52,2,0.0
2992,22,2,0.0
2993,92,2,0.3
2993,60,1,0.3
2993,19,2,0.05
2994,63,4,0.0
2995,13,3,0.15
2995,89,3,0.3
2995,75,2,0.0
2996,23,4,0.0
2996,20,5,0.3
2996,96,3,0.0
2996,18,5,0.0
2996,66,2,0.0
2997,34,3,0.05
2997,14,3,0.0
2997,5,2,0.1
2997,22,1,0.1
2998,13,4,0.0
2998,64,1,0.2
2998,87,5,0.0
2998,93,5,0.05
2998,43,3,0.3
2999,19,3,0.0
2999,9498,2,0.0
2999,97,1,0.05
2999,47,2,0.2
3000,57,2,0.1
3000,58,2,0.0
3001,95,4,0.15
3001,48,5,0.05
3001,48,1,0.0
3002,52,4,0.1
3002,29,5,0.0
3002,21,1,0.1
3003,46,2,0.0
3003,20,5,0.0
3003,18,1,0.0
3003,62,2,0.1
3004,31,2,0.0
3004,24,3,0.2
3004,27,2,0.3
3004,94,3,0.1
3004,73,4,0.0
3005,83,2,0.0
3005,17,2,0.05
3006,10,3,0.1
3006,17,2,0.05
3006,52,1,0.0
3006,29,3,0.1
3007,48,3,0.3
3007,96,5,0.1
3007,18,1,0.3
3007,73,5,0.05
3008,66,3,0.05
3008,50,4,2.37
3008,61,5,0.3
3008,20,2,0.0
3008,92,1,0.0
3009,69,2,0.15
3009,61,4,0.05
3009,5,4,0.1
3010,91,0,0.0
3010,81,1,0.05
3011,9,4,0.0
3011,41,2,0.0
3012,19,2,0.2
3012,71,3,0.0
3012,66,5,0.3
3012,19,4,0.0
3013,52,2,0.0
3013,32,3,0.05
3013,84,5,0.0
3014,71,5,0.2
3014,10,0,0.05
3014,6,4,0.3
3015,74,1,0.0
3015,50,3,0.0
3015,79,2,0.0
3015,15,3,0.0
3016,5,3,0.15
3016,21,5,0.1
3016,46,2,0.3
3016,16,5,0.0
3017,67,1,0.3
3018,6,1,0.0
3018,52,2,0.15
3018,19,3,0.05
3019,35,2,0.15
3019,72,5,0.1
3020,56,3,0.15
3020,5,1,0.2
3020,87,1,0.0
3021,8,4,0.15
3021,33,1,0.3
3021,80,1,0.15
3022,80,4,0.1
3022,19,4,0.1
3022,97,5,0.2
3023,56,5,0.2
3023,76,1,0.2
3023,49,1,0.1
3023,90,4,0.2
3024,5,5,0.15
3024,55,5,27.0
3024,93,2,0.0
3024,64,5,0.15
3025,44,1,0.0
3025,14,3,0.0
3025,14,2,0.0
3025,59,3,0.05
3025,63,4,0.0
3026,48,5,0.0
3026,85,3,0.15
3026,12,-1,0.05
3026,47,5,0.05
3027,91,1,0.2
3028,61,3,0.0
3028,11,5,0.1
3028,89,4,0.1
3029,47,1,0.15
3029,8,2,0.0
3029,86,2,0.1
3029,92,3,0.15
3030,28,4,0.3
3030,5,3,0.2
3030,14,5,0.0
3031,64,4,0.0
3031,10,2,14.0
3031,58,5,0.0
3032,7,4,0.0
3032,72,5,0.1
3032,75,5,0.0
3033,33,2,0.0
3034,46,3,0.0
3035,93,1,0.0
3035,46,3,0.0
3035,21,3,0.0
3035,72,3,0.0
3036,19,5,0.0
3036,28,3,0.15
3036,42,1,0.0
3036,15,0,0.3
3037,5,3,0.2
3037,93,4,0.15
3037,95,2,2.28
3037,11,4,0.2
3038,62,2,0.15
3038,100,5,0.15
3039,9,4,0.0
3039,59,0,0.0
3039,9,2,0.0
3040,32,2,0.0
3040,66,5,0.2
3041,35,4,0.0
3041,52,2,0.05
3041,30,1,0.2
3042,13,1,0.0
3042,19,1,0.0
3042,68,4,0.2
3042,23,3,0.2
3042,57,2,0.3
3043,33,4,0.2
3043,3,2,0.15
3044,18,5,0.15
3044,53,2,0.3
3044,27,2,24.0
3044,5,1,0.05
3045,7,5,0.0
3045,50,2,0.2
3046,88,1,0.2
3046,9259,2,0.0
3046,23,4,0.1
3046,46,2,8.0
3046,38,2,0.1
3047,26,5,0.1
3047,33,5,0.0
3047,22,2,0.0
3047,33,2,0.2
3048,32,1,7.0
3048,51,3,0.05
3048,21,2,0.0
3048,9,1,0.05
3048,46,4,0.0
3049,100,1,0.0
3049,23,4,0.1
3049,22,4,0.3
3050,56,3,0.05
3050,22,1,0.0
3050,3,2,0.1
3050,66,4,0.15
3050,3,5,0.3
3051,32,5,0.0
3051,48,3,0.1
3051,98,1,0.3
3052,7,5,0.0
3053,30,2,1.6
3053,47,0,0.0
3053,72,3,0.0
3054,36,4,0.0
3054,20,3,0.0
3054,18,2,0.15
3055,47,1,0.3
3055,55,3,0.0
3055,29,3,0.1
3055,94,3,0.05
3055,59,4,0.05
3056,24,3,0.1
3056,51,5,0.1
3056,17,5,0.1
3057,18,3,0.05
3057,17,5,0.0
3057,61,2,0.1
3057,40,3,0.2
3057,61,1,0.1
3058,5,4,0.0
3058,16,1,0.0
3059,19,2,0.05
3059,59,2,0.05
3059,62,5,0.05
3059,44,5,0.2
3060,78,4,0.0
3060,19,3,0.15
3060,37,4,0.1
3061,20,2,0.0
3061,15,1,0.0
3061,70,1,0.15
3061,1,2,0.3
3062,25,5,0.15
3062,86,5,40.0
3062,82,2,0.3
3063,32,1,0.0
3064,79,4,0.2
3064,63,5,0.0
3065,90,4,0.1
3065,70,1,0.0
3065,91,4,0.0
3066,75,4,0.3
3066,34,3,0.15
3066,11,4,0.2
3067,74,2,0.05
3067,52,5,0.1
3067,79,4,17.0
3068,59,3,0.15
3068,96,3,0.3
3068,17,4,0.1
3068,19,4,0.0
3069,93,3,0.0
3069,5,5,0.0
3069,86,2,0.2
3069,59,1,0.3
3069,23,3,0.2
3070,32,5,0.15
3070,26,1,0.0
3070,39,3,0.2
3071,18,1,0.1
3071,25,1,0.0
3071,39,5,0.3
3071,88,5,0.2
3071,93,3,0.3
3072,78,3,0.0
3072,57,4,0.0
3073,47,3,0.05
3073,17,2,0.0
3073,83,3,0.0
3073,29,4,0.0
3073,14,4,0.2
3074,66,4,0.15
3074,46,3,0.3
3074,13,1,0.0
3075,78,3,0.0
3075,55,4,0.05
3076,95,3,0.15
3076,79,1,0.2
3076,89,4,0.0
3077,77,5,0.15
3078,71,3,0.05
3078,81,5,0.3
3078,54,1,0.0
3078,4,1,0.0
3079,69,1,0.0
3079,31,5,0.2
3080,29,3,0.2
3080,73,1,0.2
3080,64,1,0.05
3081,20,1,0.3
3081,57,5,0.05
3081,47,3,0.3
3082,28,1,0.0
3082,100,4,0.15
3082,55,4,0.0
3082,74,4,0.2
3082,24,3,0.05
3082,59,4,0.1
3083,90,3,0.0
3083,53,2,16.0
3083,47,4,0.0
3084,35,5,0.0
3084,50,5,0.0
3085,36,3,0.0
3085,82,4,0.0
3085,30,4,0.0
3086,32,1,0.1
3086,41,3,0.1
3086,45,1,0.1
3086,61,1,0.3
3086,8,-1,0.1
3087,44,1,0.2
3088,28,2,0.05
3088,96,3,0.15
3088,99,5,0.3
3088,37,2,0.3
3088,98,4,0.3
3089,99,4,0.1
3089,36,2,0.05
3089,61,3,0.3
3090,12,4,0.05
3090,73,4,0.15
3090,72,1,0.2
3090,14,3,0.1
3090,14,5,0.2
3091,35,4,0.2
3091,40,4,0.3
3091,44,1,0.0
3091,58,2,0.3
3091,50,4,0.0
3092,18,3,0.0
3092,16,4,0.1
3092,86,4,0.2
3092,71,1,0.0
3092,58,3,0.15
3093,15,5,18.0
3093,41,3,0.15
3093,21,4,0.0
3093,5,2,0.1
3094,16,4,0.0
3094,70,2,0.1
3094,35,2,0.0
3094,19,5,0.3
3095,3,4,0.0
3095,37,1,0.0
3096,9035,4,0.0
3096,80,5,0.05
3096,70,1,0.0
3097,11,2,0.2
3097,34,2,0.1
3097,10,2,0.15
3098,100,1,0.15
3098,5,2,0.15
3098,19,1,0.0
3099,97,5,0.0
3100,79,5,0.0
3101,57,4,0.2
3101,49,3,0.1
3102,18,4,0.15
3102,90,1,0.1
3102,48,4,0.0
3102,35,4,0.2
3103,35,5,0.1
3103,18,4,0.0
3103,12,1,0.2
3103,4,2,0.1
3104,3,5,0.0
3104,18,5,0.15
3104,89,1,0.0
3104,25,5,0.15
3105,96,4,0.15
3105,39,3,0.0
3105,49,5,0.05
3105,50,5,0.05
3106,42,3,0.0
3106,30,2,0.2
3107,72,2,0.15
3108,9019,2,0.05
3108,63,2,0.1
3109,51,3,0.0
3109,87,2,0.0
3109,94,3,0.15
3110,41,2,0.0
3110,6,4,0.0
3110,48,3,0.3
3111,56,5,0.1
3111,95,4,0.2
3112,32,4,0.1
3113,90,5,0.05
3113,63,4,0.1
3114,76,1,0.0
3114,95,4,0.1
3114,51,4,0.1
3115,56,1,0.2
3115,51,5,0.15
3115,25,2,0.0
3115,9,2,0.05
3116,51,3,0.0
3116,6,4,0.1
3116,92,3,0.0
3116,55,5,0.05
3117,36,3,0.0
3118,46,4,0.1
3118,7,1,0.05
3118,28,5,0.1
3119,11,1,0.0
3119,85,4,2.08
3119,47,1,0.05
3119,100,1,0.05
3119,55,2,0.15
3120,11,4,0.3
3120,83,2,0.0
3120,5,2,0.2
3120,71,2,0.0
3120,20,2,0.0
3120,72,2,0.0
3121,41,1,0.0
3121,13,5,0.05
3121,47,5,0.0
3122,88,5,20.0
3122,44,4,0.0
3123,78,1,0.2
3123,66,5,0.3
3123,67,2,0.3
3124,15,5,0.2
3124,15,3,0.3
3125,65,1,0.0
3125,42,1,0.0
3126,37,1,0.2
3126,37,4,0.0
3126,67,0,0.1
3126,49,5,0.2
3127,69,2,0.05
3127,75,2,0.05
3127,62,4,0.0
3128,77,4,0.3
3128,16,3,0.1
3128,89,5,0.2
3129,90,1,0.15
3129,66,2,0.1
3129,63,3,0.0
3129,55,4,0.3
3129,69,5,0.15
3129,6,3,0.3
3130,25,3,0.1
3130,45,2,1.62
3130,68,2,0.3
3131,98,2,0.15
3131,40,5,0.2
3131,83,1,0.05
3132,37,4,0.0
3132,47,2,0.1
3133,33,5,0.0
3133,90,3,0.0
3134,96,2,0.0
3134,86,-2,0.0
3134,62,2,0.1
3135,90,5,0.2
3135,65,4,0.15
3135,62,3,0.2
3135,69,2,0.0
3136,45,2,0.0
3136,69,3,0.0
3136,12,3,0.2
3137,9,2,0.0
3137,59,5,0.15
3137,79,1,0.3
3138,32,1,0.0
3138,87,4,0.2
3138,82,2,0.1
3139,55,2,0.05
3139,92,4,0.15
3140,47,1,0.05
3140,23,2,0.0
3140,77,5,0.1
3140,48,2,0.3
3141,51,5,0.05
3141,94,5,0.0
3141,46,-2,0.05
3141,64,5,0.0
3142,70,2,0.3
3142,63,2,0.15
3142,59,3,0.1
3142,97,4,0.0
3142,78,2,0.1
3142,4,2,0.3
242,77,3,0.0
3144,41,2,0.0
3145,42,1,0.15
3145,43,4,0.0
3145,95,3,0.3
3145,76,1,0.0
3146,93,2,0.3
3146,31,1,0.05
3147,100,5,0.15
3147,40,5,0.0
3147,37,4,0.3
3147,7,1,0.0
3148,44,2,0.3
3148,15,3,0.1
3148,82,4,0.0
3148,94,4,0.05
3148,84,4,0.1
3149,50,4,0.0
3149,58,1,0.15
3149,47,1,0.15
3150,17,4,0.0
3150,88,3,0.15
3151,54,2,0.2
3151,12,2,0.1
3152,96,2,0.05
3152,3,2,0.0
3152,22,5,0.15
3153,45,5,0.05
3153,72,3,0.0
3153,67,1,0.05
3153,39,3,0.15
3153,60,5,0.15
3153,28,4,0.2
3154,55,2,0.05
3154,46,1,0.0
3154,67,5,0.0
3155,2,1,0.3
3155,28,3,0.2
3156,100,1,0.3
3156,67,2,0.1
3156,67,1,0.0
3156,69,3,0.15
3157,58,2,15.0
3157,87,4,0.1
3158,99,5,0.0
3158,9682,4,0.15
3158,11,2,0.0
3159,90,3,0.3
3159,37,5,0.15
3160,68,5,0.1
3160,43,3,0.05
3160,55,1,0.05
3161,65,3,0.0
3161,91,1,0.0
3162,61,5,0.0
3162,23,5,0.05
3162,24,3,0.0
3163,10,3,0.05
3164,2,3,0.2
3164,100,5,0.0
3164,7,3,0.1
3164,73,5,0.0
3165,61,5,0.1
3165,98,1,0.3
3165,69,2,0.0
3165,82,5,0.15
3166,20,1,0.0
3167,90,1,0.3
3167,38,1,0.15
3167,45,2,37.0
3168,54,1,0.3
3168,40,4,0.2
3168,93,3,0.1
3169,14,4,0.1
3169,64,4,0.3
3169,51,2,0.2
3170,94,4,0.05
3171,26,4,0.15
3171,30,4,0.0
3172,26,1,0.15
3172,71,5,0.0
3172,50,2,0.1
3172,9318,2,0.3
3172,47,4,0.1
3173,87,5,0.0
3173,30,4,0.15
3173,63,3,0.0
3173,81,4,0.1
3174,65,4,0.3
3174,23,4,0.05
3175,98,5,0.3
3175,44,1,0.0
3176,78,3,0.0
3176,76,1,0.2
3176,48,3,0.2
3176,4,5,0.0
3177,31,3,0.1
3177,62,5,16.0
3177,49,1,0.2
3177,5,3,0.2
3178,97,4,24.0
3178,51,5,0.0
3178,69,1,0.0
3178,52,3,0.0
3179,16,5,0.2
3179,94,2,0.0
3180,75,1,0.0
3180,69,1,0.05
3180,84,2,0.05
3181,63,3,0.05
3181,71,2,0.0
3182,24,5,0.0
3182,75,5,0.0
3183,55,2,0.0
3183,60,5,0.0
3184,15,2,0.0
3184,47,4,0.0
3184,56,1,0.0
3184,51,4,0.2
3185,65,1,0.05
3185,5,2,0.1
3185,20,4,0.2
3185,41,1,0.15
3186,95,1,0.05
3186,39,3,0.3
3186,68,2,0.1
3186,21,5,0.0
3187,98,1,0.3
3187,6,5,0.0
3187,78,2,0.0
3187,17,1,0.0
3187,34,2,0.05
3188,65,5,0.15
3188,89,3,0.0
3189,9829,5,0.0
3189,47,2,0.0
3190,97,2,0.0
3190,63,1,37.0
3190,99,5,0.05
3191,11,2,0.2
3191,60,3,0.0
3191,60,5,0.05
3191,15,3,0.0
3192,77,3,0.0
3192,36,4,0.1
3193,95,2,0.1
3193,79,3,0.0
3193,74,3,0.15
3194,98,5,0.2
3194,92,3,0.0
3194,16,5,0.0
3195,47,4,0.1
3195,90,5,0.2
3195,51,1,0.15
3195,9005,3,0.3
3195,34,2,0.0
3196,33,2,0.05
3196,42,2,0.1
3196,26,1,0.05
3197,12,1,0.2
3197,29,4,0.1
3197,94,3,0.0
3197,31,5,0.2
3198,13,3,0.3
3198,60,4,0.0
3199,77,2,0.0
3199,98,1,0.0
3199,5,4,0.0
3200,98,3,0.0
3200,21,2,0.0
3200,97,3,0.0
3201,70,3,0.0
3201,13,2,0.0
3201,73,5,0.1
3201,49,3,0.05
3202,92,1,0.3
3202,31,1,0.0
3203,38,4,0.2
3203,87,1,0.0
3204,67,1,0.0
3204,30,4,0.3
3204,99,5,0.0
3205,46,3,0.0
3205,6,4,0.0
3206,39,4,0.3
3206,22,3,0.05
3206,32,4,0.15
3207,3,5,0.0
3207,2,5,0.0
3208,91,2,0.05
3208,42,4,0.05
3208,8,1,0.3
3208,96,5,0.15
3209,15,5,0.3
3209,4,3,0.15
3209,85,5,0.0
3209,55,4,0.3
3209,88,1,27.0
3210,71,3,0.0
3210,3,2,0.05
3210,67,5,0.0
3210,31,4,0.1
3210,7,4,0.0
3211,15,2,0.2
3211,33,5,0.3
3211,15,5,0.0
3212,33,5,11.0
3212,70,1,0.0
3212,35,2,0.1
3212,93,5,0.0
3213,45,5,0.1
3213,9,2,0.3
3213,45,2,0.15
3214,67,1,0.0
3214,40,4,0.2
3214,83,5,0.05
3214,31,5,0.0
3215,90,5,0.15
3215,19,3,15.0
3215,62,1,0.1
3215,8,4,0.1
3216,68,5,0.0
3216,17,1,0.15
3216,39,3,0.0
3216,42,4,0.1
3217,39,2,0.0
3217,83,5,8.0
3217,96,2,0.0
3218,35,2,0.3
3218,60,1,0.0
3218,67,4,0.1
3219,51,3,0.0
3219,43,2,0.05
3220,39,1,0.1
3220,38,4,0.0
3220,56,2,0.0
3220,68,1,0.05
3220,51,5,0.2
3221,7,3,0.0
3221,49,1,0.0
3221,11,2,0.2
3221,82,5,0.05
3221,80,3,0.3
3222,74,1,0.1
3222,14,2,0.0
3222,64,5,0.2
3222,16,3,0.0
3223,10,4,0.0
3223,98,1,0.2
3223,78,5,0.05
3223,48,1,0.05
3224,16,4,0.0
3225,17,5,0.1
3225,82,4,0.0
3225,92,5,0.0
3226,37,2,0.1
3227,37,2,0.0
3227,45,4,0.2
3227,82,3,0.0
3228,49,3,0.2
3228,11,2,39.0
3228,2,2,0.1
3228,16,5,0.2
3229,57,2,0.05
3229,95,3,0.1
3229,87,5,0.1
3229,64,1,0.0
3229,8,4,0.1
3230,99,2,0.15
3230,55,5,0.15
3230,72,1,0.2
3230,61,2,0.1
3231,63,1,0.1
3231,98,5,0.15
3232,52,2,0.05
3232,4,4,0.15
3233,66,5,0.15
3233,29,5,0.05
3234,57,2,0.15
3234,29,5,0.0
3234,17,3,0.15
3234,47,4,0.1
3235,58,2,0.2
3235,70,4,0.1
3235,79,5,0.2
3236,38,5,0.05
3236,6,5,0.15
3236,72,1,0.15
3236,31,1,0.0
3237,64,5,0.0
3237,41,1,0.0
3237,12,3,0.0
3238,92,4,0.0
3238,21,4,0.3
3238,88,1,0.3
3239,87,2,0.05
3239,20,2,0.1
3239,96,5,0.2
3239,8,5,0.0
3240,35,3,0.15
3240,35,2,0.15
3240,62,3,0.05
3240,1,5,0.3
3241,36,5,0.0
3241,89,1,0.3
3241,16,3,0.1
3242,83,5,0.0
3242,92,3,0.1
3242,73,1,0.3
3242,67,3,0.0
3243,79,2,0.1
3243,90,1,0.0
3243,27,2,0.0
3243,70,2,0.05
3243,60,4,0.3
3244,22,4,0.3
3244,29,3,0.1
3244,5,2,0.0
3244,71,5,0.0
3245,59,4,0.1
3245,23,4,0.15
3245,12,5,0.0
3246,80,1,0.0
3246,51,1,0.1
3247,65,1,0.2
3247,19,3,0.3
3247,50,2,0.2
3248,72,2,0.1
3248,31,1,0.05
3249,82,2,0.1
3249,7,1,0.0
3249,37,5,15.0
3249,72,5,0.15
3250,67,4,32.0
3250,20,1,0.0
3250,62,2,0.2
3250,76,2,0.15
3251,54,5,0.0
3251,9715,4,0.15
3251,9,1,0.2
3252,51,2,0.3
3252,66,3,0.0
3252,54,1,0.0
3252,61,1,0.0
3253,34,3,0.1
3253,56,5,0.05
3254,37,5,0.0
3254,3,3,0.3
3254,23,2,0.0
3254,37,3,0.0
3255,6,4,0.3
3255,44,4,0.0
3255,28,5,0.15
3256,24,4,0.05
3256,48,5,0.2
3256,43,4,0.0
3256,73,1,0.2
3257,82,2,0.15
3257,57,1,0.1
3257,79,1,0.3
3257,63,3,0.3
3257,38,1,0.15
3258,65,2,0.05
3258,61,2,0.0
3258,44,4,0.3
3259,28,2,0.0
3259,3,1,0.0
3259,57,4,0.0
3260,18,4,0.15
3260,100,5,0.0
3260,12,2,0.0
3261,93,4,0.15
3261,9,2,0.1
3261,71,4,0.3
3262,74,3,0.0
3262,66,2,0.1
3262,19,3,0.05
3262,33,5,0.1
3263,41,2,0.15
3263,83,2,0.15
3263,68,2,0.0
3264,65,5,0.0
3264,21,3,0.0
3264,13,4,0.3
3264,2,4,0.1
3264,13,2,0.3
3265,22,2,0.1
3265,31,5,0.15
3265,66,4,0.0
3266,41,5,0.2
3266,98,4,0.15
3266,70,2,0.1
3266,50,5,0.05
3267,59,5,0.15
3267,56,1,0.1
3267,59,1,0.15
3267,14,2,0.2
3268,87,3,0.0
3268,92,1,0.05
3268,17,2,0.0
3269,28,5,0.0
3269,26,4,0.05
3269,22,1,0.05
3270,7,1,0.0
3270,10,4,0.1
3270,50,1,0.3
3271,40,5,0.15
3272,44,2,0.0
3272,81,5,0.0
3272,89,1,0.0
3273,87,3,0.0
3273,44,5,0.0
3273,85,2,26.0
3274,64,5,0.0
3274,19,1,0.1
3274,14,4,0.0
3275,72,3,0.0
3275,41,1,0.1
3276,90,4,0.05
3276,49,2,0.0
3276,35,5,0.05
3277,57,2,0.05
3277,29,4,0.3
3277,31,3,0.2
3278,16,2,0.05
3279,87,2,0.0
3279,68,2,0.05
3279,90,2,0.0
3279,26,2,0.0
3280,51,3,0.3
3280,95,4,0.15
3280,74,5,0.3
3281,42,5,0.05
3281,78,2,0.2
3281,74,3,0.0
3282,33,1,0.05
3283,72,3,0.05
3283,100,4,0.3
3283,62,2,0.15
3284,82,3,0.3
3284,96,3,0.15
3285,25,5,0.1
3285,44,1,0.0
3285,14,4,0.05
3286,18,2,0.3
3286,38,5,0.15
3286,24,2,0.05
3287,20,2,0.3
3287,92,2,0.0
3288,46,1,0.0
3288,76,2,0.05
3288,7,4,0.0
3288,56,4,0.15
3288,46,2,0.05
3288,33,4,0.0
3289,18,2,33.0
3289,40,5,0.0
3289,59,1,0.05
3289,62,1,0.0
3290,9,1,0.0
3290,28,2,0.3
3291,59,4,0.0
3291,96,2,0.0
3291,90,2,0.05
3291,73,3,0.0
3292,15,3,0.1
3292,35,5,0.15
3293,34,5,5.0
3293,84,2,0.15
3294,59,5,0.3
3294,69,3,0.0
3294,85,4,0.3
3294,2,4,0.05
3295,38,1,0.15
3295,16,5,0.0
3295,38,2,0.3
3295,26,2,0.0
3295,16,2,0.0
3296,37,3,0.0
3296,73,2,0.0
3297,85,1,0.3
3297,61,4,0.0
3298,10,3,0.15
3298,99,2,37.0
3298,35,3,0.0
3299,82,1,0.2
3299,68,3,0.0
3299,82,2,0.1
3300,88,1,0.0
3300,66,2,0.0
3301,21,2,0.0
3301,58,2,0.1
3301,95,1,0.1
3301,26,5,0.0
3302,2,2,0.2
3302,75,5,0.3
3302,48,5,0.05
3302,29,1,0.05
3302,47,1,0.1
3303,64,4,16.0
3303,4,2,0.0
3304,65,3,0.1
3304,17,4,0.05
3304,73,4,0.0
3305,25,3,0.1
3305,97,3,0.0
3305,22,4,0.05
3306,62,1,38.0
3306,67,1,0.0
3306,44,3,0.0
3307,83,4,0.3
3307,68,3,0.0
3307,99,4,0.1
3307,81,5,0.3
3308,52,1,0.05
3309,48,1,0.3
3309,53,1,0.05
3309,60,3,0.0
3310,9694,5,0.1
3310,72,1,0.0
3310,97,1,0.0
3311,79,5,0.3
3311,68,3,0.05
3311,19,1,0.3
3312,19,1,0.0
3312,67,1,0.0
3313,26,1,0.2
3313,56,4,0.05
3313,80,4,0.15
3314,1,5,0.2
3314,76,2,0.3
3314,17,4,0.0
3314,77,2,0.05
3314,27,5,0.05
3315,22,2,0.2
3315,42,3,0.3
3315,79,3,0.0
3316,77,3,0.3
3316,4,4,0.0
3316,62,5,0.05
3317,71,4,0.05
3317,56,1,0.0
3317,80,3,0.0
3318,48,2,0.2
3318,60,3,0.1
3319,43,3,0.0
3319,53,5,0.15
3320,4,5,0.0
3320,2,2,16.0
3320,36,2,0.1
3320,59,2,0.0
3321,86,3,0.05
3322,61,1,0.1
3322,60,2,0.15
3323,40,4,0.3
3323,1,3,0.05
3323,44,2,0.2
3324,26,3,0.0
3324,44,4,0.15
3324,24,3,0.0
3324,88,4,0.15
3324,16,3,0.05
3325,3,1,0.05
3325,89,1,0.05
3325,73,4,0.3
3325,71,3,0.3
3326,81,5,0.1
3326,70,5,0.0
3326,93,2,0.05
3326,62,4,0.3
3326,47,1,0.0
3326,87,1,0.0
3327,21,5,0.2
3327,31,1,0.3
3327,63,3,0.3
3328,43,4,0.1
3328,38,5,0.15
3329,21,1,0.15
3330,80,5,0.0
3330,12,3,0.0
3330,37,5,0.05
3331,61,1,38.0
3331,12,2,0.05
3331,34,5,0.05
3331,3,0,0.2
3332,32,5,0.0
3332,11,1,0.0
3333,80,1,0.3
3333,74,5,0.05
3333,61,5,0.0
3333,16,3,0.0
3334,73,3,0.3
3334,57,3,0.15
3334,66,2,0.3
3334,20,1,0.05
3335,13,4,0.15
3335,95,2,0.0
3335,50,4,0.1
3336,32,3,0.15
3336,12,2,37.0
3336,36,3,0.3
3337,38,4,0.1
3337,57,4,0.0
3338,15,2,0.05
3338,43,1,0.1
3338,98,2,0.0
3339,4,4,0.3
3339,99,4,0.2
3340,73,2,0.0
3340,79,4,0.1
3341,46,2,0.0
3341,56,3,0.3
3341,28,4,0.1
3342,23,3,0.0
3342,28,4,0.05
3342,20,1,0.0
3343,81,5,0.15
3344,57,4,0.1
3344,15,5,0.0
3344,71,2,0.05
3345,21,5,11.0
3345,76,4,0.2
3345,32,4,0.0
3345,41,4,0.3
3345,82,4,0.3
3346,42,5,0.0
3346,20,5,26.0
3346,9,3,0.3
3347,30,4,0.1
3347,16,3,0.0
3348,14,2,0.15
3348,64,2,0.0
3348,62,1,0.05
3348,17,3,0.0
3348,48,1,0.05
3349,98,2,0.05
3349,80,1,0.15
3350,78,3,0.3
3350,45,5,0.0
3350,61,3,0.15
3351,13,4,0.0
3351,85,5,0.0
3352,55,3,0.05
3352,2,1,0.15
3352,11,4,0.2
3352,58,3,0.15
3353,10,4,0.2
3353,27,3,0.0
3353,69,2,0.2
3354,65,3,0.2
3354,8,2,0.2
3354,18,4,0.3
3355,87,4,0.3
3355,39,3,0.0
3355,31,1,0.3
3355,75,3,0.1
3355,2,2,0.05
3356,64,3,0.3
3356,2,4,0.15
3356,78,1,0.15
3357,19,4,0.0
3357,2,2,0.0
3358,54,4,0.05
3358,50,2,0.0
3359,55,4,0.0
3359,15,1,0.0
3359,7,5,0.0
3359,9659,1,0.1
3359,30,2,0.2
3360,6,5,0.2
3360,68,3,0.3
3360,15,4,0.15
3360,88,5,0.3
3361,100,1,0.1
3361,93,3,0.0
3361,38,4,0.05
3362,70,5,0.0
3362,81,4,0.2
3363,27,5,0.2
3363,27,4,0.3
3363,22,3,0.3
3363,82,2,0.2
3364,63,1,0.15
3364,11,3,0.0
3364,2,5,0.0
3365,61,5,0.0
3365,72,4,0.3
3365,55,5,0.0
3365,19,3,0.3
3366,61,3,0.3
3366,92,1,0.0
3366,61,4,0.3
3366,79,1,0.1
3366,14,4,0.05
3367,36,2,0.1
3367,33,4,0.0
3367,48,2,0.3
3367,91,4,0.0
3368,54,1,0.0
3368,78,4,0.1
3368,49,3,0.3
3368,85,2,0.05
3369,9,4,0.15
3369,91,1,0.15
3370,50,1,0.0
3371,5,4,0.0
3371,89,1,0.0
3371,58,3,0.2
3371,24,3,0.3
3372,95,5,0.0
3372,40,1,0.0
3372,53,3,0.1
3372,13,4,0.15
3372,87,1,0.2
3373,78,1,0.0
3373,1,4,0.15
3374,50,4,0.0
3374,3,4,0.0
3374,16,5,0.3
3374,96,3,0.05
3374,78,5,0.05
3374,64,2,0.05
3375,40,2,2.38
3375,62,4,0.0
3376,28,5,0.1
3376,32,2,0.1
3377,43,1,0.3
3377,99,1,0.0
3377,84,4,0.2
3378,86,3,0.0
3379,93,5,0.2
3379,96,4,0.1
3379,38,3,0.3
3379,1,5,0.15
3379,78,5,0.05
3380,82,1,0.15
3380,45,5,33.0
3380,51,5,0.0
3380,78,4,0.15
3380,28,5,0.15
3380,28,1,0.0
3381,50,1,0.0
3381,73,1,0.15
3382,69,2,0.0
3382,17,1,0.0
3382,29,5,0.0
3383,100,5,0.1
3383,38,4,0.1
3383,30,3,0.15
3384,98,2,0.3
3384,32,2,0.3
3384,16,5,0.1
3385,29,4,0.3
3386,18,4,0.15
3386,74,1,0.15
3386,55,4,0.3
3387,21,1,0.15
3388,44,4,0.0
3388,55,4,0.0
3389,19,2,0.2
3389,24,3,0.0
3389,47,3,0.0
3389,33,3,0.05
3390,3,4,0.05
3390,64,4,0.05
3390,88,4,0.3
3391,63,5,0.3
3391,18,1,0.1
3391,49,5,0.1
3391,11,5,0.0
3392,35,1,0.3
3392,89,4,0.2
3392,40,1,0.0
3393,80,1,0.1
3393,43,5,0.0
3394,97,4,0.0
3394,96,1,0.15
3394,95,2,0.0
3395,99,2,0.15
3395,36,1,0.05
3396,21,5,8.0
3397,36,4,0.0
3397,53,4,0.3
3397,63,1,0.1
3397,9483,2,0.1
3398,48,5,0.0
3398,28,3,0.05
3398,47,2,0.1
3399,3,3,0.0
3399,86,1,0.0
3399,95,1,0.3
3399,27,0,0.3
3399,9,4,0.15
3399,22,1,0.0
3400,90,2,0.3
3400,83,3,0.2
3400,76,1,0.2
3400,69,3,0.0
3401,68,1,0.0
3401,79,2,0.05
3401,58,3,0.05
3402,9012,1,0.15
3402,58,4,0.2
3402,2,2,0.15
3403,30,1,2.33
3404,64,5,0.05
3404,93,4,0.05
3404,42,2,0.3
3405,98,3,0.0
3405,75,1,8.0
3405,81,3,0.05
3406,29,4,0.3
3406,28,4,24.0
3407,45,4,0.1
3407,100,5,0.0
3408,3,2,0.0
3408,93,4,0.1
3408,4,4,0.15
3408,11,1,0.0
3409,59,3,0.05
3409,11,4,0.2
3409,50,4,0.1
3410,90,1,0.2
3411,67,1,0.0
3411,51,4,0.3
3411,9,2,0.1
3412,15,4,0.3
3412,2,4,0.1
3412,23,2,0.3
3412,59,5,0.3
3413,71,4,0.05
3414,100,1,0.1
3414,55,1,0.1
3414,16,3,0.3
3415,100,2,0.0
3416,32,4,0.2
3416,28,5,0.05
3416,57,2,0.05
3417,6,4,0.0
3417,14,5,0.15
3418,86,1,0.3
3418,18,5,0.05
3418,74,5,0.1
3418,13,5,0.15
3419,21,4,0.0
3419,34,3,0.2
3420,88,3,10.0
3420,38,3,0.1
3420,12,3,0.05
3421,68,4,0.0
3421,63,4,0.2
3421,27,5,0.15
3422,95,5,0.2
3423,64,4,0.3
3423,96,5,0.15
3424,16,3,0.05
3424,87,1,0.0
3424,27,3,0.2
3424,93,5,0.3
3425,19,2,0.0
3425,19,3,0.1
3426,68,4,0.0
3426,92,3,0.0
3426,25,5,0.15
3426,54,4,0.05
3426,62,4,0.15
3426,99,5,12.0
3427,14,4,24.0
3427,11,2,0.0
3427,83,4,0.0
3427,91,5,0.0
3428,72,5,0.05
3428,35,3,6.0
3429,85,4,0.15
3429,14,4,0.15
3429,69,5,25.0
3429,51,1,0.2
3430,94,1,0.15
3430,41,1,0.05
3430,57,3,0.1
3431,24,5,0.05
3431,69,3,0.3
3431,6,3,0.0
3431,24,5,0.3
3432,71,3,0.0
3432,83,5,0.2
3433,27,-2,0.2
3433,66,4,0.0
3433,50,3,0.05
3434,37,3,0.0
3434,11,3,0.2
3434,53,5,0.2
3434,100,4,0.05
3435,61,4,0.05
3435,17,3,0.0
3435,48,5,0.15
3435,19,4,0.0
3436,42,5,2.44
3436,85,2,0.0
3437,79,1,0.0
3437,2,5,0.1
3437,21,2,0.15
3437,71,1,0.0
3437,70,4,0.2
3438,68,3,0.2
3438,50,5,0.3
3439,57,5,0.05
3440,50,3,0.1
3440,70,3,0.0
3441,86,5,0.0
3441,79,1,0.05
3441,3,3,0.0
3441,3,5,0.2
3441,26,5,0.3
3442,52,2,0.1
3442,94,3,0.0
3442,7,2,0.05
3443,2,3,0.3
3443,52,1,0.1
3443,98,3,0.05
3444,41,3,0.05
3444,72,1,0.1
3445,7,1,0.3
3445,5,2,0.1
3446,99,4,0.15
3446,45,4,0.2
3446,88,3,0.1
3447,38,4,0.15
3447,5,4,0.0
3448,89,3,0.3
3448,80,1,0.1
3448,8,2,0.3
3449,94,1,0.0
3449,11,2,0.0
3449,49,1,0.0
3450,14,4,0.0
3450,20,3,0.1
3450,74,1,0.0
3450,96,2,0.0
3450,17,1,0.3
3451,29,5,0.15
3451,60,3,0.1
3452,52,4,0.3
3452,99,2,0.0
3453,13,2,0.0
3453,11,1,0.2
3453,35,3,0.3
3454,83,4,0.0
3454,3,5,0.2
3454,52,1,0.3
3454,42,4,0.0
3455,85,3,0.15
3455,62,3,0.0
3455,47,4,0.0
3456,1,2,0.0
3456,99,3,0.0
3457,60,-1,0.0
3457,48,1,0.2
3457,24,1,0.2
3457,36,3,0.15
3458,28,4,0.05
3459,27,3,0.1
3459,69,1,0.3
3460,97,5,0.15
3460,13,1,0.2
3460,24,5,0.05
3460,3,4,0.15
3460,31,3,0.1
3461,51,4,0.0
3461,1,2,0.0
3461,75,1,0.3
3461,8,5,0.0
3461,64,2,0.15
3462,31,5,0.15
3462,22,5,0.0
3463,33,3,25.0
3463,9,3,0.0
3463,68,2,0.0
3464,95,2,0.2
3464,15,1,0.0
3464,7,2,0.0
3464,59,2,0.0
3465,93,1,34.0
3466,2,1,0.15
3466,13,1,0.05
3466,41,4,0.0
3467,40,5,0.2
3467,12,4,0.3
3468,81,4,0.05
3468,13,1,0.0
3468,34,4,0.0
3469,23,5,0.1
3470,10,3,0.05
3470,22,4,0.0
3470,96,4,0.0
3471,54,5,0.0
3471,7,4,0.2
3471,72,1,0.15
3471,27,3,0.0
3472,11,5,0.1
3472,43,2,0.0
3473,75,1,0.3
3473,27,1,0.2
3474,75,4,0.05
3474,22,5,0.05
3474,36,5,0.0
3475,89,3,0.2
3475,70,2,0.0
3475,99,3,0.0
3475,47,4,0.15
3476,64,5,28.0
3476,21,4,0.3
3476,73,5,0.1
3477,36,2,0.0
3478,9,2,0.1
3478,65,2,0.1
3478,32,4,0.15
3478,50,2,0.15
3479,35,5,0.3
3479,93,2,0.05
3480,64,3,0.0
3480,22,1,0.0
3481,69,3,0.3
3481,42,3,0.3
3482,30,1,0.3
3482,73,3,0.0
3483,10,1,0.0
3483,40,1,0.15
3483,90,1,0.0
3483,58,1,0.2
3484,53,1,0.15
3484,79,2,0.2
3484,48,4,0.05
3485,39,1,0.0
3485,12,2,0.0
3485,25,3,0.05
3486,29,3,0.1
3486,85,4,0.0
3486,96,1,0.3
3486,61,1,0.1
3487,4,5,0.2
3487,97,1,0.0
3487,26,3,0.05
3488,63,5,0.3
3488,14,5,0.05
3488,89,3,0.05
3489,56,5,0.05
3489,85,5,0.0
3489,32,2,0.05
3490,20,2,0.15
3490,45,5,0.0
3490,47,3,0.0
3490,45,3,0.05
3491,53,1,0.2
3491,47,1,0.1
3492,28,2,37.0
3492,2,3,0.0
3492,44,1,0.15
3493,96,1,0.05
3493,53,5,0.3
3493,34,4,0.2
3494,77,2,0.1
3494,84,4,0.0
3495,22,3,0.15
3495,83,4,0.1
3495,46,5,0.15
3495,77,4,0.0
3496,41,3,0.15
3496,9822,1,0.2
3496,96,5,0.3
3496,6,5,0.0
3497,92,5,0.3
3497,38,2,0.0
3497,25,4,0.0
3497,47,4,0.1
3498,15,5,0.1
3498,96,4,0.0
3498,45,4,0.2
3499,30,5,0.2
3499,48,5,0.1
3499,30,3,0.1
3499,53,4,0.0
3499,100,4,0.0
3499,14,1,0.0
3500,89,3,0.0
3500,36,0,0.15
3500,47,1,0.15
3500,33,2,0.2
3501,42,2,0.0
3501,52,4,0.0
3501,13,2,0.0
3502,13,2,0.15
3502,100,1,0.0
3502,43,3,0.0
3502,84,4,0.05
3502,51,4,0.0
3503,6,4,0.2
3503,51,4,37.0
3503,19,5,0.0
3503,60,3,0.0
3504,78,3,0.0
3504,92,5,0.05
3504,14,2,7.0
3505,74,1,0.2
3505,100,3,0.05
3505,6,4,0.15
3506,29,3,0.0
3506,9667,5,0.0
3506,11,3,0.0
3506,84,5,0.0
3507,99,1,0.3
3507,22,3,0.2
3507,42,4,0.1
3507,73,2,0.0
3507,92,2,0.1
3508,5,5,0.3
3508,79,1,0.15
3508,25,5,0.0
3508,2,4,0.0
3508,1,1,0.0
3509,99,1,0.0
3509,50,4,0.3
3509,94,1,0.0
3510,85,2,0.1
3510,70,4,0.0
3511,65,5,0.0
3512,66,4,0.1
3512,62,4,0.2
3512,7,5,0.3
3513,70,2,0.0
3513,60,5,0.1
3513,36,1,0.3
3514,85,1,0.2
3514,74,2,0.2
3514,5,5,0.3
3514,100,2,0.15
3515,77,4,0.2
3515,16,2,0.1
3515,45,2,0.0
3516,55,4,37.0
3516,18,5,0.0
3516,15,4,0.05
3517,11,1,0.3
3517,74,4,0.3
3517,84,5,0.0
3517,39,5,0.0
3517,4,5,0.2
3518,95,1,0.0
3518,70,5,0.0
3518,27,3,0.3
3518,72,4,0.0
3518,11,1,0.0
3519,12,4,0.3
3519,23,1,0.1
3520,52,2,0.1
3520,78,3,0.2
3520,44,5,40.0
3521,35,4,0.2
3521,19,1,0.0
3521,52,2,0.0
3522,14,1,0.3
3522,46,4,0.0
3523,2,2,0.0
3523,5,4,0.1
3523,68,2,0.15
3523,49,3,0.05
3523,56,2,0.15
3523,35,4,0.2
3524,87,4,0.05
3524,63,3,0.05
3525,85,2,0.2
3526,34,2,0.2
3526,94,4,0.15
3526,85,1,0.15
3526,5,2,0.0
3527,91,1,0.0
3527,54,4,0.15
3527,99,2,0.0
3527,57,2,0.3
3528,92,2,0.3
3528,22,5,0.3
3528,25,1,0.15
3529,51,5,0.15
3529,34,1,0.3
3529,13,1,0.0
3529,25,3,0.3
3530,43,3,0.0
3530,82,5,0.2
3531,8,2,0.0
3531,39,2,0.0
3531,35,1,0.2
3532,27,5,0.1
3532,17,1,0.15
3533,4,1,0.15
3534,32,5,0.2
3535,83,4,0.05
3535,20,1,0.0
3536,20,2,0.0
3536,7,4,0.05
3536,78,3,0.3
3537,37,1,0.2
3537,49,2,0.0
3537,52,3,0.1
3537,67,3,0.05
3538,78,1,0.2
3538,3,5,0.3
3538,51,1,0.2
3539,18,5,0.1
3540,99,2,0.0
3540,33,2,0.1
3540,81,2,0.15
3540,46,2,0.05
3541,38,3,0.1
3542,80,4,0.15
3542,80,1,0.3
3543,91,5,0.1
3543,97,3,0.0
3543,61,1,0.3
3544,40,1,0.0
3544,100,1,0.0
3544,45,1,20.0
3545,56,2,0.0
3545,82,4,0.0
3545,24,5,0.3
3545,84,5,0.05
3546,80,3,0.15
3546,58,3,0.0
3546,76,2,0.2
3546,60,5,0.0
3547,60,2,0.0
3547,76,1,0.2
3548,93,5,0.1
3548,47,2,0.05
3548,89,4,0.0
3549,31,4,0.0
3549,71,5,0.0
3549,68,3,30.0
3550,81,2,0.0
3550,82,4,0.0
3551,34,1,0.05
3551,98,5,0.05
3552,48,3,0.3
3552,49,1,0.3
3552,99,5,0.3
3552,38,3,0.05
3552,31,3,0.15
3553,83,5,0.2
3553,54,1,0.05
3553,73,4,0.0
3554,81,2,0.3
3554,34,1,0.05
3554,1,4,0.0
3555,70,5,0.15
3556,56,4,33.0
3556,71,3,0.05
3556,56,3,0.15
3557,80,4,0.0
3557,24,3,0.0
3558,9,5,0.2
3558,68,5,0.05
3558,48,5,0.1
3559,86,3,0.15
3560,60,3,0.1
3560,99,1,0.0
3560,82,2,0.2
3560,36,5,0.0
3561,58,2,0.0
3561,88,2,0.05
3561,27,3,0.15
3562,50,4,0.3
3562,23,2,0.0
3562,89,4,0.05
3562,18,1,0.05
3563,55,5,0.0
3563,16,3,0.15
3563,32,4,0.1
3563,73,4,0.3
3563,70,2,0.15
3564,68,5,0.0
3564,1,1,0.2
3564,10,2,0.3
3564,63,2,0.1
3565,83,5,0.05
3565,35,1,0.0
3565,93,5,0.0
3565,7,3,0.05
3565,37,1,0.05
3566,49,3,0.1
3566,71,5,0.05
3566,64,4,0.3
3566,4,1,0.2
3566,9,3,0.3
3567,45,5,0.3
3567,88,5,0.3
3567,10,1,0.0
3567,26,2,0.05
3567,74,2,0.3
3568,83,1,0.2
3568,64,1,0.3
3568,41,4,0.3
3568,43,1,0.1
3569,99,1,0.0
3569,32,1,0.1
3569,30,3,0.05
3570,74,2,0.2
3570,88,4,0.3
3570,35,2,0.0
3571,17,2,0.05
3571,7,5,0.05
3572,8,3,0.3
3572,52,1,0.15
3573,19,5,0.15
3573,10,4,0.05
3573,92,3,0.2
3573,62,4,0.0
3574,9251,2,0.1
3574,28,1,0.3
3574,51,4,0.0
3575,69,1,0.0
3575,39,1,0.3
3575,52,1,0.15
3576,27,1,0.3
3576,57,3,0.0
3576,74,1,0.0
3576,90,3,0.0
3577,29,5,0.3
3577,19,5,0.2
3577,44,3,0.0
3578,43,3,0.2
3578,73,2,0.0
3578,91,5,0.15
3578,33,5,0.2
3578,91,3,0.2
3578,95,5,0.0
3578,96,4,0.2
3579,50,5,0.0
3579,7,3,0.0
3580,94,1,0.05
3580,92,5,0.15
3581,69,1,19.0
3581,26,2,0.3
3582,21,3,0.0
3582,26,2,0.2
3582,35,4,0.1
3583,60,4,0.15
3583,59,5,0.0
3583,37,3,0.0
3584,77,3,0.3
3585,43,4,0.05
3585,70,5,0.3
3585,63,2,0.3
3586,16,3,0.0
3586,63,1,0.05
3586,85,3,0.05
3586,27,0,0.2
3586,57,5,0.0
3587,1,5,0.3
3587,81,1,14.0
3587,38,1,0.0
3587,79,3,0.0
3587,51,5,0.0
3587,11,2,0.0
3588,20,1,0.15
3588,100,3,0.3
3588,61,3,0.1
3588,93,3,0.0
3589,5,1,0.0
3589,100,4,0.3
3589,1,3,0.15
3589,95,1,0.0
3590,4,3,0.3
3591,64,3,0.0
3591,46,3,0.1
3592,35,1,0.0
3592,16,5,0.0
3592,98,4,0.3
3593,97,-1,0.0
3593,43,3,0.05
3593,67,1,36.0
3593,44,2,0.3
3594,45,4,0.2
3594,86,3,0.05
3594,37,1,0.0
3594,22,4,0.2
3595,83,5,0.0
3595,74,3,0.0
3595,40,2,0.1
3595,84,1,0.3
3596,36,3,0.0
3596,37,3,0.0
3597,96,2,0.3
3597,35,3,0.0
3597,77,4,0.0
3598,19,4,0.3
3599,80,4,1.98
3599,14,3,0.0
3600,91,4,0.15
3600,74,3,0.05
3600,89,5,0.0
3601,83,3,0.05
3601,53,4,0.05
3601,10,2,0.0
3602,8,1,0.1
3602,33,5,0.2
3602,65,2,0.0
3602,72,4,0.0
3602,46,3,0.05
3602,65,5,32.0
3603,69,1,0.1
3603,10,1,0.3
3603,75,4,0.05
3603,30,4,0.15
3603,5,4,0.1
3604,88,3,0.0
3604,16,4,0.05
3604,50,1,0.2
3604,13,3,0.0
3605,25,4,0.05
3605,18,3,0.2
3605,17,5,0.1
3605,47,3,2.62
3606,4,5,0.3
3606,84,1,0.1
3606,24,2,0.3
3607,26,2,0.1
3607,96,2,0.1
3607,20,3,0.15
3607,42,5,0.0
3608,24,1,0.0
3608,10,5,0.2
3608,74,3,0.1
3609,65,3,0.0
3609,4,3,0.1
3609,77,5,0.2
3610,62,5,0.0
3610,91,3,0.3
3610,55,1,0.2
3611,18,3,0.0
3611,30,3,0.0
3611,75,3,0.05
3612,41,1,0.1
3612,83,4,0.0
3612,85,4,0.0
3612,56,2,0.15
3613,27,2,0.0
3613,41,2,0.2
3614,29,3,0.1
3614,16,5,0.0
3615,74,4,0.0
3615,20,3,0.0
3616,93,2,0.05
3616,46,1,39.0
3617,41,1,0.2
3617,10,2,0.0
3617,20,2,0.1
3617,84,5,0.3
3618,2,5,0.05
3618,10,5,0.0
3618,46,3,0.1
3618,25,5,0.2
3619,42,5,0.1
3619,68,4,0.2
3619,80,4,0.2
3620,46,3,0.0
3620,56,1,0.1
3620,92,5,0.15
3621,82,2,0.3
3621,89,4,0.2
3621,5,2,0.2
3622,11,3,0.05
3622,100,5,0.0
3622,56,2,0.2
3622,7,3,0.05
3622,91,1,0.0
3623,35,5,0.3
3623,98,5,0.0
3624,51,1,0.0
3624,49,2,0.05
3624,86,5,0.2
3624,69,2,0.1
3624,38,4,0.05
3625,11,1,0.15
3625,10,3,0.0
3625,100,2,0.1
3626,29,3,0.0
3626,53,2,0.1
3627,69,3,0.0
3627,90,1,0.0
3627,57,1,0.3
3627,41,2,0.2
3628,5,3,0.0
3628,96,5,33.0
3628,61,4,0.1
3629,30,4,0.3
3629,56,1,0.0
3629,53,4,0.15
3630,33,3,0.0
3630,42,4,0.05
3630,67,2,0.05
3630,85,1,0.15
3631,4,3,0.0
3631,1,5,0.0
3631,3,1,0.3
3632,81,2,0.15
3632,43,5,0.1
3632,10,4,32.0
3633,5,3,0.0
3633,27,3,0.0
3633,21,3,0.0
3633,77,5,0.05
3634,52,3,0.3
3634,17,1,0.0
3634,68,3,0.2
3634,80,1,0.0
3635,47,1,0.0
3635,94,5,0.05
3635,71,2,0.3
3636,8,2,0.3
3636,96,3,0.1
3636,94,2,0.1
3636,35,5,0.2
3636,84,3,0.2
3636,81,2,0.1
3636,20,3,2.78
3637,1,5,0.0
3637,4,5,0.2
3637,3,5,0.0
3638,32,4,34.0
3638,30,3,0.0
3639,7,4,0.0
3639,66,1,0.0
3639,74,3,0.0
3639,22,4,0.0
3639,83,4,0.3
3639,18,3,0.1
3640,79,4,0.1
3640,70,4,0.3
3640,58,5,0.3
3641,40,1,6.0
3641,100,2,0.1
3641,98,4,0.0
3642,74,1,0.0
3642,3,3,0.1
3643,13,1,0.0
3643,82,5,0.3
3643,34,4,30.0
3644,79,5,0.0
3644,52,3,0.2
3644,76,2,0.05
3644,68,3,0.0
3644,58,5,0.3
3645,19,2,0.0
3645,89,5,0.2
3646,32,2,0.0
3646,29,4,0.05
3646,97,1,0.2
3646,76,3,0.0
3647,66,1,0.0
3647,79,5,0.1
3647,80,3,0.3
3647,81,3,0.0
3647,96,-2,0.05
3647,9850,3,0.3
3648,13,3,0.05
3648,38,3,0.1
3648,9,3,0.3
3648,57,2,0.05
3649,25,4,0.3
3649,85,5,0.0
3649,66,4,7.0
3649,60,1,0.05
3650,57,3,0.0
3650,56,3,0.05
3650,38,4,0.0
3651,81,3,0.0
3651,19,2,0.0
3651,71,4,0.15
3651,89,4,0.0
3651,75,5,0.0
3652,17,3,0.1
3652,26,1,0.0
3652,78,4,0.0
3652,72,3,0.15
3653,59,5,0.0
3653,95,4,0.2
3653,7,-2,0.05
3653,33,3,0.05
3654,7,1,0.0
3654,83,3,0.0
3655,48,5,0.15
3655,53,5,0.1
3655,40,5,0.0
3655,43,4,0.0
3656,94,5,0.1
3656,17,3,0.0
3656,9786,1,0.15
3656,11,5,0.0
3657,13,4,0.3
3657,87,4,0.0
3657,8,4,0.3
3658,94,1,0.05
3658,72,2,0.05
3659,47,1,0.2
3659,31,3,32.0
3659,38,4,0.05
3659,62,1,0.15
3660,16,4,0.0
3660,54,2,0.05
3660,98,4,0.15
3661,7,4,0.15
3661,58,2,0.2
3661,93,2,0.1
3662,65,3,14.0
3663,23,1,0.3
3663,94,1,0.0
3663,82,5,0.2
3663,90,5,0.15
3664,26,5,0.2
3664,27,4,0.2
3664,55,3,0.0
3665,93,1,0.0
3665,76,5,13.0
3665,29,3,0.0
3665,75,5,0.2
3666,47,4,0.2
3666,10,4,0.15
3666,9039,4,0.15
3666,19,4,0.0
3667,46,4,12.0
3667,76,1,0.0
3668,93,1,0.0
3669,80,2,0.15
3669,72,1,0.0
3669,92,2,0.0
3669,88,4,0.0
3669,13,4,0.2
3670,65,5,0.1
3670,56,1,0.1
3670,90,5,0.2
3670,56,1,0.2
3670,99,5,0.2
3671,6,2,0.0
3671,23,5,0.0
3671,39,3,0.3
3672,98,2,0.05
3672,2,4,0.05
3672,40,5,0.0
3673,56,2,0.05
3673,91,2,0.0
3673,17,5,0.3
3674,53,3,0.15
3674,7,1,0.05
3674,52,3,0.05
3674,20,2,0.0
3675,62,4,0.0
3675,94,5,0.0
3675,35,3,0.0
3675,38,1,15.0
3675,17,1,0.05
3676,93,4,0.15
3676,26,2,0.3
3676,18,1,0.3
3677,89,1,0.05
3677,92,3,0.0
3677,100,3,0.05
3678,60,3,0.3
3678,69,4,0.2
3678,21,2,0.0
3679,4,2,0.15
3679,6,4,0.05
3679,81,4,0.3
3679,74,1,0.1
3680,96,1,0.15
3681,54,1,0.2
3681,44,3,0.0
3681,23,1,0.05
3682,40,3,0.2
3682,16,3,0.15
3682,58,2,0.1
3682,47,4,0.0
3682,44,4,0.0
3683,71,3,0.0
3683,82,5,0.15
3683,35,5,31.0
3684,43,1,0.0
3684,45,4,0.2
3685,90,1,0.15
3685,40,3,0.05
3685,15,2,0.2
3686,49,3,0.1
3686,87,2,0.1
3686,15,1,0.0
3687,88,2,0.0
3687,31,2,0.3
3687,68,1,0.0
3688,21,3,0.3
3688,20,1,0.0
3689,11,4,0.3
3689,11,5,0.2
3689,57,5,0.0
3689,39,2,0.05
3690,99,2,0.0
3691,68,2,0.0
3692,67,3,0.15
3692,88,3,0.0
3692,98,4,0.0
3692,69,2,0.0
3692,90,3,0.15
3692,4,1,0.2
3693,69,2,0.05
3693,89,5,0.3
3693,55,1,0.0
3694,95,5,0.05
3694,90,5,0.2
3694,72,4,0.0
3694,85,4,0.0
3694,44,2,0.0
3694,60,2,0.0
3695,83,2,0.0
3695,59,2,0.0
3695,68,3,39.0
3696,21,2,0.05
3696,99,3,0.1
3696,44,4,0.0
3696,93,2,0.3
3696,61,4,0.2
3696,73,3,0.0
3697,95,5,0.0
3697,83,5,0.0
3697,27,5,0.0
3697,14,3,0.0
3698,80,3,0.1
3698,49,3,0.0
3698,83,2,0.15
3699,75,1,5.0
3699,88,2,0.05
3699,42,5,0.0
3699,80,3,0.3
3700,53,4,0.05
3700,4,2,0.1
3700,45,5,0.0
3700,52,1,0.0
3700,61,2,0.15
3701,10,5,0.1
3701,4,5,0.0
3701,94,2,0.0
3702,35,1,0.0
3702,17,1,0.0
3702,52,5,0.2
3702,86,2,0.2
3703,68,1,0.05
3703,57,3,0.3
3703,60,2,0.05
3703,33,5,0.15
3703,18,2,0.3
3704,5,2,0.1
3704,43,3,0.15
3704,83,5,0.0
3704,64,4,0.3
3705,16,5,0.0
3705,64,4,0.0
3705,56,5,0.1
3705,48,1,0.15
3706,79,4,0.0
3706,65,4,0.2
3706,100,2,0.05
3706,90,2,0.05
3706,75,2,0.15
3706,20,2,0.0
3707,96,1,0.15
3707,27,3,0.3
3708,65,3,0.3
3708,92,2,0.0
3708,18,1,0.3
3708,77,1,0.2
3708,34,1,0.15
3709,81,1,0.2
3709,100,5,0.0
3709,17,1,0.0
3709,16,5,0.0
3710,31,5,0.0
3710,82,4,0.05
3710,22,1,0.0
3710,48,2,0.0
3711,77,4,0.0
3711,20,5,0.0
3711,12,4,0.0
3711,44,2,0.05
3712,36,2,0.15
3712,39,1,0.0
3712,18,3,0.1
3712,16,1,0.3
3713,17,3,9.0
3713,43,5,0.05
3713,41,1,0.0
3714,38,2,0.0
3714,38,5,0.3
3714,33,3,0.15
3715,66,5,0.3
3716,59,2,0.0
3717,96,3,0.3
3718,76,2,0.15
3718,1,2,0.1
3719,26,5,0.0
3719,46,3,0.15
3720,23,3,0.2
3720,92,3,0.0
3720,19,5,0.0
3721,27,1,16.0
3721,9,4,0.0
3721,65,1,0.0
3721,75,2,0.2
3722,55,3,0.1
3722,51,1,0.0
3722,94,2,0.1
3722,94,4,0.2
3723,83,4,0.15
3723,88,4,0.15
3723,70,3,0.05
3723,58,4,0.0
3723,52,2,0.0
3724,17,4,0.3
3724,74,3,0.2
3724,22,3,0.0
3725,40,4,0.0
3725,78,1,0.2
3726,26,-2,0.2
3726,68,3,0.0
3726,87,1,0.0
3726,44,3,0.3
3726,89,3,0.1
3727,23,3,0.05
3727,54,5,0.2
3727,49,3,0.15
3727,67,4,0.05
3728,91,4,0.2
3728,38,1,0.2
3728,18,4,0.2
3729,31,3,0.15
3729,94,2,0.3
3730,63,4,0.05
3730,27,4,0.2
3730,7,5,0.3
3730,70,5,0.0
3731,4,4,0.15
3731,68,5,0.0
3732,9157,3,0.0
3732,21,4,0.3
3733,85,1,0.0
3733,9,-1,0.1
3733,68,5,20.0
3733,89,3,0.0
3734,85,4,0.3
3735,28,3,0.05
3735,81,5,0.0
3735,28,2,0.3
3735,3,1,0.15
3735,24,1,0.05
3735,81,1,0.0
3736,23,4,0.0
3737,36,1,0.15
3737,65,5,0.0
3738,18,2,0.05
3738,100,2,0.0
3739,72,5,0.1
3739,19,1,0.05
3739,25,3,21.0
3740,94,1,0.0
3740,65,1,0.3
3740,49,3,0.0
3740,34,3,0.0
3741,42,4,0.1
3741,21,5,0.15
3741,76,4,0.0
3741,14,1,0.0
3742,79,2,0.0
3742,76,3,0.0
3742,62,2,0.3
3743,1,1,0.0
3743,21,1,0.3
3743,37,5,0.3
3743,94,4,0.0
3744,67,4,0.0
3744,89,4,0.0
3744,53,2,0.05
3745,44,5,0.15
3745,15,4,0.15
3745,34,5,0.0
3745,4,4,0.15
3745,11,1,0.05
3746,1,4,0.15
3746,13,2,0.0
3747,47,1,0.3
3747,51,2,0.2
3747,54,1,0.15
3747,21,1,0.3
3748,54,1,20.0
3748,62,1,0.2
3748,82,2,0.15
3748,98,1,0.2
3748,3,3,2.23
3748,44,1,0.0
3749,82,1,0.1
3749,65,2,0.15
3749,38,1,0.2
3749,99,5,0.0
3750,76,5,0.0
3750,58,4,0.15
3750,96,4,0.05
3751,13,4,0.0
3751,5,2,0.2
3751,65,3,35.0
3751,56,2,0.2
3752,3,5,0.1
3753,25,1,0.1
3753,28,5,0.0
3753,96,5,0.05
3754,51,4,0.05
3754,32,4,0.1
3754,99,4,0.05
3755,80,1,0.0
3755,8,3,0.2
3755,88,5,0.0
3756,65,3,0.0
3756,46,1,0.1
3757,51,4,0.1
3757,90,2,0.0
3757,98,2,0.0
3757,27,5,0.15
3758,78,5,0.3
3758,5,1,0.0
3758,67,1,16.0
3758,90,3,0.0
3758,36,4,0.05
3759,63,3,0.0
3759,19,4,0.0
3759,64,3,0.05
3760,10,1,0.0
3760,100,1,0.05
3760,35,3,0.1
3761,8,2,0.05
3761,66,3,0.05
3761,65,2,0.0
3761,30,3,0.05
3762,29,4,0.1
3762,60,5,0.15
3762,11,1,0.0
3763,39,5,0.2
3764,28,1,0.05
3764,11,3,0.0
3765,68,5,0.3
3765,40,5,0.05
3765,75,1,0.0
3766,30,3,0.1
3766,25,2,0.15
3766,40,4,0.0
3767,96,-2,0.0
3767,72,1,0.05
3767,30,4,0.0
3767,22,2,0.15
3768,50,2,0.0
3768,99,3,0.15
3769,71,5,0.15
3769,19,1,0.0
3769,57,2,0.05
3770,42,3,0.0
3770,88,1,0.2
3770,44,4,0.0
3771,52,1,0.05
3772,70,4,0.0
3772,34,1,0.0
3773,62,3,0.15
3773,88,1,0.15
3773,43,3,0.0
3774,50,2,0.3
3774,51,4,0.3
3774,23,2,0.3
3775,44,1,0.3
3775,98,3,0.0
3775,5,5,0.2
3776,57,2,0.2
3777,48,2,0.0
3777,66,3,0.0
3778,84,5,0.3
3778,16,4,0.0
3779,53,1,0.15
3780,27,3,0.05
3780,25,4,0.05
3780,37,2,0.15
3780,18,1,2.47
3781,98,1,0.2
3781,89,2,0.0
3781,91,4,0.3
3781,50,3,0.05
3782,93,3,0.1
3782,81,5,0.0
3782,92,2,0.0
3782,86,1,0.05
3783,79,5,0.0
3784,67,4,0.15
3784,52,5,0.2
3785,43,3,0.05
3785,80,1,0.0
3786,22,5,0.0
3786,11,5,0.0
3786,32,3,0.2
3786,22,3,0.0
3786,54,3,5.0
3787,18,2,0.05
3787,70,4,0.2
3787,36,5,0.2
3787,35,4,0.05
3787,70,4,7.0
3788,8,1,0.1
3788,29,3,0.1
3789,70,3,0.2
3789,8,3,0.05
3789,52,4,0.1
3789,56,3,0.15
3790,78,4,0.0
3790,46,5,0.1
3791,67,2,0.0
3791,25,3,0.0
3791,45,5,10.0
3792,45,5,0.3
3792,28,3,0.15
3792,48,5,0.0
3793,77,2,0.2
3793,69,5,0.0
3793,60,2,0.15
3793,17,2,0.3
3794,51,1,0.1
3794,45,1,0.0
3794,93,1,0.0
3794,6,4,0.0
3795,82,5,0.0
3795,61,3,0.15
3796,59,-2,0.0
3796,26,4,35.0
3796,49,4,0.1
3797,66,1,0.3
3797,66,4,0.05
3797,35,2,0.0
3798,22,2,0.1
3798,41,2,0.1
3798,91,2,0.2
3798,55,1,0.05
3799,35,4,0.0
3799,52,5,0.3
3799,32,4,0.05
3800,3,3,0.05
3800,58,4,0.0
3801,28,2,0.15
3801,65,2,0.0
3801,57,4,0.0
3802,80,2,0.3
3802,3,4,0.05
3802,27,3,0.05
3803,15,4,0.1
3803,9,1,0.2
3803,61,2,0.0
3803,27,2,0.0
3804,69,4,0.2
3804,30,3,0.0
3805,2,2,0.0
3805,48,2,0.0
3806,31,5,0.0
3807,61,2,0.3
3807,90,5,0.15
3807,87,4,0.05
3807,64,3,0.2
3808,100,5,0.2
3808,99,3,0.1
3808,58,1,0.1
3809,51,1,0.3
3809,95,1,0.0
3809,65,3,0.3
3810,5,2,0.0
3810,92,4,0.0
3811,22,3,0.3
3811,44,-2,0.0
3811,100,2,0.05
3811,55,3,0.1
3812,26,3,0.05
3813,96,5,0.05
3813,2,1,2.46
3813,50,4,0.1
3814,16,1,0.05
3814,2,1,0.0
3814,49,2,0.0
3815,79,2,0.1
3815,10,1,0.0
3816,60,4,0.15
3816,9,1,0.05
3816,61,5,0.0
3816,18,4,0.05
3817,85,5,0.05
3817,64,1,0.2
3818,13,3,0.05
3818,24,2,0.3
3818,76,4,0.0
3819,81,2,0.3
3819,16,3,0.0
3819,26,1,0.1
3819,34,5,0.2
3820,24,5,0.3
3821,22,1,0.2
3821,24,3,0.0
3821,12,3,0.0
3821,93,2,0.0
3822,37,3,0.2
3822,32,3,0.15
3822,98,3,0.15
3823,94,2,0.3
3823,95,2,32.0
3823,44,2,0.2
3824,29,1,0.0
3824,98,2,0.0
3824,96,4,0.0
3825,93,3,0.0
3825,95,4,0.1
3825,67,3,0.1
3825,7,-1,0.2
3826,18,4,0.0
3826,33,2,0.0
3827,36,5,35.0
3828,42,3,0.15
3828,55,3,0.0
3828,24,3,1.97
3829,48,5,0.0
3829,70,3,0.0
3830,82,3,0.3
3830,43,3,0.3
3830,14,3,0.0
3830,54,5,0.15
3831,64,3,0.2
3831,91,5,0.0
3832,3,1,0.0
3832,79,4,0.3
3832,8,2,0.0
3832,1,3,0.0
3833,67,1,0.0
3833,15,3,0.0
3834,58,1,0.15
3834,84,4,0.05
3834,45,2,0.3
3835,33,3,0.0
3835,89,5,0.05
3835,50,2,0.3
3835,55,1,0.2
3836,42,2,0.1
3836,18,2,0.0
3837,59,2,0.1
3837,1,2,0.1
3838,58,1,0.05
3838,78,2,0.3
3839,42,4,0.0
3839,11,3,0.3
3839,32,2,0.3
3840,42,3,0.0
3840,3,4,0.0
3840,14,3,0.15
3841,3,2,0.15
3841,77,1,0.2
3842,60,5,0.15
3842,29,3,0.0
3843,4,-1,0.05
3843,61,1,0.2
3844,52,1,0.05
3844,67,4,0.3
3844,98,5,0.3
3845,8,4,0.0
3845,69,1,0.15
3846,58,3,0.0
3846,25,5,0.15
3846,54,5,0.0
3847,51,3,0.2
3847,86,2,0.2
3847,18,5,0.15
3848,25,5,0.0
3848,41,2,0.3
3848,69,2,0.1
3848,25,1,0.2
3848,84,3,0.0
3849,32,2,0.15
3849,61,2,0.3
3849,53,1,0.2
3849,40,3,0.0
3850,53,2,0.05
3850,43,4,0.05
3850,85,5,0.2
3850,14,1,0.15
3850,37,5,0.0
3851,66,1,0.05
3851,2,5,0.2
3851,74,2,0.0
3851,5,1,0.0
3852,68,3,0.0
3852,87,4,0.3
3852,8,4,0.0
3852,33,1,0.2
3852,52,3,0.3
3852,76,2,0.3
3853,22,4,0.0
3853,39,4,0.1
3854,39,1,32.0
3855,45,3,0.0
3855,74,4,0.1
3855,16,2,0.0
3856,4,5,0.0
3856,60,4,0.3
3856,39,2,0.3
3856,22,2,0.0
3857,26,5,0.0
3857,38,5,0.15
3858,75,2,0.0
3858,35,4,0.0
3859,91,2,0.0
3859,33,1,0.0
3859,52,1,0.3
3859,89,3,0.05
3860,100,2,0.05
3861,72,1,0.0
3861,42,5,0.1
3861,45,2,0.1
3861,70,1,0.1
3862,27,4,0.1
3862,3,5,37.0
3863,69,3,0.0
3863,41,2,0.0
3863,87,3,0.3
3863,41,3,0.0
3864,66,3,0.05
3864,42,5,0.3
3865,67,2,0.0
3865,50,2,0.15
3865,26,2,0.0
3865,42,5,0.0
3865,93,3,0.05
3865,19,4,0.3
3866,95,3,0.3
3866,22,3,0.0
3866,61,1,0.15
3867,90,5,0.0
3867,19,3,0.3
3867,43,4,0.0
3867,24,3,0.0
3868,19,5,0.0
3868,11,4,0.0
3868,24,4,0.2
3869,81,3,0.0
3869,46,1,0.0
3869,47,5,0.2
3870,82,4,0.2
3870,63,2,0.3
3871,54,3,0.0
3871,59,2,0.1
3871,2,1,0.1
3871,53,4,0.0
3872,60,3,0.0
3872,38,2,0.3
3872,22,1,0.0
3873,23,1,0.05
3873,44,1,0.05
3874,30,4,0.2
3874,32,3,0.15
3874,9,5,40.0
3875,12,2,1.58
3875,63,1,18.0
3876,55,3,0.0
3876,88,4,0.15
3876,4,1,0.0
3876,67,1,0.0
3877,42,2,0.15
3877,56,3,0.0
3877,33,5,0.0
3877,56,1,0.0
3878,90,4,0.2
3879,69,1,0.05
3879,69,3,0.0
3879,84,2,0.0
3880,28,1,0.3
3881,96,2,0.05
3881,58,2,0.0
3881,96,4,0.05
3882,29,3,0.05
3882,68,2,0.0
3883,83,5,0.1
3883,65,2,0.3
3883,46,3,0.0
3884,3,1,0.0
3884,59,3,0.2
3884,9,1,0.05
3885,22,1,0.3
3885,70,3,0.15
3885,37,5,0.05
3886,64,5,0.0
3886,63,2,0.0
3886,100,1,0.15
3886,35,4,0.0
3886,21,5,0.05
3887,19,5,0.0
3887,29,1,0.0
3887,63,5,0.0
3888,34,3,0.05
3888,2,4,0.1
3889,30,1,0.3
3889,4,3,0.1
3889,72,1,0.3
3890,99,2,0.0
3890,84,2,0.3
3890,5,3,0.3
3891,8,4,0.2
3891,35,2,0.15
3891,72,4,0.2
3891,9067,3,0.0
3891,13,4,0.2
3892,13,5,0.3
3892,88,4,0.0
3893,49,5,0.3
3894,89,1,0.0
3894,85,3,0.2
3894,81,5,0.15
3894,34,1,0.3
3895,85,1,0.15
3896,79,3,0.0
3897,53,4,0.15
3897,56,5,0.0
3897,35,2,0.15
3898,43,4,0.15
3898,100,1,0.3
3898,96,4,0.0
3898,79,2,0.15
3898,49,4,0.3
3899,34,5,0.0
3900,17,4,0.0
3900,68,1,0.0
3900,88,2,0.0
3900,50,4,0.1
3901,34,3,0.0
3901,1,1,0.15
3902,73,1,0.0
3902,70,5,0.15
3903,67,5,17.0
3903,19,5,0.0
3903,23,4,0.05
3903,99,5,0.0
3904,36,4,0.2
3904,95,2,0.15
3904,93,4,0.1
3904,2,4,0.0
3905,75,1,0.0
3905,36,2,0.3
3905,71,4,2.23
3906,20,2,0.2
3906,81,4,0.1
3906,9370,4,0.05
3906,99,2,0.0
3907,70,3,0.0
3907,38,3,14.0
3908,31,2,0.1
3909,39,1,0.2
3909,24,1,0.0
3909,17,2,0.3
3909,6,4,0.0
3910,100,5,0.1
3910,30,5,0.05
3910,71,4,0.0
3911,82,4,0.0
3911,68,4,0.0
3911,74,5,0.3
3912,36,2,0.0
3912,46,4,0.05
3913,38,2,0.0
3913,55,5,0.0
3913,53,1,0.0
3913,23,1,0.0
3914,5,1,0.3
3914,58,5,0.0
3914,62,5,0.05
3914,44,1,0.15
3915,39,5,0.2
3915,13,5,0.3
3915,69,1,0.3
3916,75,2,0.05
3916,36,2,0.1
3916,71,1,0.0
3917,59,2,0.05
3918,94,5,0.15
3918,97,5,0.0
3918,75,1,0.0
3918,79,5,0.15
3919,52,5,0.2
3919,79,4,0.0
3919,45,3,0.1
3920,64,2,0.3
3920,57,5,0.15
3920,57,5,2.02
3920,50,3,34.0
3921,100,2,0.0
3921,61,4,0.3
3921,56,1,0.15
3921,46,3,0.15
3921,52,1,0.0
3922,23,1,0.3
3922,30,1,0.15
3922,91,4,0.0
3923,86,5,0.15
3924,71,5,33.0
3924,72,2,0.0
3924,44,1,0.3
3924,24,5,0.2
3924,71,2,0.3
3925,24,5,0.0
3926,75,3,0.0
3926,29,1,0.3
3926,85,5,0.3
3926,75,4,0.0
3926,20,4,0.05
3927,40,5,0.0
3927,59,3,0.3
3927,89,2,0.2
3928,66,4,0.0
3928,20,2,38.0
3928,31,2,0.2
3928,85,1,0.05
3928,7,2,0.0
3929,88,3,0.0
3930,46,5,0.0
3930,12,2,0.3
3931,87,5,0.0
3931,76,3,0.0
3931,35,1,0.0
3932,60,3,0.0
3932,31,2,0.15
3932,90,5,0.2
3933,90,1,0.3
3933,73,3,0.1
3933,96,3,0.05
3934,94,4,0.05
3934,93,5,0.2
3934,24,4,0.2
3935,14,3,0.05
3935,6,4,0.0
3935,98,3,0.05
3935,78,1,0.0
3935,86,1,0.1
3936,89,1,0.1
3936,58,3,0.15
3936,92,4,0.0
3936,90,3,0.1
3937,10,3,0.05
3937,59,5,0.0
3938,44,1,0.0
3938,79,3,0.1
3939,72,1,0.15
3939,24,4,0.0
3939,64,1,0.0
3940,24,2,0.0
3940,22,4,0.0
3940,31,2,0.05
3940,66,2,0.0
3941,9,1,0.1
3941,88,2,0.05
3941,61,2,0.3
3942,41,3,0.0
3942,89,1,0.0
3943,24,4,0.0
3943,29,3,0.05
3943,14,2,0.0
3944,86,4,0.1
3944,1,4,0.0
3944,69,5,0.0
3945,23,4,0.2
3945,3,1,0.1
3946,59,4,0.3
3947,3,4,0.1
3947,52,1,0.3
3947,90,1,0.2
3948,98,1,0.2
3948,37,1,0.0
3948,46,2,0.0
3949,19,5,0.15
3949,44,3,0.3
3949,85,2,0.05
3950,82,4,0.3
3950,58,5,0.2
3950,79,3,0.3
3951,93,4,0.2
3951,61,2,0.0
3951,34,5,0.3
3952,51,1,0.15
3952,42,3,0.2
3952,2,4,0.0
3953,76,1,0.2
3953,63,5,0.05
3953,5,5,0.05
3954,15,2,0.0
3955,31,5,0.0
3955,20,3,0.15
3955,74,3,0.0
3956,71,1,0.2
3957,26,4,0.0
3957,29,2,0.2
3958,65,3,0.1
3958,78,3,0.3
3958,51,2,0.0
3958,95,3,0.0
3959,76,2,0.05
3959,62,1,0.15
3959,92,1,0.2
3960,61,3,0.0
3960,83,1,0.15
3960,13,4,0.1
3960,47,4,0.0
3961,36,5,0.05
3961,5,2,0.1
3961,36,1,0.0
3962,57,4,0.2
3962,17,5,0.2
3963,86,1,0.1
3963,17,4,0.0
3963,50,1,0.2
3963,1,1,0.0
3964,82,4,0.2
3964,32,1,0.0
3964,54,4,0.05
3964,5,3,0.15
3964,4,3,0.0
3964,72,4,0.0
3965,12,1,0.1
3965,50,1,0.0
3966,83,1,0.05
3966,60,4,10.0
3966,23,5,0.0
3967,98,4,0.05
3967,53,2,0.05
3967,73,3,0.1
3968,27,2,0.0
3968,52,4,0.1
3969,68,2,0.1
3969,69,5,0.0
3970,89,2,0.15
3970,80,5,0.15
3970,73,3,0.0
3971,83,4,0.3
3971,44,3,0.15
3971,16,3,0.0
3972,23,5,0.0
3972,44,2,0.3
3973,33,2,0.1
3973,89,2,0.0
3973,100,3,0.2
3974,62,5,0.1
3974,71,2,0.0
3975,32,1,0.3
3975,88,1,0.15
3975,60,4,0.3
3975,42,5,0.05
3976,93,2,0.05
3976,42,3,0.0
3976,77,4,0.2
3977,34,1,0.0
3977,23,4,0.0
3977,56,3,0.1
3977,77,3,0.1
3978,34,2,0.3
3979,95,4,0.1
3979,1,2,0.15
3980,26,2,0.3
3980,25,2,0.1
3980,95,1,0.0
3980,62,2,0.0
3981,86,1,0.2
3981,64,1,0.15
3981,58,3,0.15
3981,73,3,0.15
3982,58,1,0.0
3982,36,1,0.0
3982,56,5,0.2
3983,9026,5,0.2
3983,98,3,0.3
3983,60,2,0.05
3984,22,3,0.15
3984,25,5,0.0
3985,91,3,0.3
3985,16,4,0.15
3985,26,4,0.0
3986,44,1,0.1
3986,43,5,0.1
3986,87,4,23.0
3986,98,2,0.1
3986,62,5,0.1
3986,86,3,0.1
3986,30,5,0.0
3987,74,3,0.15
3987,51,4,0.0
3988,56,4,0.1
3988,29,2,0.15
3988,32,5,0.2
3988,67,5,0.0
3988,34,1,0.05
3989,79,1,0.15
3989,63,5,0.0
3989,67,1,0.05
3990,27,5,0.0
3991,43,4,1.94
3992,85,5,37.0
3992,90,5,0.3
3992,77,1,0.15
3992,51,1,0.05
3993,58,3,0.0
3993,53,3,0.0
3994,48,3,0.0
3994,45,1,0.0
3994,54,4,0.2
3995,93,1,0.0
3995,8,3,35.0
3995,6,5,0.2
3996,1,1,35.0
3996,32,4,0.0
3996,77,1,0.1
3997,79,3,0.0
3997,14,3,0.1
3998,19,3,0.2
3998,80,4,0.2
3998,55,2,0.2
3998,42,1,0.15
3999,5,2,0.3
3999,73,5,0.15
3999,52,2,0.05
4000,12,2,0.2
4000,60,3,0.05
4000,73,5,0.0
4001,61,3,0.15
4001,50,2,0.15
4001,49,5,0.0
4001,41,3,0.1
4002,6,2,0.0
4002,37,2,0.05
4002,99,1,0.3
4003,49,4,5.0
4003,84,3,0.2
4003,94,5,0.15
4004,38,4,0.2
4004,52,5,0.2
4004,91,5,0.0
4005,52,3,0.2
4005,85,5,0.0
4006,56,5,0.2
4007,19,4,0.15
4007,70,4,0.0
4007,49,2,0.2
4008,23,5,0.2
4008,73,1,0.1
4008,91,1,0.0
4009,99,1,0.0
4009,9849,4,0.0
4010,56,2,0.0
4010,57,5,0.2
4010,37,2,0.2
4010,39,1,0.0
4010,95,4,0.05
4011,31,5,0.1
4012,94,4,0.15
4012,90,4,0.0
4012,46,3,0.05
4012,42,4,0.3
4013,78,5,0.2
4013,8,2,0.1
4013,21,5,0.0
4013,48,3,0.15
4013,85,1,0.15
4014,92,1,0.0
4014,61,3,0.05
4014,32,1,0.0
4015,70,1,0.15
4015,43,2,0.15
4015,30,4,0.2
4016,43,3,0.0
4017,94,5,0.0
4017,16,5,5.0
4017,77,2,0.1
4017,9,1,0.15
4017,44,2,0.0
4018,96,2,0.0
4018,66,1,0.3
4018,3,4,0.0
4019,95,5,0.0
4019,4,3,0.0
4019,46,4,0.15
4020,40,5,0.2
4020,10,2,0.3
4020,99,5,27.0
4020,39,2,0.0
4021,99,4,0.0
4021,14,3,0.0
4021,82,3,14.0
4021,55,2,0.1
4021,86,1,0.15
4022,91,1,0.15
4022,45,4,0.3
4022,84,1,0.3
4023,73,4,0.1
4023,97,3,0.15
4023,53,4,0.0
4023,58,3,0.0
4023,24,4,0.1
4024,83,5,0.0
4024,6,1,0.05
4025,14,5,0.3
4025,49,2,0.3
4026,41,1,0.0
4026,97,5,0.0
4026,15,2,0.2
4026,28,2,0.0
4027,70,3,0.05
4027,15,2,0.0
4028,68,5,0.0
4028,22,3,0.15
4029,22,2,0.2
4029,67,3,0.0
4029,69,0,0.0
4029,88,1,0.05
4029,3,1,24.0
4030,99,5,0.0
4030,12,2,0.1
4030,95,2,0.1
4030,65,1,0.05
4030,31,4,0.05
4031,39,5,0.0
4031,16,2,0.2
4031,56,2,0.15
4031,67,1,0.1
4032,49,4,0.3
4032,61,2,0.05
4033,61,2,0.0
4033,65,1,0.15
4033,90,5,0.2
4033,88,1,0.0
4034,39,5,0.05
4034,27,4,0.0
4034,81,2,0.15
4034,43,1,0.1
4035,58,1,0.1
4035,57,4,0.15
4035,12,2,0.15
4035,30,4,0.0
4036,97,5,0.2
4036,9101,1,0.05
4036,76,5,0.2
4036,87,1,0.0
4036,4,2,0.0
4037,7,1,0.0
4037,77,2,0.1
4037,1,2,0.0
4038,84,3,0.15
4038,76,5,0.0
4038,5,1,0.0
4038,26,4,0.3
4039,10,5,0.1
4039,3,1,0.0
4039,95,1,0.05
4040,100,2,0.15
4040,26,4,0.2
4041,7,4,0.1
4041,31,4,0.3
4041,3,5,0.1
4041,94,3,0.0
4042,60,1,0.1
4042,11,2,0.1
4042,80,3,0.1
4042,99,2,0.1
4042,2,1,0.05
4043,45,2,0.15
4043,9,3,0.2
4043,44,4,0.15
4043,44,1,0.0
4044,70,1,0.3
4044,9292,4,0.1
4044,59,4,0.3
4044,62,5,0.1
4044,63,2,0.0
4044,24,1,0.0
4045,17,4,0.0
4045,81,3,0.1
4045,7,5,0.05
4046,23,4,0.3
4046,36,4,0.0
4046,18,5,19.0
4046,35,2,7.0
4046,36,2,0.0
4047,71,5,0.0
4047,6,5,0.05
4047,84,2,0.15
4047,58,1,0.3
4048,33,1,0.0
4048,23,5,0.3
4048,95,4,0.0
4048,19,4,0.0
4049,62,5,0.15
4049,13,2,0.0
4049,48,4,0.0
4049,94,5,0.0
4050,9,5,0.0
4050,65,3,22.0
4050,94,4,0.0
4051,18,1,0.0
4051,38,5,0.0
4052,3,3,0.2
4052,98,4,0.0
4052,72,1,0.2
4053,97,1,0.05
4053,9374,2,0.3
4053,2,2,0.05
4053,37,3,0.0
4054,25,3,0.0
4054,16,1,0.0
4054,38,1,16.0
4055,83,3,0.0
4056,73,1,0.1
4056,69,4,0.3
4056,19,2,0.1
4057,100,5,0.0
4057,79,2,0.05
4057,34,4,0.3
4057,70,4,0.05
4058,28,2,0.3
4058,34,2,0.0
4058,75,2,0.0
4058,74,3,0.0
4059,74,-2,16.0
4059,42,5,0.0
4060,33,4,0.05
4060,61,4,0.0
4060,53,3,0.15
4060,9,2,0.0
4061,37,1,0.0
4061,43,3,0.05
4062,10,2,0.05
4062,36,2,0.0
4062,100,4,0.05
4063,21,1,0.0
4063,85,5,0.0
4063,23,4,0.0
4064,2,3,0.0
4064,22,4,0.15
4065,72,4,0.05
4066,10,3,0.15
4066,47,2,0.0
4067,57,2,0.0
4067,38,3,11.0
4067,82,5,0.2
4068,30,4,0.05
4069,14,5,0.0
4069,32,5,0.0
4069,46,5,0.1
4070,91,3,0.0
4070,44,1,0.0
4070,29,4,0.0
4070,31,2,0.1
4071,54,2,0.3
4071,53,2,0.2
4072,3,4,0.15
4072,84,2,6.0
4072,37,1,0.15
4072,98,3,0.2
4073,88,3,0.0
4073,27,5,0.0
4073,98,5,0.0
4073,38,5,0.0
4074,73,5,0.0
4074,97,4,0.1
4074,13,4,0.0
4074,18,2,0.0
4075,90,1,0.15
4075,51,1,0.0
4075,3,5,0.0
4076,11,4,0.1
4076,11,3,0.0
4076,10,1,0.05
4076,3,4,0.0
4076,89,3,0.0
4077,54,1,0.0
4077,43,-2,0.0
4077,95,1,0.2
4078,83,1,0.2
4079,61,5,0.1
4080,83,4,0.1
4080,37,1,0.2
4080,14,2,0.1
4080,81,3,17.0
4081,66,2,0.2
4081,38,4,0.2
4082,48,4,0.15
4082,76,1,0.0
4082,6,3,0.15
4083,84,3,0.15
4084,36,1,0.3
4084,49,3,0.0
4084,29,5,0.2
4084,35,1,0.1
4084,70,4,0.05
4085,25,5,0.0
4086,86,5,0.3
4086,6,4,0.2
4086,48,2,0.2
4086,41,5,0.0
4086,68,3,0.0
4087,87,5,0.0
4087,23,4,0.05
4087,16,3,0.0
4088,57,5,0.2
4088,17,1,0.0
4088,62,3,0.0
4088,56,5,0.15
4089,52,5,0.0
4089,83,5,0.0
4089,30,1,0.0
4090,11,4,0.0
4090,97,4,0.2
4090,29,2,0.0
4091,11,3,0.05
4091,84,4,0.3
4091,93,5,0.0
4092,54,2,0.3
4092,34,2,0.3
4092,26,1,0.1
4092,82,-1,0.3
4092,9983,4,0.05
4093,29,-1,0.05
4093,58,1,0.1
4094,87,4,0.0
4094,51,2,0.0
4094,49,1,0.0
4094,75,4,0.1
4095,89,4,0.3
4095,48,5,0.1
4095,30,2,0.1
4096,46,4,0.2
4096,56,5,0.3
4096,48,3,0.3
4097,45,5,0.0
4097,99,1,0.0
4097,87,2,0.05
4098,83,2,0.15
4098,68,1,0.0
4098,13,5,0.0
4099,86,5,0.0
4099,40,5,0.3
4099,24,3,16.0
4100,59,5,0.2
4100,94,3,0.15
4100,40,3,0.0
4101,64,3,0.1
4101,21,5,0.0
4101,60,1,0.0
4102,92,2,0.1
4102,17,2,0.3
4103,36,5,0.3
4103,68,2,0.15
4104,53,2,0.3
4104,56,5,0.2
4104,53,2,0.15
4104,47,1,0.1
4105,21,3,0.1
4105,37,3,0.0
4105,89,4,0.3
4105,33,4,0.3
4106,81,4,0.0
4106,81,5,0.0
4106,35,4,0.0
4106,23,1,2.01
4107,56,5,0.2
4108,34,1,0.0
4108,55,3,0.05
4108,47,3,0.05
4108,89,4,0.0
4109,7,5,0.0
4109,90,5,0.3
4109,22,5,0.0
4109,54,5,0.0
4110,19,1,0.15
4110,61,3,0.1
4110,8,1,0.0
4110,25,3,0.05
4111,31,4,0.3
4111,43,2,0.0
4111,13,1,0.3
4111,81,5,17.0
4111,47,5,20.0
4112,80,1,0.0
4112,45,5,0.2
4113,86,2,0.0
4113,5,3,0.15
4114,69,2,0.05
4114,25,3,0.2
4114,31,4,0.05
4114,41,3,0.2
4114,40,3,0.1
4115,19,2,0.0
4115,19,2,0.15
4115,67,1,0.15
4115,8,1,0.1
4115,54,1,0.1
4115,2,3,0.0
4116,96,2,0.15
4117,21,5,0.0
4118,34,2,0.2
4118,83,4,0.3
4119,36,3,0.0
4119,65,4,0.2
4119,100,2,0.0
4120,8,2,0.05
4120,57,5,0.0
4120,8,2,0.0
4121,96,3,0.0
4121,46,5,0.05
4121,30,1,0.0
4122,64,5,0.1
4122,94,4,0.0
4122,68,2,0.0
4122,90,5,0.0
4123,60,2,0.0
4123,40,5,0.05
4123,15,2,0.0
4123,27,3,0.0
4124,46,5,0.3
4124,16,5,15.0
4124,55,3,0.0
4125,53,3,0.3
4125,14,3,0.15
4125,24,1,0.3
4126,87,2,0.3
4126,32,2,0.2
4127,67,4,39.0
4128,57,3,0.0
4128,28,2,0.3
4128,71,3,0.2
4128,19,5,0.0
4129,84,5,0.2
4129,50,2,0.05
4129,75,1,0.15
4130,19,2,0.0
4130,97,1,0.0
4130,23,1,0.0
4131,98,2,0.0
4131,31,2,0.2
4131,52,4,0.1
4131,91,4,0.05
4132,80,3,0.0
4132,74,3,0.0
4132,97,5,0.3
4132,21,4,0.3
4132,79,3,0.05
4132,93,1,0.2
4133,58,2,0.0
4133,69,1,0.3
4133,93,3,0.0
4134,79,2,0.15
4134,27,1,0.3
4135,29,2,0.1
4136,83,1,0.05
4136,8,5,0.0
4136,68,3,0.0
4137,5,2,0.2
4138,1,1,0.0
4138,33,2,0.2
4138,48,3,0.2
4139,73,5,0.15
4139,78,4,0.3
4139,60,1,15.0
4140,89,3,0.0
4140,67,4,0.1
4140,24,2,0.2
4141,28,2,0.3
4141,88,4,0.15
4141,44,5,0.0
4141,19,3,0.0
4142,11,3,0.2
4142,8,5,0.0
4142,88,4,0.05
4142,79,1,0.0
4143,79,3,0.05
4143,18,3,1.62
4143,45,5,0.3
4144,25,4,0.15
4144,87,1,0.0
4144,99,5,0.2
4145,25,4,0.15
4145,79,2,0.0
4146,65,1,0.0
4146,34,3,0.0
4146,76,1,0.1
4146,69,5,0.0
4147,13,5,0.0
4147,25,5,0.2
4147,22,5,0.15
4148,13,2,0.0
4148,97,5,0.05
4149,80,1,0.05
4149,78,5,0.15
4150,86,4,0.3
4150,67,5,0.2
4150,90,4,0.15
4151,18,5,0.2
4151,78,5,0.0
4152,55,4,0.1
4152,65,1,0.0
4152,100,1,0.1
4153,92,2,0.3
4153,81,2,1.87
4153,62,3,0.0
4153,69,2,0.0
4153,99,4,0.15
4154,67,4,0.2
4154,33,5,0.15
4154,55,2,0.1
4155,2,5,0.0
4155,62,3,0.3
4156,81,5,0.1
4156,15,5,0.2
4156,24,2,0.0
4156,13,2,0.3
4157,69,3,0.15
4157,9091,5,0.2
4157,75,3,2.1
4157,94,4,0.1
4157,22,2,0.0
4157,72,4,0.05
4158,66,4,0.0
4158,11,4,0.3
4158,90,3,0.0
4159,98,4,0.15
4159,70,1,0.0
4159,52,2,0.0
4160,57,1,24.0
4160,8,4,0.05
4160,60,4,0.2
4161,35,5,0.2
4161,14,3,0.15
4161,84,2,34.0
4161,26,4,0.15
4161,95,2,0.0
4162,90,1,0.0
4163,69,5,19.0
4164,40,3,0.2
4165,42,4,0.0
4165,5,2,13.0
4165,64,4,0.3
4166,29,1,0.05
4166,16,4,0.0
4166,53,3,0.0
4167,40,3,0.2
4167,18,2,0.2
4167,95,5,0.15
4168,39,5,0.0
4168,31,5,0.0
4169,25,2,0.0
4169,37,3,0.0
4169,40,2,0.15
4169,54,2,0.2
4170,71,5,0.2
4170,93,1,0.2
4170,30,1,0.1
4171,23,4,0.15
4171,100,5,0.0
4172,27,4,0.0
4173,17,2,0.3
4173,28,3,0.3
4173,40,1,0.2
4174,48,4,0.2
4174,87,5,0.0
4174,91,0,0.0
4174,89,3,0.0
4174,9,2,0.3
4175,6,3,9.0
4175,24,4,0.0
4176,32,4,0.0
4176,46,4,0.1
4176,73,1,0.2
4176,7,2,0.15
4177,94,1,0.0
4177,81,4,0.15
4177,30,4,0.2
4178,62,1,0.3
4178,91,4,0.2
4178,29,2,0.3
4179,57,1,0.0
4179,85,2,0.3
4179,6,1,35.0
4180,47,3,0.0
4181,91,2,0.0
4181,89,4,0.3
4181,47,3,0.05
4181,15,3,0.3
4182,90,4,0.15
4183,34,2,0.05
4183,17,1,0.05
4183,77,5,0.05
4183,88,3,0.0
4183,4,3,0.05
4184,7,2,0.0
4184,21,1,0.05
4184,2,1,0.15
4184,22,3,0.2
4185,21,5,22.0
4185,76,1,0.1
4185,46,1,0.0
4185,72,5,0.0
4186,9,4,0.05
4186,86,3,0.0
4186,96,5,0.15
4187,12,1,0.1
4187,7,1,0.1
4188,60,4,0.2
4188,42,1,0.1
4188,48,4,0.0
4188,41,3,0.15
4189,82,4,0.15
4189,55,4,0.05
4189,5,5,0.15
4190,53,4,0.2
4190,40,4,0.3
4191,91,5,0.05
4191,97,3,0.2
4191,96,2,0.05
4191,3,5,22.0
4192,91,4,10.0
4192,96,3,0.15
4192,90,5,0.1
4193,9114,2,0.15
4193,37,5,0.3
4193,58,4,0.0
4194,11,1,0.0
4194,84,1,0.05
4194,80,3,0.3
4194,56,1,0.3
4195,31,3,0.15
4195,78,3,0.0
4195,62,5,0.05
4196,7,3,0.2
4197,65,1,2.81
4197,51,5,0.0
4197,34,5,0.0
4197,96,5,18.0
4197,62,4,0.15
4198,96,3,0.15
4198,55,3,0.0
4198,36,4,0.0
4199,41,3,0.15
4199,75,5,0.0
4200,5,2,0.05
4201,60,2,0.05
4201,78,4,0.0
4201,56,2,0.2
4202,9,4,0.3
4202,21,3,0.05
4202,94,2,0.05
4203,9,2,0.0
4203,86,3,0.05
4204,28,1,0.1
4204,50,3,0.0
4204,58,3,2.14
4205,29,3,0.3
4205,85,5,0.1
4206,68,2,0.0
4206,75,2,0.2
4206,21,3,0.2
4207,92,4,0.0
4208,9,-1,0.3
4208,1,5,0.1
4208,11,4,2.49
4209,81,3,0.2
4209,72,1,0.0
4210,51,1,0.05
4210,43,5,0.0
4210,87,5,0.05
4210,20,5,0.1
4210,76,3,0.05
4211,74,5,0.1
4211,24,1,0.2
4211,22,4,0.0
4212,4,1,0.0
4212,99,2,0.3
4212,77,1,0.2
4213,25,2,0.3
4213,25,5,0.1
4213,28,3,0.05
4214,48,2,14.0
4214,40,5,0.0
4214,48,2,0.2
4214,48,5,0.0
4214,42,4,29.0
4215,15,2,0.05
4215,29,3,0.2
4215,52,3,0.3
4216,49,2,0.0
4216,85,4,0.1
4216,79,1,0.0
4216,75,4,0.3
4216,73,3,0.0
4217,9014,5,0.0
4217,40,5,0.2
4217,40,2,0.0
4218,29,1,0.2
4218,14,4,0.0
4219,84,4,0.0
4219,40,1,0.0
4219,59,4,0.1
4220,63,2,0.0
4220,97,2,0.05
4220,91,2,0.3
4220,97,5,25.0
4221,17,4,0.1
4221,12,4,0.1
4221,97,1,0.1
4222,92,4,0.3
4222,11,1,0.15
4223,46,3,0.15
4223,17,3,0.0
4223,40,4,0.0
4223,19,2,0.0
4224,94,5,0.0
4224,10,4,0.0
4224,43,4,0.0
4224,2,3,0.15
4224,2,4,0.05
4225,25,5,0.3
4225,45,2,0.0
4225,50,4,0.0
4225,18,5,0.0
4225,53,1,0.0
4225,47,-1,0.2
4226,27,1,0.1
4226,3,3,0.05
4226,46,5,0.1
4227,44,5,0.05
4227,46,2,0.0
4227,66,3,0.0
4228,71,5,0.05
4228,44,4,0.15
4229,84,1,0.15
4229,90,1,0.05
4230,87,1,0.2
4230,28,1,0.15
4231,41,5,0.0
4231,80,2,0.0
4231,17,3,0.05
4231,44,4,0.05
4232,16,5,0.2
4232,35,3,0.05
4233,19,2,0.0
4233,99,4,0.15
4233,88,1,0.3
4233,66,1,0.15
4233,79,1,0.1
4234,99,2,0.15
4234,61,4,0.1
4234,2,3,0.2
4235,96,4,0.0
4235,34,2,0.0
4235,96,4,0.05
4235,18,5,0.05
4236,76,4,0.0
4236,99,2,0.2
4236,56,1,0.05
4237,18,5,0.3
4237,3,5,0.0
4237,95,2,0.0
4237,86,1,0.05
4237,70,3,0.0
4237,83,2,0.1
4238,67,5,0.1
4238,97,4,0.1
4238,5,1,0.05
4238,21,2,0.15
4239,97,1,0.1
4239,17,2,0.0
4239,76,4,16.0
4240,91,1,0.0
4240,45,2,0.0
4241,45,2,0.0
4241,73,1,0.3
4242,49,1,0.05
4242,59,3,0.1
4242,59,3,0.2
4243,48,4,0.3
4243,99,1,0.0
4243,68,2,0.0
4243,6,5,0.0
4244,58,4,0.0
4244,90,2,0.0
4244,72,5,0.3
4245,49,1,0.1
4245,20,5,0.05
4246,55,2,0.2
4246,44,2,0.2
4246,38,2,0.0
4246,12,3,0.1
4246,52,3,0.3
4247,3,4,0.0
4247,4,3,0.2
4247,97,2,0.15
4247,20,2,0.0
4248,94,1,0.15
4248,78,1,0.2
4248,84,5,0.0
4248,83,3,0.15
4249,4,1,0.0
4250,69,2,0.0
4250,56,5,0.05
4251,23,5,0.0
4252,47,5,0.0
4252,94,1,0.05
4253,73,5,0.3
4253,47,2,0.0
4253,58,1,0.05
4253,79,3,0.0
4254,12,2,0.2
4254,94,3,0.15
4254,13,2,0.05
4255,67,2,0.15
4255,11,1,0.3
4255,28,4,0.0
4255,96,3,0.0
4256,26,3,0.2
4257,5,1,0.0
4258,85,5,0.05
4258,56,1,0.0
4258,3,3,0.05
4259,37,1,0.0
4259,53,2,0.15
4259,32,1,0.1
4260,91,1,0.1
4260,48,2,29.0
4261,22,2,25.0
4261,94,2,0.15
4261,49,1,0.0
4261,92,2,0.0
4262,78,3,0.1
4262,74,3,0.3
4262,38,2,0.05
4262,67,1,0.0
4263,4,4,0.2
4263,33,1,0.2
4263,27,5,0.1
4263,62,2,0.0
4264,59,1,0.15
4264,62,4,0.15
4265,92,3,0.1
4265,24,5,0.2
4265,16,3,0.0
4265,38,3,0.2
4266,1,1,0.05
4266,25,0,0.0
4266,70,5,0.3
4266,17,4,0.05
4266,42,2,0.0
4266,100,3,0.0
4266,54,3,0.3
4267,22,4,0.0
4267,95,2,0.0
4267,80,2,0.05
4267,8,5,0.0
4268,51,5,0.3
4268,85,4,0.0
4268,8,1,0.0
4268,91,2,0.15
4268,69,3,0.0
4269,53,5,0.2
4270,4,2,0.1
4270,60,3,0.1
4270,9,2,0.3
4270,16,1,0.05
4271,92,5,0.3
4271,43,2,0.0
4272,54,1,0.0
4272,86,1,0.2
4272,73,4,0.2
4272,73,1,0.1
4273,46,2,0.3
4273,15,2,0.15
4273,98,2,0.3
4273,41,4,0.2
4274,68,3,0.15
4274,26,4,0.3
4274,61,3,0.05
4274,13,3,0.0
4275,15,1,0.3
4275,74,2,0.05
4275,9,1,0.05
4275,6,4,0.05
4276,80,5,0.05
4276,65,5,0.0
4276,41,2,0.2
4277,12,1,0.3
4277,88,4,0.15
4277,14,5,0.2
4277,92,1,0.3
4278,52,3,0.1
4278,15,4,0.2
4278,46,2,0.3
4279,70,4,0.0
4280,66,1,0.2
4280,22,4,0.2
4280,74,1,0.15
4280,85,5,0.3
4281,70,2,0.0
4281,10,2,0.0
4281,66,3,0.0
4282,60,4,0.0
4282,88,3,0.05
4283,96,3,0.2
4283,92,3,0.0
4283,31,5,0.0
4283,81,1,0.0
4284,36,5,0.2
4284,24,3,0.0
4285,16,2,0.0
4285,29,5,0.05
4285,43,5,0.05
4286,48,3,0.0
4286,71,4,0.1
4286,6,2,0.3
4287,71,4,0.15
4287,48,1,0.15
4287,80,1,0.2
4288,80,4,0.1
4289,49,1,2.0
4289,28,2,0.2
4290,83,4,0.0
4290,52,2,0.0
4291,28,5,0.1
4292,41,1,0.1
4292,86,5,0.15
4293,6,5,0.15
4293,95,4,0.1
4293,36,1,0.3
4294,79,1,0.15
4294,59,1,0.2
4294,66,2,0.2
4295,91,2,0.0
4295,95,5,0.15
4295,69,2,0.05
4295,2,1,0.2
4296,9,3,0.05
4296,61,4,0.0
4297,63,3,0.0
4297,67,3,0.0
4298,99,3,0.3
4298,80,2,0.3
4299,65,2,0.15
4299,58,4,0.0
4299,42,3,0.0
4299,3,4,0.05
4300,42,5,0.1
4300,2,5,0.0
4301,78,1,0.3
4302,49,5,0.0
4303,5,3,1.69
4303,23,5,0.0
4303,55,4,0.0
4303,62,5,0.15
4304,7,2,0.05
4304,43,1,0.0
4304,75,4,0.0
4305,12,5,0.0
4305,98,3,0.2
4305,83,2,0.2
4305,74,2,0.2
4306,38,5,0.0
4306,64,3,0.1
4306,61,1,2.18
4307,3,3,0.3
4307,68,4,0.0
4308,23,2,30.0
4308,77,2,0.0
4308,67,2,0.1
4309,76,5,0.2
4309,1,2,0.0
4309,87,4,0.05
4309,7,5,0.2
4310,73,5,0.0
4310,92,4,0.1
4310,6,4,0.0
4310,73,5,0.0
4310,76,5,0.2
4311,38,2,0.0
4311,36,4,0.15
4311,54,4,0.1
4311,3,3,0.15
4312,100,2,0.3
4312,85,5,0.1
4312,61,1,0.0
4313,29,1,0.05
4313,84,3,0.05
4313,27,4,0.3
4314,55,1,0.0
4315,66,2,0.0
4315,55,4,0.0
4316,38,2,0.0
4316,75,5,0.3
4316,91,5,0.3
4317,42,2,0.0
4317,68,1,14.0
4317,14,3,0.1
4317,80,3,0.2
4317,45,4,0.0
4317,46,2,0.0
4318,60,2,26.0
4318,15,1,0.1
4318,86,2,0.05
4318,37,5,0.3
4319,2,4,0.2
4319,6,2,0.0
4319,32,4,0.3
4319,19,5,0.3
4320,17,5,0.05
4320,39,2,0.0
4321,55,2,0.2
4321,37,1,0.3
4321,35,2,0.0
1601,70,1,0.0
1601,98,2,0.15
1601,50,3,17.0
1601,68,5,0.2
4323,76,5,0.05
4323,15,1,0.3
4323,76,5,0.0
4323,7,5,12.0
4324,86,5,0.0
4324,50,4,0.2
4324,57,3,0.0
4325,45,4,0.0
4325,67,1,20.0
4325,93,2,0.15
4326,25,5,0.0
4326,11,4,0.05
4326,9,2,0.1
4326,27,5,0.1
4327,71,1,2.59
4327,13,5,0.2
4327,51,3,0.2
4327,97,5,0.3
4328,84,5,0.2
4329,66,5,0.0
4329,54,3,0.0
4329,66,5,0.0
4330,54,5,0.0
4330,42,4,0.3
4330,30,2,0.15
4330,72,5,19.0
4331,76,5,0.1
4331,40,2,0.3
4331,10,1,9.0
4331,90,5,0.15
4332,65,5,0.05
4332,11,5,0.05
4332,90,1,0.3
4333,3,3,0.3
4333,65,3,0.2
4333,85,4,0.15
4334,53,4,0.0
4334,51,3,0.2
4334,4,1,0.0
4335,90,5,0.0
4335,48,3,0.05
4335,14,4,0.15
4335,27,4,0.0
4335,10,5,0.0
4336,42,2,0.0
4337,42,4,0.2
4337,96,3,2.09
4337,31,5,0.0
4337,35,4,0.0
4337,82,2,0.3
4338,99,3,0.0
4338,93,1,0.2
4339,27,3,0.05
4340,80,1,0.3
4340,72,2,0.0
4340,35,1,0.2
4341,38,3,0.3
4341,58,2,0.05
4341,100,5,0.0
4341,61,3,0.05
4342,26,5,0.0
4343,20,3,0.0
4343,60,2,0.0
4343,60,5,0.0
4343,41,5,0.0
4343,36,5,0.2
4343,38,5,0.2
4344,83,2,0.0
4344,91,4,0.3
4344,64,5,0.05
4345,56,1,0.15
4345,59,3,0.2
4345,84,5,0.1
4345,39,4,0.3
4346,73,3,0.2
4346,11,2,0.0
4346,9661,5,0.0
4347,97,2,0.2
4347,41,1,0.3
4348,45,5,0.05
4348,98,1,0.15
4348,45,1,0.15
4349,100,3,0.15
4349,66,5,0.0
4349,59,4,0.15
4349,81,5,0.2
4350,82,5,0.2
4350,29,1,0.3
4350,71,1,0.0
4350,14,1,0.15
4350,43,3,0.15
4351,31,4,0.0
4351,46,2,0.05
4351,79,2,0.0
4352,75,3,0.0
4352,34,5,12.0
4352,50,4,0.3
4352,87,4,0.05
4353,45,5,0.15
4353,100,2,0.0
4353,88,1,0.15
4353,77,2,0.0
4353,39,4,0.3
4354,8,2,0.0
4354,11,5,0.2
4354,41,4,0.0
4355,100,5,0.0
4355,10,1,0.2
4355,36,3,0.0
4356,40,1,0.1
4356,68,2,0.0
4356,59,4,0.0
4356,56,2,0.2
4357,16,1,0.15
4357,4,1,0.05
4358,1,1,0.0
4358,53,-1,0.0
4358,95,4,0.2
4358,35,2,0.0
4358,94,2,0.0
4359,64,2,0.2
4359,30,3,36.0
4359,63,1,11.0
4360,37,5,0.3
4360,57,5,0.05
4360,96,5,0.2
4360,20,2,12.0
4360,57,1,0.0
4360,43,5,0.0
4361,8,2,0.1
4361,94,2,0.1
4361,30,2,0.0
4362,1,5,0.3
4362,1,3,0.0
4362,83,4,0.1
4363,15,4,0.05
4363,75,4,0.3
4363,35,3,0.1
4364,54,4,0.05
4365,36,2,0.05
4365,82,4,0.05
4365,89,5,0.0
4365,62,5,0.2
4366,24,1,0.05
4366,38,3,0.0
4366,75,4,0.0
4366,4,3,0.15
4367,83,5,18.0
4367,87,5,0.0
4367,55,2,0.2
4368,83,1,0.1
4368,34,5,0.05
4368,78,5,0.1
4368,40,3,0.2
4369,67,3,0.0
4370,69,4,0.0
4370,36,5,0.3
4370,87,4,0.0
4370,57,2,0.0
4371,5,4,0.0
4371,97,5,0.0
4371,58,1,0.15
4372,29,3,0.0
4372,19,1,0.0
4372,8,5,0.0
4372,75,3,0.15
4372,37,2,0.3
4373,85,1,0.0
4373,80,3,0.3
4373,97,5,0.1
4374,67,1,0.2
4374,98,4,0.05
4374,47,3,0.05
4375,83,3,0.05
4375,25,2,0.05
4375,51,4,6.0
4375,40,3,0.15
4375,84,1,0.1
4375,84,2,0.0
4376,32,5,0.0
4377,91,1,0.15
4377,76,2,0.0
4377,63,2,0.0
4378,96,3,0.0
4379,19,1,0.15
4379,80,5,0.2
4380,39,2,0.3
4380,76,2,0.05
4380,91,2,0.0
4380,46,1,0.0
4381,23,1,0.05
4381,27,3,0.2
4382,49,5,0.3
4382,58,4,0.15
4382,48,1,0.15
4383,81,3,0.0
4383,17,2,0.15
4384,4,1,0.0
4384,84,3,0.0
4384,85,4,0.0
4384,84,3,0.0
4385,18,2,0.0
4385,100,2,0.0
4386,10,2,0.0
4386,15,2,0.0
4386,22,3,0.2
4386,93,4,0.0
4387,17,4,0.0
4387,71,1,0.15
4387,62,3,0.05
4387,93,4,35.0
4388,87,1,0.0
4389,70,5,0.0
4389,22,2,0.0
4389,52,3,0.1
4389,46,4,0.2
4390,80,4,0.2
4390,78,3,0.05
4391,77,5,0.0
4391,14,1,0.0
4391,5,2,0.05
4392,50,2,0.0
4392,77,5,0.0
4393,62,4,0.2
4393,99,2,0.0
4394,67,4,0.0
4394,55,3,0.0
4395,89,1,0.0
4395,55,2,0.2
4395,20,2,0.05
4396,1,2,0.1
4396,49,2,0.0
4396,74,4,0.0
4396,31,5,0.0
4397,98,2,0.2
4397,100,4,0.15
4397,82,1,0.15
4398,46,2,0.05
4398,78,2,0.0
4399,70,5,0.3
4399,13,4,0.05
4400,7,5,0.1
4400,64,5,0.05
4400,46,3,0.05
4400,100,5,0.0
4401,90,4,0.0
4401,33,5,0.0
4402,12,3,0.15
4403,70,4,0.1
4403,66,5,0.0
4403,50,3,0.0
4404,72,5,0.2
4404,81,2,0.05
4404,11,3,0.0
4404,95,4,0.0
4404,30,3,0.0
4405,81,3,0.0
4405,70,3,0.0
4406,17,5,0.0
4406,60,1,0.0
4407,26,3,0.1
4407,43,3,0.05
4408,39,4,0.0
4408,52,4,0.0
4409,74,5,0.0
4409,31,4,0.0
4409,87,5,0.0
4410,45,3,0.3
4410,43,4,0.05
4410,42,2,0.2
4410,24,1,0.1
4411,32,2,0.1
4411,38,4,0.15
4411,96,2,0.05
4412,31,1,0.05
4412,63,3,0.3
4413,77,3,0.15
4413,35,4,0.3
4413,31,3,0.0
4414,67,2,0.05
4414,1,5,0.15
4414,68,4,0.05
4415,88,1,0.05
4416,15,1,0.0
4416,11,0,0.3
4416,15,5,0.0
4417,47,3,0.05
4417,21,2,0.0
4417,18,3,0.0
4417,16,5,0.0
4417,45,4,0.0
4418,2,1,0.2
4418,19,3,0.0
4418,52,3,0.0
4419,3,5,0.1
4419,10,4,0.2
4419,82,2,0.0
4419,31,3,0.0
4420,74,5,0.2
4420,49,2,0.1
4421,20,2,0.05
4421,15,2,0.0
4421,43,1,0.3
4422,86,5,0.15
4422,33,2,0.05
4423,39,4,0.1
4423,48,4,0.0
4423,96,1,0.0
4424,82,2,0.0
4424,6,4,0.3
4424,19,1,0.0
4425,65,4,0.05
4425,62,4,0.0
4425,72,4,0.0
4425,98,4,0.05
4425,9408,5,0.3
4425,26,0,0.1
4426,29,2,0.05
4426,26,4,0.0
4426,38,1,0.3
4426,90,2,0.0
4427,7,5,0.0
4427,6,5,0.05
4427,9443,1,0.0
4428,29,3,0.0
4428,36,2,0.15
4428,35,3,0.0
4428,28,1,0.0
4429,2,2,0.1
4429,4,5,0.3
4429,29,5,0.0
4430,27,1,0.3
4430,8,1,0.3
4430,14,3,0.15
4430,65,3,0.1
4430,79,4,0.0
4430,64,4,0.2
4430,43,5,0.0
4431,80,4,0.0
4431,43,2,0.15
4431,17,1,0.15
4432,18,4,0.15
4432,36,1,2.35
4432,95,4,0.1
4432,18,3,0.0
4433,74,3,0.1
4434,83,4,0.1
4434,53,4,0.05
4434,57,4,0.0
4434,43,2,0.3
4435,100,5,0.0
4435,86,1,0.0
4435,4,2,0.2
4435,3,3,0.0
4436,41,1,0.3
4436,9615,5,0.15
4437,39,4,0.15
4437,68,3,0.0
4438,7,5,0.05
4438,11,2,0.05
4438,82,5,0.0
4438,61,5,0.15
4438,1,5,0.3
4439,92,4,0.0
4439,10,2,0.0
4439,81,3,0.15
4440,65,2,0.2
4440,95,3,37.0
4441,60,1,0.1
4441,16,4,0.1
4441,97,2,1.58
4442,74,3,0.0
4442,21,4,0.2
4442,61,4,0.05
4442,43,3,0.05
4442,19,1,0.15
4443,37,1,0.3
4444,54,4,0.2
4444,74,3,0.05
4445,39,1,0.0
4445,81,3,0.05
4445,93,5,0.0
4446,39,3,0.2
4446,21,5,0.3
4446,69,3,0.0
4447,43,2,0.0
4447,2,4,0.0
4447,91,2,0.05
4448,83,4,0.2
4448,2,3,0.2
4449,2,1,0.3
4449,9,4,0.3
4449,85,3,0.0
4450,50,1,0.05
4450,66,3,0.2
4450,83,2,0.3
4451,49,5,0.0
4451,77,1,0.05
4451,9934,3,0.3
4451,62,3,0.3
4451,21,2,0.0
4452,72,3,0.05
4452,54,4,0.05
4453,94,2,0.0
4453,30,1,0.05
4453,49,5,0.3
4453,48,1,0.0
4453,34,2,0.05
4454,29,5,2.13
4454,35,5,0.0
4454,77,4,0.15
4455,33,3,0.0
4455,32,3,0.3
4455,44,4,0.15
4455,70,5,0.2
4455,82,4,0.3
4456,26,1,0.0
4456,79,5,0.15
4456,78,3,0.0
4457,43,5,0.15
4457,68,4,0.2
4457,46,5,0.0
4458,11,1,0.2
4458,9,5,0.2
4458,47,2,0.0
4459,70,1,0.0
4459,1,2,0.05
4459,69,1,0.05
4459,44,5,0.1
4460,8,3,0.0
4461,82,4,0.0
4461,55,2,0.0
4461,72,1,0.2
4461,65,5,0.15
4462,65,3,0.2
4462,30,3,0.0
4462,34,4,0.3
4463,60,5,0.2
4463,30,2,0.2
4463,17,2,0.0
4463,76,4,0.0
4464,6,4,0.15
4464,58,4,0.05
4464,62,1,0.1
4465,9802,4,0.2
4465,87,4,0.2
4466,17,4,0.0
4466,95,1,0.1
4467,25,1,0.0
4467,82,4,0.3
4467,14,2,0.0
4467,95,3,0.3
4468,21,1,0.0
4468,45,1,9.0
4468,73,5,0.15
4468,44,3,0.0
4469,80,4,0.1
4469,83,2,0.1
4469,55,2,0.0
4470,79,2,0.05
4470,17,1,0.3
4470,63,5,0.15
4471,72,2,0.0
4471,60,3,0.15
4471,58,1,0.2
4471,40,3,0.0
4472,63,3,0.0
4472,81,1,0.05
4473,79,3,0.1
4473,60,5,10.0
4473,40,1,0.05
4473,99,4,0.0
4474,9,1,0.3
4474,8,5,0.15
4474,53,2,0.15
4474,90,1,0.15
4475,99,4,0.0
4475,84,4,0.05
4475,91,1,0.0
4476,38,2,0.15
4476,67,4,0.0
4476,52,3,0.3
4476,85,4,0.15
4476,64,3,27.0
4476,43,1,0.3
4477,9053,1,0.2
4477,6,5,0.3
4477,92,1,0.2
4477,33,2,0.1
4477,7,5,0.0
4478,44,1,0.05
4478,92,4,0.2
4478,84,5,0.3
4478,9619,2,0.0
4478,57,2,0.2
4479,74,3,0.0
4479,86,5,0.1
4480,32,5,0.2
4480,23,5,0.0
4480,44,5,0.05
4480,47,3,0.2
4481,29,1,0.0
4481,86,5,0.3
4481,73,5,0.0
4481,96,3,0.3
4482,19,2,0.0
4483,6,1,0.05
4484,65,1,0.0
4484,37,3,0.15
4484,37,2,0.05
4484,74,3,0.0
4485,73,5,0.2
4485,93,5,0.05
4485,77,5,0.15
4485,82,5,0.0
4486,28,5,0.15
4486,49,0,0.0
4486,68,3,0.05
4486,14,4,1.62
4486,35,1,0.15
4487,18,3,0.05
4487,44,4,0.0
4487,25,1,0.1
4487,60,2,0.1
4487,30,1,0.15
4488,15,4,0.2
4488,71,3,0.15
4488,44,5,0.0
4489,15,4,0.3
4489,9429,2,0.05
4489,37,5,0.3
4489,32,1,0.2
4489,2,1,0.1
4489,64,1,0.0
4490,40,3,0.3
4490,6,3,0.0
4490,3,4,0.1
4490,32,5,0.3
4491,25,4,0.3
4491,57,4,0.2
4491,93,3,0.0
4491,28,3,0.0
4491,40,2,0.0
4491,63,1,0.0
4492,39,1,0.3
4492,7,4,0.15
4492,98,4,0.0
4493,26,4,0.15
4493,24,3,0.0
4493,9072,5,0.3
4494,83,1,29.0
4495,59,5,0.1
4495,81,4,0.0
4496,86,3,23.0
4496,31,2,0.3
4497,59,4,0.0
4497,14,3,0.05
4498,76,3,0.05
4498,51,5,0.0
4499,47,5,0.0
4499,39,1,0.0
4500,94,5,12.0
4500,58,1,0.2
4500,63,1,0.2
4500,27,4,0.15
4501,72,4,0.05
4501,40,1,0.1
4502,4,1,0.2
4502,99,5,0.0
4503,13,2,0.3
4503,49,2,0.0
4503,10,5,0.0
4503,100,4,0.05
4503,17,3,6.0
4504,20,2,0.2
4504,79,4,0.15
4504,68,2,0.15
4505,78,5,0.15
4505,100,4,0.0
1842,30,5,0.0
1842,50,3,0.0
4507,14,3,0.0
4507,58,4,0.3
4507,2,5,0.0
4507,42,2,0.15
4508,31,3,0.0
4508,30,4,0.15
4509,65,4,0.0
4509,16,4,0.0
4509,32,1,0.0
4510,74,2,0.0
4510,79,2,0.1
4511,59,3,0.2
4512,12,3,0.1
4512,78,3,0.0
4512,3,1,0.2
4513,95,1,0.0
4513,32,3,0.0
4513,96,5,0.0
4514,19,1,0.0
4514,88,1,0.1
4514,48,2,0.0
4514,15,3,0.0
4514,45,-1,0.0
4515,95,3,0.1
4515,46,1,0.0
4515,11,5,0.3
4515,60,4,0.1
4515,78,3,0.0
4516,77,1,0.0
4516,75,2,0.15
4517,89,5,0.3
4517,6,4,0.0
4517,41,2,0.15
4518,46,5,0.0
4518,39,1,0.05
4518,95,3,0.0
4519,49,1,0.1
4519,35,4,0.0
4519,48,3,27.0
4520,87,4,0.0
4520,1,1,0.1
4521,94,2,0.2
4521,76,2,0.0
4521,36,5,0.2
4521,9,1,0.0
4522,97,4,0.05
4522,14,1,0.3
4523,9581,3,0.05
4523,19,2,0.0
4524,28,5,0.2
4524,3,5,0.0
4524,21,2,0.05
4524,70,1,0.0
4524,66,4,0.0
4525,93,4,0.0
4525,24,2,0.0
4526,53,1,0.0
4526,23,4,0.1
4526,45,4,0.0
4527,56,2,0.15
4527,79,1,0.0
4528,74,5,0.0
4528,60,1,0.15
4529,7,5,0.0
4529,30,1,0.3
4530,47,3,0.15
4530,67,5,0.2
4531,13,2,0.15
4531,15,2,0.15
4531,95,5,0.0
4531,73,2,0.0
4532,58,1,0.05
4532,19,5,0.15
4533,93,1,0.0
4533,82,5,0.15
4533,40,3,0.2
4534,20,2,0.2
4534,99,3,0.0
4534,94,3,0.0
4534,27,4,0.0
4535,100,2,0.05
4535,1,3,0.05
4535,24,1,0.0
4535,81,1,0.2
4536,77,2,0.0
4537,31,3,0.0
4537,57,3,0.0
4537,88,2,0.15
4537,6,5,0.0
4538,87,2,0.0
4538,49,3,0.05
4539,16,4,0.0
4539,80,1,0.0
4540,81,4,0.1
4540,29,1,0.2
4541,11,2,0.15
4542,26,1,0.0
4543,11,2,0.0
4543,5,5,0.2
4544,21,5,0.1
4545,50,3,0.05
4546,94,4,0.05
4546,14,2,0.0
4546,68,3,0.05
4547,46,2,0.0
4547,60,3,0.0
4548,94,2,0.1
4548,42,3,0.15
4548,10,3,0.3
4548,27,1,0.2
4549,38,2,0.0
4549,84,1,0.3
4549,21,5,0.15
4550,94,1,0.05
4550,86,3,0.15
4550,69,2,0.0
4551,93,1,0.1
4551,4,3,0.1
4552,7,3,0.0
4552,62,5,0.15
4552,9116,2,0.3
4552,77,5,0.3
4552,5,2,0.0
4553,47,1,0.2
4553,2,4,0.15
4554,87,1,0.1
4554,12,2,0.0
4555,57,2,0.0
4556,54,5,0.0
4556,29,3,0.0
4556,92,3,0.0
4557,83,1,0.3
4558,33,4,0.0
4558,53,5,0.05
4559,90,1,0.15
4559,2,5,0.3
4559,27,2,0.15
4560,30,2,0.3
4560,17,1,0.1
4560,89,1,0.0
4560,20,1,0.0
4561,52,5,0.15
4561,25,5,0.15
4562,74,4,0.0
4562,72,5,0.0
4563,18,2,0.2
4563,8,4,0.1
4563,30,2,0.0
4564,47,2,0.15
4564,20,2,0.15
4564,59,1,0.0
4565,17,5,0.0
4565,32,2,0.0
4565,8,3,30.0
4566,77,4,0.15
4566,11,3,0.05
4566,84,1,0.0
4567,52,5,0.05
4567,76,5,0.1
4567,91,3,19.0
4567,22,1,0.3
4568,53,2,0.3
4568,11,2,0.0
4568,29,3,0.0
4568,90,3,0.05
4569,21,3,0.3
4569,33,5,25.0
4569,52,2,0.0
4570,85,2,0.1
4570,55,3,0.05
4570,50,2,0.2
4571,31,4,0.15
4571,26,1,0.05
4571,93,3,0.0
4571,91,4,0.3
4572,9880,3,0.0
4572,30,4,0.05
4572,53,2,0.0
4573,47,4,0.2
4573,83,4,0.05
4573,37,4,0.1
4573,69,4,0.3
4574,26,2,0.0
4574,73,4,0.1
4574,99,0,0.1
4574,46,2,0.05
4575,97,3,0.15
4575,12,5,0.3
4575,89,2,0.05
4575,79,2,0.2
4576,80,2,0.0
4576,22,1,0.1
4576,64,2,0.1
4577,56,5,0.15
4577,91,2,0.1
4577,44,3,0.3
4577,91,5,0.0
4577,97,1,0.2
4578,46,5,0.1
4578,43,2,0.2
4578,6,1,0.05
4579,91,5,0.0
4580,32,2,0.0
4580,80,3,0.3
4580,21,2,0.15
4580,62,5,0.05
4581,88,4,0.3
4581,26,2,0.2
4581,43,3,0.1
4582,13,2,0.2
4582,98,2,0.3
4582,9,3,0.2
4582,56,5,0.1
4583,78,3,0.1
4583,8,2,0.0
4583,73,4,0.3
4584,99,2,0.0
4584,55,2,0.0
4585,46,3,0.1
4585,69,-2,0.0
4585,28,3,5.0
4586,23,3,0.1
4586,90,3,0.2
4587,89,4,0.0
4588,42,2,0.3
4588,34,1,0.05
4588,21,2,0.15
4589,16,1,0.0
4589,100,2,0.2
4589,60,3,0.3
4589,73,5,0.2
4590,79,3,0.3
4590,44,3,0.0
4590,19,1,0.2
4590,12,4,0.0
4591,85,3,0.3
4591,28,3,0.05
4592,86,1,0.05
4592,12,3,0.05
4593,72,3,0.2
4593,48,2,0.15
4593,8,2,0.1
4593,11,4,0.0
4594,79,3,0.15
4594,9,2,0.05
4594,31,4,38.0
4595,22,5,9.0
4595,24,4,0.0
4595,90,2,0.0
4596,64,5,0.3
4596,18,4,0.0
4596,67,2,0.15
4596,82,2,0.15
4596,26,4,0.05
4597,74,3,0.0
4597,38,3,0.0
4597,18,3,0.3
4597,28,1,0.3
4597,78,1,0.0
4598,62,3,0.0
4598,62,2,39.0
4598,79,3,0.05
4598,35,5,0.2
4598,80,1,0.0
4599,87,1,0.1
4599,47,4,0.2
4600,83,1,0.0
4600,92,1,0.0
4600,57,5,0.3
4600,80,3,0.0
4601,87,5,0.3
4601,18,2,0.0
4601,72,3,0.0
4601,7,4,0.0
4602,80,1,0.05
4602,6,1,0.05
4602,64,2,0.05
4603,32,1,0.0
4603,14,1,0.3
4604,74,2,0.15
4604,56,4,0.15
4605,75,4,0.0
4605,59,3,0.0
4605,30,4,0.0
4606,61,5,0.0
4606,11,1,0.05
4606,16,1,0.1
4606,57,4,0.0
4607,14,1,0.3
4608,78,5,0.2
4608,71,4,0.0
4609,85,5,0.0
4609,8,5,0.0
4609,36,5,0.0
4610,47,4,0.2
4610,10,3,0.1
4610,19,2,0.2
4611,13,3,0.0
4611,14,4,0.3
4611,15,5,0.0
4611,50,4,0.1
4612,51,3,22.0
4612,17,5,0.05
4613,80,3,0.0
4613,98,3,0.3
4613,92,1,0.2
4613,9637,1,0.3
4614,83,1,0.0
4614,2,4,0.3
4614,43,5,0.1
4615,64,4,0.3
4615,13,3,0.2
4615,57,1,0.15
4616,66,3,0.15
4617,13,3,0.2
4618,51,1,0.0
4618,38,3,0.0
4619,77,1,0.0
4619,72,3,0.05
4620,47,4,0.0
4620,48,4,0.0
4620,34,4,0.0
4620,80,4,0.15
4620,76,2,0.15
4621,81,4,0.2
4621,16,2,0.05
4622,87,1,0.3
4622,52,1,1.78
4622,52,1,0.15
4622,4,3,0.0
4623,72,2,0.05
4623,77,3,0.2
4624,76,5,0.0
4624,76,4,0.1
4624,38,3,0.3
4624,92,4,0.15
4624,23,5,10.0
4624,26,2,0.0
4625,34,5,0.3
4626,18,3,0.0
4626,96,4,0.1
4626,10,2,0.0
4626,77,3,0.0
4627,14,5,0.2
4627,58,4,0.0
4627,1,4,0.0
4627,83,5,0.05
4628,67,5,0.05
4628,61,3,0.2
4628,66,4,0.1
4629,17,3,0.0
4630,88,5,0.05
4631,48,5,0.0
4631,66,3,0.1
4631,28,1,0.1
4632,33,5,0.05
4632,92,3,0.1
4633,24,4,0.0
4633,74,1,0.15
4633,9,1,0.0
4633,11,5,0.3
4634,44,1,0.0
4634,8,4,0.1
4634,46,5,0.15
4635,98,2,0.1
4635,62,4,0.0
4636,2,1,0.05
4636,32,-1,0.2
4636,38,1,0.0
4636,39,2,0.0
4637,59,2,0.15
4637,17,2,0.1
4638,52,3,0.15
4638,29,1,0.05
4639,17,4,0.15
4639,86,5,0.1
4640,50,1,0.2
4640,61,4,0.3
4640,14,1,0.15
4641,82,2,0.15
4641,65,2,0.0
4641,9,4,0.05
4641,23,1,0.0
4642,99,3,0.15
4642,35,5,0.3
4642,38,4,0.0
4643,42,2,0.0
4643,58,2,0.1
4643,37,1,0.0
4643,53,3,0.0
4643,80,2,0.05
4644,43,5,0.15
4644,51,4,0.0
4644,15,1,0.1
4644,85,4,0.1
4645,31,2,0.1
4645,32,2,0.0
4646,35,4,0.15
4646,88,2,0.0
4646,35,1,0.0
4647,89,3,0.05
4647,45,5,0.0
4647,58,4,0.0
4648,93,2,0.3
4648,37,2,0.05
4648,87,5,0.1
4649,5,3,0.0
4649,88,2,0.0
4649,99,5,0.1
4650,64,5,0.0
4651,39,1,0.15
4652,55,4,0.05
4652,96,5,0.05
4652,30,3,0.05
4653,9846,3,0.0
4653,34,1,0.0
4653,40,3,0.2
4654,18,1,0.0
4654,20,2,0.0
4654,68,4,0.05
4654,79,3,0.05
4655,75,5,0.05
4655,74,1,0.0
4655,86,3,0.2
4656,73,4,0.05
4656,91,1,0.05
4657,32,4,0.1
4657,32,3,0.15
4657,46,2,0.0
4657,96,1,0.2
4658,34,5,0.0
4658,11,5,0.0
4658,33,5,0.0
4658,58,3,0.05
4658,2,2,0.15
4659,49,4,0.15
4659,66,1,0.15
4660,19,4,0.05
4660,26,1,0.3
4661,39,1,0.3
4661,49,4,0.2
4662,74,5,0.05
4662,5,5,0.1
4663,97,3,0.0
4663,39,2,0.2
4663,97,4,0.0
4664,40,2,0.0
4665,52,5,0.2
4665,74,2,0.15
4666,83,3,0.1
4666,51,1,0.15
4666,11,5,0.0
4667,78,2,9.0
4667,77,1,0.15
4668,7,4,0.15
4669,45,5,0.15
4669,54,4,0.1
4669,9,3,0.0
4670,87,2,0.0
4670,57,4,13.0
4670,81,5,0.0
4670,40,1,0.15
4671,28,5,0.0
4671,64,5,0.2
4671,58,2,0.3
4672,60,3,0.3
4672,29,3,0.15
4672,60,3,0.0
4672,9235,2,0.0
4673,45,2,0.0
4674,69,3,30.0
4674,85,1,0.1
4675,1,4,0.0
4675,51,1,0.0
4675,91,4,0.2
4676,71,1,0.0
4677,56,5,0.0
4677,91,5,0.2
4677,27,2,0.0
4677,53,2,0.1
4678,16,2,0.3
4678,46,1,0.2
4678,86,2,0.0
4678,68,1,0.0
4679,80,5,10.0
4679,95,2,0.0
4680,50,1,0.3
4680,52,3,0.05
4680,99,3,0.3
4681,96,2,0.3
4681,46,4,0.0
4681,81,3,0.2
4682,31,3,0.15
4682,54,5,0.3
4682,26,4,0.05
4683,53,5,0.0
4683,2,4,0.15
4684,53,3,0.05
4684,2,1,0.15
4684,80,1,0.0
4684,7,2,0.15
4685,15,5,0.1
4685,58,5,0.0
4686,29,3,0.2
4686,3,5,0.3
4686,35,3,0.15
4687,32,2,0.0
4687,98,5,0.0
4687,37,5,10.0
4687,38,4,0.0
4688,55,4,0.0
4688,82,4,35.0
4688,55,2,0.0
4689,95,2,0.0
4689,59,4,0.0
4689,97,3,0.3
4689,9367,2,0.2
4690,43,5,0.0
4690,81,3,0.1
4691,99,1,0.2
4691,45,5,0.0
4691,81,4,0.2
4691,82,4,0.0
4691,50,2,0.0
4692,40,3,0.05
4692,75,2,11.0
4692,50,5,0.0
4693,26,2,0.15
4693,65,3,0.2
4693,83,3,0.1
4693,50,2,0.0
4693,19,4,0.05
4694,27,5,0.0
4694,46,2,0.15
4694,72,3,0.0
4695,27,1,0.3
4696,69,1,0.05
4696,14,2,0.05
4696,7,4,0.15
4697,80,5,0.0
4697,2,4,0.15
4698,37,1,0.0
4698,86,3,0.1
4698,15,3,0.0
4698,76,3,0.0
4699,47,5,0.1
4699,92,4,0.0
4699,17,3,0.0
4700,34,4,0.15
4700,47,1,0.2
4700,19,3,0.0
4700,25,2,0.15
4701,9,3,0.05
4701,49,1,0.15
4701,70,5,0.0
4701,12,5,0.0
4702,48,2,0.0
4702,64,1,0.15
4702,99,4,0.3
4703,12,2,0.2
4703,89,5,0.2
4703,1,4,0.0
4703,84,4,0.0
4704,87,4,0.2
4704,60,1,0.05
4704,52,4,0.0
4704,25,2,0.0
4705,45,5,0.0
4705,4,3,0.2
4705,8,2,0.1
4705,38,4,0.0
4706,21,4,0.15
4706,1,-1,0.0
4706,6,3,0.0
4707,90,3,0.0
4707,1,5,0.15
4707,44,5,0.0
4708,55,5,0.0
4708,13,3,0.05
4709,68,2,0.15
4709,96,3,0.05
4709,11,4,0.0
4710,22,3,0.3
4710,14,3,0.0
4710,44,1,0.0
4710,51,2,0.15
4711,25,4,0.15
4711,55,5,0.15
4711,65,1,0.2
4712,5,1,0.0
4712,5,3,0.15
4712,55,3,0.0
4713,46,1,0.3
4713,77,2,0.0
4713,49,4,0.0
4714,89,4,0.1
4715,28,1,0.15
4715,70,3,0.3
4715,85,2,0.0
4716,65,4,0.0
4716,85,3,0.15
4717,30,5,0.0
4717,66,1,0.0
4717,79,4,0.3
4717,33,4,0.3
4718,9,5,0.2
4718,46,1,0.0
4718,7,3,0.1
4718,65,3,0.15
4718,88,4,0.3
4719,20,4,0.15
4719,58,4,0.0
4719,37,4,0.3
4720,90,2,0.2
4720,38,3,0.3
4720,9486,-2,0.0
4721,73,-1,0.3
4721,80,4,0.0
4722,98,5,0.0
4722,3,2,0.05
4723,85,1,0.15
4723,28,2,2.3
4723,92,2,0.3
4723,72,5,0.2
4723,40,1,0.0
4724,66,4,0.05
4724,92,2,0.0
4725,30,5,30.0
4725,80,3,0.1
4725,87,3,0.0
4726,28,1,0.0
4726,94,3,0.0
4726,77,5,0.0
4726,73,4,0.1
4726,15,4,0.0
4727,37,3,0.2
4727,7,1,0.0
4727,69,3,0.15
4728,27,2,0.1
4728,88,4,0.1
4728,19,2,0.1
4729,17,1,0.05
4729,83,5,0.0
4729,83,2,0.0
4730,78,3,0.0
4730,62,3,0.15
4730,41,-1,0.15
4731,63,4,0.1
4731,25,5,0.0
4731,96,3,0.3
4731,44,3,0.0
4731,95,3,0.05
4732,35,2,0.2
4732,90,3,0.15
4732,17,3,0.1
4732,2,5,0.0
4733,85,5,0.2
4734,66,1,0.15
4734,29,2,0.0
4734,56,3,0.2
4734,38,3,0.1
4734,8,3,0.15
4735,18,3,0.0
4735,32,5,0.0
4735,49,1,0.0
4735,78,1,0.0
4736,61,2,0.1
4736,8,3,0.2
4736,80,2,0.1
4737,35,5,0.1
4737,91,5,0.2
4737,56,1,0.05
4737,15,4,0.05
4737,11,5,0.0
4738,99,4,0.0
4738,48,5,0.2
4738,11,3,2.86
4739,74,1,0.0
4739,40,1,0.0
4739,41,4,0.1
4739,98,2,0.1
4739,9,3,26.0
4740,54,3,0.2
4740,14,1,0.0
4740,56,3,0.3
4741,6,5,22.0
4741,57,4,0.2
4741,12,4,0.05
4742,96,3,0.1
4742,78,4,0.1
4743,18,1,0.0
4743,16,2,0.1
4744,77,4,0.3
4744,93,3,0.0
4744,41,3,0.0
4745,53,5,0.0
4745,61,4,0.15
4745,69,5,0.3
4746,70,2,0.3
4746,16,1,0.0
4746,15,4,0.05
4747,2,2,0.05
4747,84,5,0.0
4747,35,4,0.0
4747,38,1,0.15
4747,56,1,0.3
4748,47,2,2.59
4748,58,3,0.0
4748,25,3,0.05
4748,51,-2,0.3
4749,91,4,0.15
4750,2,2,0.1
4750,21,2,16.0
4750,7,1,0.05
4750,35,2,0.1
4751,59,3,0.1
4751,53,4,0.15
4751,16,3,0.1
4752,71,2,0.0
4752,80,2,0.1
4752,47,2,0.0
4752,36,5,0.05
4753,88,1,0.3
4753,100,1,0.0
4753,60,4,0.3
4754,64,5,0.0
4754,6,1,0.0
4755,7,2,0.1
4755,90,5,0.1
4756,6,3,0.0
4756,96,3,0.0
4756,9,3,0.1
4757,33,2,0.0
4757,94,1,0.0
4757,96,4,0.0
4757,55,3,0.0
4758,13,5,0.05
4758,31,1,0.15
4758,76,2,0.15
4759,72,3,0.3
4759,38,3,0.15
4759,33,3,0.0
4760,30,2,0.0
4760,78,2,0.0
4760,32,3,0.3
4761,2,1,0.15
4761,27,5,0.0
4761,8,3,0.0
4761,7,1,0.05
4762,75,1,0.0
4762,15,5,0.15
4762,40,2,0.0
4763,53,3,0.3
4763,19,4,0.0
4764,14,4,0.1
4764,24,3,0.3
4764,99,1,0.15
4764,78,4,0.3
4764,25,2,0.15
4765,29,3,0.0
4765,10,5,0.0
4765,14,2,0.0
4766,27,1,0.0
4766,77,4,1.96
4767,90,1,0.3
4767,22,2,0.0
4768,33,2,0.15
4768,28,1,0.2
4769,57,4,0.05
4769,68,5,0.2
4770,72,1,0.0
4770,92,5,0.15
4770,30,2,0.1
4770,37,2,0.1
4771,21,4,0.0
4772,47,3,0.1
4772,98,2,0.15
4772,47,2,0.0
4772,94,2,0.0
4773,15,3,0.2
4773,48,4,0.3
4773,1,4,0.0
4774,43,3,0.0
4774,77,2,0.0
4775,78,4,6.0
4775,42,2,0.0
4775,51,5,0.3
4776,34,3,0.0
4776,32,4,0.15
4776,62,5,0.1
4776,10,4,0.05
4777,11,1,0.2
4778,38,2,0.0
4778,49,4,0.15
4778,85,5,0.0
4778,27,3,39.0
4779,57,2,0.3
4779,40,2,0.0
4779,6,3,0.0
4779,29,4,0.2
4780,78,5,0.05
4780,87,1,0.1
4780,38,4,0.05
4780,92,3,0.2
4781,73,4,0.1
4781,84,4,0.0
4781,16,5,12.0
4782,55,1,0.15
4782,60,1,0.05
4782,54,3,39.0
4783,10,5,0.0
4783,88,3,2.42
4783,78,1,0.1
4783,70,2,0.0
4784,65,5,0.1
4784,75,3,0.05
4784,33,2,0.2
4784,43,2,0.1
4784,28,5,0.15
4785,48,3,0.0
4785,70,5,0.15
4785,16,4,0.0
4786,73,4,0.0
4787,84,4,0.2
4787,9,2,0.0
4788,24,1,0.15
4788,83,2,0.2
4789,38,4,0.15
4789,85,2,0.2
4789,65,1,0.2
4789,54,2,0.05
4790,26,4,0.0
4790,9,1,0.0
4790,46,2,0.0
4791,8,2,0.0
4791,43,2,0.0
4792,100,1,0.0
4792,43,2,0.15
4792,73,1,0.2
4793,13,4,0.05
4794,3,2,31.0
4794,17,3,0.2
4794,81,1,0.2
4795,86,5,0.0
4795,35,2,0.05
4795,60,5,0.3
4795,2,5,0.0
4796,87,1,0.1
4796,81,2,0.1
4796,44,1,0.0
4796,94,3,0.2
4797,80,4,0.0
4797,98,3,0.2
4798,69,1,0.05
4798,46,5,0.2
4798,57,2,0.1
4798,100,1,0.0
4799,24,3,0.2
4799,82,5,0.3
4799,9,3,0.1
4800,85,2,0.05
4800,15,1,0.15
4800,53,1,0.1
4801,83,4,0.1
4801,93,3,0.0
4802,58,5,0.0
4802,82,5,0.2
4802,30,1,15.0
4802,62,2,0.3
4802,85,5,0.05
4803,67,2,0.3
4803,73,3,0.0
4803,90,3,0.3
4803,96,1,0.05
4804,70,5,0.0
4804,5,4,0.2
4804,63,2,0.0
4804,45,3,0.0
4804,66,1,0.3
4804,84,5,0.2
4805,15,2,0.0
4805,4,4,0.15
4805,59,2,0.1
4806,73,4,0.15
4806,9659,5,0.0
4806,90,5,0.0
4806,32,4,0.05
4807,28,3,0.0
4807,10,4,13.0
4807,92,1,0.2
4807,67,3,0.0
4808,58,4,0.1
4808,25,3,0.1
4808,72,1,0.0
4809,31,2,0.15
4809,1,5,0.3
4809,5,4,0.3
4810,52,1,0.05
4811,80,1,0.05
4811,8,1,0.0
4811,37,4,0.1
4811,44,2,0.0
4811,3,4,0.2
4812,74,4,0.05
4812,20,2,0.3
4813,80,4,0.2
4813,56,4,0.0
4814,55,1,0.0
4815,11,4,0.05
4815,10,4,0.0
4815,95,4,0.3
4816,24,5,0.15
4816,22,5,0.0
4816,75,2,0.15
4816,100,4,0.2
4817,33,1,0.05
4817,72,2,0.0
4817,80,4,0.2
4818,55,2,0.2
4818,37,1,0.05
4818,47,2,0.2
4818,89,5,0.15
4819,22,3,0.2
4819,56,3,0.0
4819,87,4,0.0
4820,22,3,0.15
4820,12,1,0.0
4820,9,5,0.15
4821,6,2,0.15
4821,4,3,0.0
4822,26,3,0.3
4823,36,2,0.0
4823,51,4,0.15
4824,82,4,0.05
4824,91,5,0.0
4824,95,3,0.0
4825,63,3,0.05
4825,48,1,0.0
4825,7,5,0.3
4826,36,2,0.3
4826,2,4,0.0
4826,15,4,0.0
4826,69,4,0.0
4826,31,1,0.3
4827,70,2,0.1
4827,50,2,0.2
4827,42,5,33.0
4828,89,1,0.1
4828,57,5,0.3
4828,71,1,0.0
4829,99,4,0.3
4829,46,4,0.0
4829,53,1,0.15
4829,72,1,0.0
4830,87,3,2.66
4830,3,5,0.0
4830,77,2,0.0
4830,85,2,0.3
4831,74,2,0.0
4831,9,4,0.2
4832,88,2,0.05
4832,67,2,0.0
4832,22,3,0.0
4833,33,4,0.0
4833,9,3,0.1
4834,76,4,0.3
4834,24,1,0.15
4834,56,5,0.0
4834,69,1,0.0
4835,73,3,30.0
4835,30,5,0.0
4835,41,5,0.0
4836,58,2,0.15
4836,13,3,0.05
4836,45,5,0.15
4836,71,3,0.3
4837,70,2,0.1
4837,11,5,0.0
4837,12,1,0.3
4838,21,1,0.15
4838,71,4,2.72
4838,2,4,0.3
4838,22,5,0.0
4839,14,2,0.3
4839,32,5,0.0
4840,52,4,0.0
4840,39,1,0.0
4840,84,5,23.0
4840,60,2,0.0
4840,9948,2,0.1
4841,69,4,0.1
4841,4,4,0.1
4842,56,1,0.0
4842,38,1,0.1
4843,92,5,0.3
4843,58,2,0.1
4844,47,2,0.05
4844,63,3,0.0
4844,5,2,0.05
4844,29,1,0.1
4844,51,5,0.2
4845,82,1,0.0
4846,72,3,0.05
4846,28,2,0.0
4846,40,5,0.0
4847,58,3,0.0
4847,55,4,0.1
4847,9,3,0.15
4847,9,4,0.1
4847,23,4,0.15
4848,62,5,0.0
4848,24,1,0.1
4848,40,4,0.0
4849,49,3,0.2
4849,68,3,0.05
4849,93,4,0.0
4849,13,2,0.0
4850,12,4,0.0
4850,31,5,0.3
4850,72,1,0.0
4850,56,1,0.2
4851,16,5,0.0
4851,7,2,0.1
4852,65,3,0.0
4852,90,4,0.2
4852,89,1,0.3
4852,38,5,0.05
4853,54,1,0.0
4853,80,5,0.1
4853,7,1,0.0
4853,2,4,0.0
4854,22,1,14.0
4854,82,4,0.3
4855,52,2,0.1
4855,24,3,0.15
4856,68,3,0.05
4856,65,3,0.0
4856,24,5,0.2
4856,59,2,0.0
4857,37,4,0.1
4857,37,1,0.05
4857,41,4,0.05
4857,12,4,0.0
4858,31,3,0.0
4858,85,4,0.1
4859,80,1,0.1
4859,40,2,0.0
4859,66,4,0.1
4860,90,2,0.1
4860,61,2,0.3
4860,1,3,0.2
4860,18,5,0.2
4861,84,2,0.15
4862,17,2,0.1
4862,96,5,0.05
4862,73,4,0.3
4862,74,5,0.0
4863,82,3,0.1
4863,53,3,0.2
4863,82,4,0.0
4863,24,2,0.3
4864,93,4,0.15
4864,44,1,0.3
4864,54,1,0.0
4864,42,5,0.0
4865,38,2,0.0
4866,61,2,0.0
4866,85,4,0.0
4866,4,2,0.3
4867,73,5,0.3
4867,36,3,0.15
4867,85,3,0.0
4868,64,1,0.2
4868,85,3,0.2
4868,84,2,0.0
4868,75,3,0.2
4869,45,2,0.0
4869,55,3,0.2
4870,17,1,0.0
4870,85,4,0.15
4870,42,4,0.0
4871,79,5,0.3
4871,43,5,0.2
4871,76,1,0.2
4872,62,-2,0.0
4872,31,3,0.0
4872,59,3,0.15
4873,65,5,15.0
4873,61,5,22.0
4874,83,3,0.3
4874,1,5,0.15
4874,67,4,0.1
4875,45,3,0.15
4875,50,4,0.2
4876,10,5,0.0
4876,14,4,0.0
4877,61,2,0.1
4877,17,2,0.0
4878,69,2,0.0
4878,51,3,0.15
4878,52,2,0.0
4879,70,4,0.0
4879,45,1,0.05
4879,2,2,0.1
4879,55,1,0.1
4880,1,2,0.2
4880,7,-1,0.05
4880,31,4,0.1
4880,92,1,0.2
4881,48,5,0.3
4881,75,4,0.3
4881,98,5,0.2
4881,81,5,0.0
4881,19,5,0.05
4882,45,4,0.05
4882,47,5,0.15
4883,6,1,0.2
4883,43,5,0.0
4883,71,1,0.3
4884,9465,3,0.2
4884,72,3,0.15
4884,53,5,0.0
4885,67,2,0.05
4885,40,1,0.3
4886,93,5,0.0
4886,55,4,0.3
4886,20,4,0.2
4887,44,1,0.3
4887,92,5,0.0
4887,12,1,0.2
4888,10,2,0.3
4889,14,3,0.2
4889,15,4,0.0
4889,2,1,0.15
4889,95,2,0.0
4890,33,2,0.3
4890,85,1,0.2
4890,9,2,0.15
4890,66,4,0.3
4891,3,3,0.2
4891,18,4,0.3
4892,91,2,0.3
4892,79,1,0.15
4893,68,4,0.0
4893,72,5,0.3
4893,2,1,0.0
4893,82,2,0.05
4894,40,1,0.0
4894,47,2,0.15
4894,62,3,0.2
4894,51,2,0.0
4894,57,1,0.0
4895,73,5,0.0
4895,14,5,0.3
4895,37,1,0.1
4895,19,4,0.0
4895,98,5,0.0
4896,27,3,0.15
4897,36,4,0.0
4897,95,4,0.2
4897,2,4,0.0
4897,2,3,0.2
4897,55,2,0.2
4898,27,4,29.0
4898,21,3,0.0
4898,11,5,0.0
4898,30,1,0.0
4899,74,1,0.15
4899,65,5,0.1
4899,36,1,33.0
4899,33,4,0.05
4900,36,-1,0.0
4900,19,5,0.2
4900,94,5,0.2
4900,81,4,0.15
4901,78,5,1.98
4901,4,1,0.05
4902,27,5,0.2
4902,69,2,0.0
4903,88,5,0.15
4903,69,3,0.1
4903,96,5,0.0
4903,69,3,0.0
4904,40,2,0.3
4904,24,5,0.0
4905,31,3,28.0
4905,38,3,0.0
4905,3,2,0.15
4905,44,3,0.05
4905,92,3,0.0
4906,52,1,0.0
4906,89,3,0.0
4906,89,5,0.05
4907,54,5,0.3
4907,42,1,0.0
4907,31,3,0.0
4907,61,4,0.0
4908,17,1,0.3
4908,77,3,0.0
4908,44,3,0.05
4909,21,3,0.2
4910,60,3,0.2
4911,33,5,0.05
4911,82,3,0.1
4911,71,3,0.15
4912,32,4,0.15
4912,14,5,0.0
4912,61,5,0.05
4913,73,3,0.05
4913,21,1,0.0
4913,78,1,0.0
4913,39,1,0.15
4914,37,3,0.0
4914,97,1,0.0
4914,57,5,0.15
4914,70,4,0.0
4915,96,4,0.0
4915,82,1,0.15
4915,23,5,0.05
4916,56,1,0.0
4916,12,1,0.3
4916,51,4,0.05
4917,60,1,0.15
4917,83,3,0.0
4917,97,5,0.2
4917,62,1,0.05
4918,75,4,0.0
4919,71,4,0.0
4919,33,1,0.2
4919,84,4,0.0
4920,38,1,0.0
4921,68,3,0.0
4921,15,1,0.0
4922,74,2,0.15
4922,22,3,0.1
4922,87,4,0.0
4923,23,3,0.3
4923,20,5,0.15
4923,9,4,0.0
4923,63,4,0.1
4924,53,4,0.3
4925,8,5,0.2
4925,91,3,0.1
4925,34,3,0.05
4925,56,3,0.0
4926,77,5,0.0
4926,42,5,0.1
4927,9,4,8.0
4927,59,5,0.0
4927,1,4,0.3
4927,8,1,0.05
4928,46,5,0.0
4928,96,1,0.1
4928,73,3,0.15
4928,42,3,0.1
4929,75,5,0.2
4930,91,3,0.0
4930,56,3,34.0
4930,69,2,0.0
4931,25,1,0.15
4931,19,4,0.0
4931,58,2,0.2
4932,46,2,0.05
4932,50,5,0.2
4932,19,1,0.05
4933,89,4,0.05
4933,11,1,0.0
4933,37,3,0.0
4934,45,3,0.0
4934,38,1,0.2
4935,57,5,5.0
4935,68,5,0.1
4935,32,2,0.15
4935,84,1,0.0
4936,21,5,0.15
4936,45,3,0.0
4937,79,2,0.15
4937,2,3,0.0
4937,70,4,0.0
4937,63,1,0.2
4938,46,4,0.0
4938,9,2,0.1
4938,9086,3,0.0
4938,1,1,0.2
4939,51,3,0.1
4939,98,4,0.0
4939,68,4,0.0
4939,26,5,0.2
4940,68,1,0.0
4940,90,3,0.2
4941,77,4,30.0
4941,24,1,0.1
4941,14,3,0.1
4942,34,5,0.2
4943,9,5,0.0
4943,28,5,0.0
4943,19,3,0.3
4944,37,2,0.0
4944,72,1,0.15
4944,97,1,0.15
4945,64,1,0.2
4945,18,2,0.15
4945,15,3,17.0
4945,95,3,0.2
4946,50,1,0.0
4946,83,2,0.0
4946,29,3,0.3
4946,10,2,0.2
4947,90,1,0.2
4947,23,2,0.2
4947,17,4,0.0
4948,88,4,0.1
4949,90,3,0.0
4950,85,1,0.05
4950,51,2,0.05
4950,75,5,0.1
4951,79,4,0.0
4952,88,3,0.15
4952,28,4,0.0
4952,70,2,0.1
4953,74,4,0.2
4953,33,4,0.15
4953,99,1,0.3
4954,8,3,0.05
4954,52,5,0.0
4955,22,1,0.15
4956,76,2,0.05
4956,81,5,0.05
4956,39,5,0.0
4956,19,2,0.0
4956,43,2,0.1
4957,82,5,0.1
4957,17,3,0.2
4957,66,3,0.0
4958,78,3,0.0
4958,99,1,0.05
4958,8,3,0.1
4959,39,5,0.1
4959,28,4,0.0
4959,27,4,0.05
4959,15,5,0.3
4960,66,5,0.1
4960,81,4,0.1
4960,48,2,0.0
4960,83,4,0.0
4961,80,3,0.0
4961,9919,3,0.0
4961,46,3,0.0
4962,4,3,0.3
4962,25,1,0.05
4962,49,5,0.1
4963,83,3,0.05
4963,63,1,0.2
4963,48,1,0.3
4963,63,3,0.05
4964,22,4,0.0
4965,51,1,0.15
4965,30,3,0.15
4965,11,5,0.0
4965,23,4,0.0
4966,23,5,15.0
4966,60,5,0.0
4966,68,2,0.2
4966,7,4,0.05
4966,38,3,0.0
4967,7,2,0.05
4967,20,2,0.1
4968,35,3,0.1
4968,14,2,0.1
4968,73,4,0.2
4969,71,1,0.05
4969,21,3,0.3
4970,40,2,0.0
4970,52,5,0.2
4971,75,4,0.0
4971,13,5,0.0
4972,49,1,0.0
4972,34,1,0.0
4972,38,2,0.1
4972,37,5,0.0
4972,54,4,0.0
4973,58,4,0.0
4973,16,3,0.2
4973,45,1,0.0
4974,65,5,0.0
4974,27,5,0.2
4974,87,5,0.0
4975,47,5,0.0
4975,65,3,0.15
4975,14,1,0.2
4975,27,5,0.0
4976,24,1,0.15
4976,69,5,0.0
4977,41,5,0.3
4977,15,3,0.0
4977,86,1,0.0
4977,3,3,0.0
4978,61,5,0.0
4978,49,5,0.1
4978,92,5,0.0
4979,24,3,31.0
4979,4,5,0.1
4979,65,4,0.0
4980,96,1,0.0
4980,51,1,0.15
4980,21,2,0.0
4980,8,4,0.3
4981,35,4,0.1
4981,9397,1,0.0
4982,73,3,0.1
4982,72,0,0.0
4982,66,4,0.05
4982,94,4,0.0
4982,3,4,0.3
4983,7,1,0.0
4983,45,4,0.1
4983,91,5,0.05
4984,39,4,0.2
4984,28,3,0.1
4985,39,4,0.0
4985,87,5,0.0
4985,14,4,0.05
4986,71,5,0.0
4987,7,1,0.15
4987,2,2,0.0
4988,35,5,0.3
4988,79,5,0.05
4989,5,3,0.3
4989,24,1,0.3
4989,100,4,0.2
4990,82,5,0.15
4991,12,5,0.3
4991,49,5,0.1
4992,68,5,0.15
4992,5,5,0.0
4993,52,2,0.15
4993,100,5,0.1
4993,7,2,0.3
4994,17,4,36.0
4994,49,5,0.0
4994,25,3,0.3
4994,11,4,0.2
4995,86,2,0.0
4995,69,4,0.3
4996,56,5,0.1
4996,83,3,0.15
4996,18,5,0.0
4997,91,5,0.2
4997,51,5,0.3
4997,11,3,0.3
4998,54,5,0.05
4998,19,4,0.0
4998,90,5,0.0
4998,4,1,0.0
4999,43,2,0.1
5000,97,4,0.15
5000,83,5,0.0
